timestamp,energy,reconstruction_error,anomaly,split
2014-12-08 23:00:00,1.0,0.009809914613392038,0,train
2014-12-09 00:00:00,1.10000002,0.00983896654971086,0,train
2014-12-09 01:00:00,1.10000002,0.010079750239579062,0,train
2014-12-09 02:00:00,1.60000002,0.010343676102354782,0,train
2014-12-09 03:00:00,1.80000001,0.010322551373184495,0,train
2014-12-09 04:00:00,1.99999998,0.010170431319907159,0,train
2014-12-09 05:00:00,1.69999999,0.010048632382762539,0,train
2014-12-09 06:00:00,2.1,0.00994297556021906,0,train
2014-12-09 07:00:00,2.1,0.010108751007082717,0,train
2014-12-09 08:00:00,3.5999999,0.010894846117317137,0,train
2014-12-09 09:00:00,8.5999999,0.012244664757640541,0,train
2014-12-09 10:00:00,11.5,0.013869424209059232,0,train
2014-12-09 11:00:00,8.1475,0.013190830056135661,0,train
2014-12-09 12:00:00,9.2425,0.010347432281289152,0,train
2014-12-09 13:00:00,3.5,0.009150566539894524,0,train
2014-12-09 14:00:00,3.6,0.009472067738670462,0,train
2014-12-09 15:00:00,4.6000001,0.009285347820370106,0,train
2014-12-09 16:00:00,2.4,0.008834269655458287,0,train
2014-12-09 17:00:00,1.30000001,0.008622661088960116,0,train
2014-12-09 18:00:00,1.30000001,0.008769013769133333,0,train
2014-12-09 19:00:00,1.10000002,0.009070918181317052,0,train
2014-12-09 20:00:00,1.20000004,0.009266416579358122,0,train
2014-12-09 21:00:00,1.10000002,0.009219120419824544,0,train
2014-12-09 22:00:00,1.39999998,0.009004886094220208,0,train
2014-12-09 23:00:00,1.19999999,0.00883473555475395,0,train
2014-12-10 00:00:00,1.20000004,0.008672863006645276,0,train
2014-12-10 01:00:00,1.30000001,0.008517309032366098,0,train
2014-12-10 02:00:00,1.19999999,0.008539656494038197,0,train
2014-12-10 03:00:00,1.10000002,0.008490926793097361,0,train
2014-12-10 04:00:00,1.19999999,0.008556641281239799,0,train
2014-12-10 05:00:00,1.19999999,0.00872330916038049,0,train
2014-12-10 06:00:00,2.00000002,0.008887899920993071,0,train
2014-12-10 07:00:00,3.7999999,0.009296960896762421,0,train
2014-12-10 08:00:00,4.7,0.010114882089103742,0,train
2014-12-10 09:00:00,8.2000001,0.011321484479496144,0,train
2014-12-10 10:00:00,8.5999999,0.011516118385748696,0,train
2014-12-10 11:00:00,10.1999998,0.009721181603187941,0,train
2014-12-10 12:00:00,11.4000001,0.0077317344644972814,0,train
2014-12-10 13:00:00,3.69,0.00816479180177901,0,train
2014-12-10 14:00:00,4.1925,0.008465777676396516,0,train
2014-12-10 15:00:00,5.8000001,0.008495785561709709,0,train
2014-12-10 16:00:00,2.09999998,0.008442520385781558,0,train
2014-12-10 17:00:00,1.59999997,0.008427472127516517,0,train
2014-12-10 18:00:00,1.39999998,0.008537017355370819,0,train
2014-12-10 19:00:00,1.30000001,0.008488442974669205,0,train
2014-12-10 20:00:00,1.20000004,0.008207398409433608,0,train
2014-12-10 21:00:00,1.30000001,0.007763090649695604,0,train
2014-12-10 22:00:00,1.59999997,0.007354978715301622,0,train
2014-12-10 23:00:00,1.20000004,0.007170400336145621,0,train
2014-12-11 00:00:00,1.30000001,0.00717737353980894,0,train
2014-12-11 01:00:00,1.30000001,0.007181505221955384,0,train
2014-12-11 02:00:00,1.30000001,0.007354491249762136,0,train
2014-12-11 03:00:00,1.69999999,0.00747344852805689,0,train
2014-12-11 04:00:00,1.20000004,0.0075479930559537636,0,train
2014-12-11 05:00:00,1.30000001,0.007599188063568676,0,train
2014-12-11 06:00:00,1.40000003,0.0077105537438691245,0,train
2014-12-11 07:00:00,3.4,0.008056147135862009,0,train
2014-12-11 08:00:00,5.2000001,0.00899404224209296,0,train
2014-12-11 09:00:00,8.5999999,0.009491054674872507,0,train
2014-12-11 10:00:00,9.1999998,0.009197968763863815,0,train
2014-12-11 11:00:00,9.7999997,0.009528304095627214,0,train
2014-12-11 12:00:00,11.4000001,0.00863562494657912,0,train
2014-12-11 13:00:00,2.94,0.008656772232909076,0,train
2014-12-11 14:00:00,4.1775,0.009197638887891515,0,train
2014-12-11 15:00:00,8.3,0.009738266529784182,0,train
2014-12-11 16:00:00,2.89999998,0.009958031817905137,0,train
2014-12-11 17:00:00,1.59999997,0.009970825362567574,0,train
2014-12-11 18:00:00,1.19999999,0.010117917968900379,0,train
2014-12-11 19:00:00,1.39999998,0.010265185005297908,0,train
2014-12-11 20:00:00,1.30000001,0.010229704526662164,0,train
2014-12-11 21:00:00,1.40000003,0.010022706259806212,0,train
2014-12-11 22:00:00,1.30000001,0.009915902092327587,0,train
2014-12-11 23:00:00,1.10000002,0.010040395131420314,0,train
2014-12-12 00:00:00,1.39999998,0.010183919170486281,0,train
2014-12-12 01:00:00,1.40000003,0.009911666158894402,0,train
2014-12-12 02:00:00,1.0,0.010456013552943696,0,train
2014-12-12 03:00:00,1.30000001,0.011913709871928978,0,train
2014-12-12 04:00:00,1.19999999,0.012680181720566253,0,train
2014-12-12 05:00:00,1.40000003,0.012583751379441774,0,train
2014-12-12 06:00:00,1.30000001,0.01201374971771468,0,train
2014-12-12 07:00:00,3.5,0.01147356680516606,0,train
2014-12-12 08:00:00,4.3000001,0.011548907681045195,0,train
2014-12-12 09:00:00,8.0,0.012556550633989359,0,train
2014-12-12 10:00:00,8.1000001,0.012982268467369686,0,train
2014-12-12 11:00:00,7.6225,0.012325600639851862,0,train
2014-12-12 12:00:00,7.91,0.010302044207067863,0,train
2014-12-12 13:00:00,3.2325,0.010115863895430115,0,train
2014-12-12 14:00:00,6.55,0.011695708375962344,0,train
2014-12-12 15:00:00,5.2999999,0.011638072816260005,0,train
2014-12-12 16:00:00,1.80000002,0.01124963339126767,0,train
2014-12-12 17:00:00,1.10000002,0.011357378303342987,0,train
2014-12-12 18:00:00,1.19999999,0.0114986292459121,0,train
2014-12-12 19:00:00,1.00000003,0.01170901143928187,0,train
2014-12-12 20:00:00,1.10000002,0.012033032089979516,0,train
2014-12-12 21:00:00,1.19999999,0.012483542329120401,0,train
2014-12-12 22:00:00,1.19999999,0.013063015197824214,0,train
2014-12-12 23:00:00,0.800000019997,0.013786149238801665,0,train
2014-12-13 00:00:00,1.5,0.015373238277139826,0,train
2014-12-13 01:00:00,1.0,0.014739810206731688,0,train
2014-12-13 02:00:00,1.59999997,0.01617918144538055,0,train
2014-12-13 03:00:00,1.79999996,0.017465762872771427,0,train
2014-12-13 04:00:00,1.60000002,0.018458708550399994,0,train
2014-12-13 05:00:00,1.60000002,0.018664099427420613,0,train
2014-12-13 06:00:00,2.0,0.01790478873345611,0,train
2014-12-13 07:00:00,1.89999998,0.01678356611418142,0,train
2014-12-13 08:00:00,1.89999998,0.016172456075935274,0,train
2014-12-13 09:00:00,0.900000009999,0.014997463398119299,0,train
2014-12-13 10:00:00,1.30000001,0.0142239973546906,0,train
2014-12-13 11:00:00,1.10000002,0.012088857162197202,0,train
2014-12-13 12:00:00,0.900000009999,0.008927641276949887,0,train
2014-12-13 13:00:00,1.30000001,0.008819310121404354,0,train
2014-12-13 14:00:00,1.0,0.007688487684044856,0,train
2014-12-13 15:00:00,1.10000002,0.0069833562876160495,0,train
2014-12-13 16:00:00,1.20000004,0.007123715141949,0,train
2014-12-13 17:00:00,1.0,0.007553943621249558,0,train
2014-12-13 18:00:00,1.10000002,0.007882079651432396,0,train
2014-12-13 19:00:00,1.10000002,0.008257399826949532,0,train
2014-12-13 20:00:00,1.30000001,0.008526295242756915,0,train
2014-12-13 21:00:00,1.59999997,0.008656002479304321,0,train
2014-12-13 22:00:00,1.79999996,0.00869997076542901,0,train
2014-12-13 23:00:00,1.59999997,0.008983856258265081,0,train
2014-12-14 00:00:00,1.5,0.00941927566420273,0,train
2014-12-14 01:00:00,1.69999999,0.009304453017561578,0,train
2014-12-14 02:00:00,1.69999999,0.008794450150480915,0,train
2014-12-14 03:00:00,1.80000001,0.008182116533516541,0,train
2014-12-14 04:00:00,1.69999999,0.007597624415032485,0,train
2014-12-14 05:00:00,1.60000002,0.007161391978569347,0,train
2014-12-14 06:00:00,1.69999999,0.0069251078968962,0,train
2014-12-14 07:00:00,1.89999998,0.00688650128400925,0,train
2014-12-14 08:00:00,1.89999998,0.006908250135314959,0,train
2014-12-14 09:00:00,1.59999997,0.006558096004731891,0,train
2014-12-14 10:00:00,1.10000002,0.006132123115977644,0,train
2014-12-14 11:00:00,1.0,0.005917673096101186,0,train
2014-12-14 12:00:00,1.1,0.005808181874101111,0,train
2014-12-14 13:00:00,1.10000002,0.00648545085911519,0,train
2014-12-14 14:00:00,1.0,0.006614274107562439,0,train
2014-12-14 15:00:00,1.60000002,0.00668755511533943,0,train
2014-12-14 16:00:00,1.69999999,0.007293283825456509,0,train
2014-12-14 17:00:00,1.69999999,0.00807032043093209,0,train
2014-12-14 18:00:00,1.80000001,0.008794183691126181,0,train
2014-12-14 19:00:00,1.5,0.009276524875068906,0,train
2014-12-14 20:00:00,1.80000001,0.009635935879966466,0,train
2014-12-14 21:00:00,1.59999997,0.00979840026779671,0,train
2014-12-14 22:00:00,1.60000002,0.009936391765425373,0,train
2014-12-14 23:00:00,1.69999999,0.010408657689438898,0,train
2014-12-15 00:00:00,1.80000001,0.017370920218902637,0,train
2014-12-15 01:00:00,1.99999998,0.02488038369793579,1,train
2014-12-15 02:00:00,1.39999998,0.028282355326262464,1,train
2014-12-15 03:00:00,1.60000002,0.017883984354603047,0,train
2014-12-15 04:00:00,1.69999999,0.0128548950098958,0,train
2014-12-15 05:00:00,1.69999999,0.012456038247681484,0,train
2014-12-15 06:00:00,1.90000001,0.012548321199852832,0,train
2014-12-15 07:00:00,3.6,0.012110441742266526,0,train
2014-12-15 08:00:00,4.0000001,0.011066810179123204,0,train
2014-12-15 09:00:00,7.1000001,0.010777154728117947,0,train
2014-12-15 10:00:00,7.1999998,0.011283273032932325,0,train
2014-12-15 11:00:00,12.0,0.012968180313248933,0,train
2014-12-15 12:00:00,6.6075,0.014386708784655667,0,train
2014-12-15 13:00:00,2.9725,0.014967052512421097,0,train
2014-12-15 14:00:00,3.3425,0.0161219480967666,0,train
2014-12-15 15:00:00,6.1000002,0.01458965118262786,0,train
2014-12-15 16:00:00,2.29999999,0.013019469437999458,0,train
2014-12-15 17:00:00,1.59999997,0.012469659642759751,0,train
2014-12-15 18:00:00,1.30000001,0.012277099255159749,0,train
2014-12-15 19:00:00,1.19999999,0.012753298970297191,0,train
2014-12-15 20:00:00,1.19999999,0.013396757630489916,0,train
2014-12-15 21:00:00,1.19999999,0.012917211283017229,0,train
2014-12-15 22:00:00,1.30000001,0.011374494709024687,0,train
2014-12-15 23:00:00,1.5,0.009156083776564329,0,train
2014-12-16 00:00:00,1.39999998,0.009122599222885951,0,train
2014-12-16 01:00:00,1.69999999,0.009294608661979781,0,train
2014-12-16 02:00:00,1.79999996,0.00951503879959383,0,train
2014-12-16 03:00:00,1.79999996,0.009488449225668326,0,train
2014-12-16 04:00:00,1.80000001,0.009328541637502416,0,train
2014-12-16 05:00:00,1.79999996,0.00913568499605748,0,train
2014-12-16 06:00:00,2.0,0.009045297099935677,0,train
2014-12-16 07:00:00,4.3000001,0.009361431244930378,0,train
2014-12-16 08:00:00,4.5999999,0.010206763586464758,0,train
2014-12-16 09:00:00,8.7000001,0.011672870015332971,0,train
2014-12-16 10:00:00,6.8000002,0.013035026670483695,0,train
2014-12-16 11:00:00,11.3999996,0.011694440436792302,0,train
2014-12-16 12:00:00,12.0999999,0.008477171662500787,0,train
2014-12-16 13:00:00,3.53,0.009260675004897426,0,train
2014-12-16 14:00:00,3.595,0.009652852011031386,0,train
2014-12-16 15:00:00,6.2999999,0.009779392103706444,0,train
2014-12-16 16:00:00,1.79999999,0.009415094339456523,0,train
2014-12-16 17:00:00,1.39999998,0.00908601243501969,0,train
2014-12-16 18:00:00,1.10000002,0.009095126112895344,0,train
2014-12-16 19:00:00,1.30000001,0.009291389191564522,0,train
2014-12-16 20:00:00,1.19999999,0.009438183336753203,0,train
2014-12-16 21:00:00,1.10000002,0.009386883134372801,0,train
2014-12-16 22:00:00,1.10000002,0.009170058344931963,0,train
2014-12-16 23:00:00,1.10000002,0.0089690489850098,0,train
2014-12-17 00:00:00,1.1,0.008831584951995222,0,train
2014-12-17 01:00:00,1.30000001,0.00870945550462953,0,train
2014-12-17 02:00:00,1.0,0.0088004973000637,0,train
2014-12-17 03:00:00,1.10000002,0.008715338393051062,0,train
2014-12-17 04:00:00,1.30000001,0.008830557396518404,0,train
2014-12-17 05:00:00,1.30000001,0.009047957826316797,0,train
2014-12-17 06:00:00,1.20000002,0.009216812948983135,0,train
2014-12-17 07:00:00,3.3,0.009631462957742379,0,train
2014-12-17 08:00:00,6.0999999,0.010598885633568684,0,train
2014-12-17 09:00:00,9.5,0.011706188262276753,0,train
2014-12-17 10:00:00,6.6000001,0.011961451029544743,0,train
2014-12-17 11:00:00,5.8,0.011380783311271722,0,train
2014-12-17 12:00:00,5.3,0.010187665198165103,0,train
2014-12-17 13:00:00,5.2,0.009116243149178777,0,train
2014-12-17 14:00:00,2.3,0.009542565535453528,0,train
2014-12-17 15:00:00,2.0,0.009720018705210607,0,train
2014-12-17 16:00:00,1.39999998,0.009578919467611855,0,train
2014-12-17 17:00:00,1.30000001,0.009790280960766657,0,train
2014-12-17 18:00:00,1.10000002,0.010014321302510853,0,train
2014-12-17 19:00:00,1.30000001,0.010040001052155972,0,train
2014-12-17 20:00:00,1.10000002,0.009788215104786602,0,train
2014-12-17 21:00:00,1.1,0.009413048513509254,0,train
2014-12-17 22:00:00,1.19999999,0.00910809956617316,0,train
2014-12-17 23:00:00,1.30000001,0.009069197520909227,0,train
2014-12-18 00:00:00,1.1,0.009131509364407472,0,train
2014-12-18 01:00:00,1.20000004,0.00912186114293149,0,train
2014-12-18 02:00:00,1.10000002,0.009258405382284122,0,train
2014-12-18 03:00:00,1.19999999,0.009367408423935707,0,train
2014-12-18 04:00:00,1.0,0.009444224925574975,0,train
2014-12-18 05:00:00,1.20000004,0.009443717214935215,0,train
2014-12-18 06:00:00,1.20000004,0.009491923717145554,0,train
2014-12-18 07:00:00,2.99999988,0.009733464913339172,0,train
2014-12-18 08:00:00,4.5,0.010314006716419277,0,train
2014-12-18 09:00:00,8.7000001,0.010526438740711094,0,train
2014-12-18 10:00:00,9.1999998,0.010593550075954722,0,train
2014-12-18 11:00:00,10.6000004,0.010080533978988789,0,train
2014-12-18 12:00:00,7.3525,0.008799030747667233,0,train
2014-12-18 13:00:00,2.6075,0.009541417180379905,0,train
2014-12-18 14:00:00,4.0925,0.009980206077801208,0,train
2014-12-18 15:00:00,6.2,0.010172964248742844,0,train
2014-12-18 16:00:00,4.8,0.010322503520575482,0,train
2014-12-18 17:00:00,1.59999997,0.010470937989224681,0,train
2014-12-18 18:00:00,1.30000001,0.010541325176187598,0,train
2014-12-18 19:00:00,1.30000001,0.01053008096774516,0,train
2014-12-18 20:00:00,1.0,0.010329140974599632,0,train
2014-12-18 21:00:00,1.59999997,0.010014293835739235,0,train
2014-12-18 22:00:00,1.10000002,0.009801666355463626,0,train
2014-12-18 23:00:00,1.10000002,0.009848544995235601,0,train
2014-12-19 00:00:00,1.00000003,0.009915960119001527,0,train
2014-12-19 01:00:00,1.30000001,0.009443422891468557,0,train
2014-12-19 02:00:00,1.00000003,0.009351466564606701,0,train
2014-12-19 03:00:00,1.5,0.010105881226648475,0,train
2014-12-19 04:00:00,1.20000004,0.010443142522792964,0,train
2014-12-19 05:00:00,1.19999999,0.010180008873600682,0,train
2014-12-19 06:00:00,1.5,0.0096124292539718,0,train
2014-12-19 07:00:00,3.10000001,0.00929620526060995,0,train
2014-12-19 08:00:00,4.0,0.009614370089482939,0,train
2014-12-19 09:00:00,7.9000001,0.009796682250736854,0,train
2014-12-19 10:00:00,6.6,0.009827490589643134,0,train
2014-12-19 11:00:00,11.1000004,0.009267552852263671,0,train
2014-12-19 12:00:00,12.2999997,0.008112202889301454,0,train
2014-12-19 13:00:00,2.97,0.009669523119160108,0,train
2014-12-19 14:00:00,10.0,0.01114233359511111,0,train
2014-12-19 15:00:00,5.0,0.011590073758526095,0,train
2014-12-19 16:00:00,2.09999998,0.01174997823987418,0,train
2014-12-19 17:00:00,1.10000002,0.011797953079900479,0,train
2014-12-19 18:00:00,1.0,0.01199077066499025,0,train
2014-12-19 19:00:00,0.800000019997,0.012233709985817017,0,train
2014-12-19 20:00:00,0.900000009999,0.01248330502183821,0,train
2014-12-19 21:00:00,1.1,0.012791090776238414,0,train
2014-12-19 22:00:00,0.800000019997,0.013194496817747528,0,train
2014-12-19 23:00:00,0.900000009999,0.013688772073972608,0,train
2014-12-20 00:00:00,1.00000003,0.015056198736388663,0,train
2014-12-20 01:00:00,1.10000002,0.014559428737994982,0,train
2014-12-20 02:00:00,0.700000019999,0.01607397415413929,0,train
2014-12-20 03:00:00,0.900000009999,0.017599671674635605,0,train
2014-12-20 04:00:00,0.700000019999,0.01891814832394786,0,train
2014-12-20 05:00:00,0.900000009999,0.019422122077204302,0,train
2014-12-20 06:00:00,1.0,0.019099601663748127,0,train
2014-12-20 07:00:00,1.0,0.01850102729779537,0,train
2014-12-20 08:00:00,0.900000009999,0.01841316609639959,0,train
2014-12-20 09:00:00,0.800000019997,0.01759160652407413,0,train
2014-12-20 10:00:00,1.0,0.016969242180565853,0,train
2014-12-20 11:00:00,0.80000001,0.015487736598761095,0,train
2014-12-20 12:00:00,0.700000019999,0.01305892385651626,0,train
2014-12-20 13:00:00,0.900000009999,0.011934665458868449,0,train
2014-12-20 14:00:00,0.80000001,0.011470100122158726,0,train
2014-12-20 15:00:00,0.80000001,0.010743534537992098,0,train
2014-12-20 16:00:00,1.00000003,0.010952280004909502,0,train
2014-12-20 17:00:00,0.700000019999,0.011411554258866502,0,train
2014-12-20 18:00:00,0.900000009999,0.011689826814162751,0,train
2014-12-20 19:00:00,0.90000003,0.011943662768286688,0,train
2014-12-20 20:00:00,0.800000019997,0.012137310911775346,0,train
2014-12-20 21:00:00,1.20000004,0.012346569461803271,0,train
2014-12-20 22:00:00,1.5,0.012515536492329109,0,train
2014-12-20 23:00:00,1.60000002,0.01283116153919627,0,train
2014-12-21 00:00:00,1.30000001,0.013185396867718564,0,train
2014-12-21 01:00:00,1.40000003,0.01299867719974387,0,train
2014-12-21 02:00:00,1.5,0.012409035748680125,0,train
2014-12-21 03:00:00,1.5,0.01171280878187616,0,train
2014-12-21 04:00:00,1.5,0.011063686636460153,0,train
2014-12-21 05:00:00,1.39999998,0.010536287989929201,0,train
2014-12-21 06:00:00,1.5,0.01020326691919243,0,train
2014-12-21 07:00:00,1.90000001,0.010079717269246443,0,train
2014-12-21 08:00:00,1.10000002,0.010040103055271853,0,train
2014-12-21 09:00:00,0.60000002,0.009635348550158724,0,train
2014-12-21 10:00:00,0.900000009999,0.009307636562129256,0,train
2014-12-21 11:00:00,0.700000019999,0.008067782129708153,0,train
2014-12-21 12:00:00,1.0,0.0065573977959708304,0,train
2014-12-21 13:00:00,0.800000019997,0.0069619729996389535,0,train
2014-12-21 14:00:00,0.60000002,0.006354033614004466,0,train
2014-12-21 15:00:00,0.90000003,0.006762042018167482,0,train
2014-12-21 16:00:00,1.40000003,0.007567592391685461,0,train
2014-12-21 17:00:00,1.5,0.008365227334749231,0,train
2014-12-21 18:00:00,1.40000003,0.008993081469985016,0,train
2014-12-21 19:00:00,1.40000003,0.009296025638592475,0,train
2014-12-21 20:00:00,1.5,0.009391560064241408,0,train
2014-12-21 21:00:00,1.39999998,0.00921969209519946,0,train
2014-12-21 22:00:00,1.40000003,0.009003542646074897,0,train
2014-12-21 23:00:00,1.59999997,0.009215028622302007,0,train
2014-12-22 00:00:00,0.60927837031,0.016153594867229903,0,train
2014-12-22 01:00:00,0.0185567006192,0.023134241623397965,1,train
2014-12-22 02:00:00,0.0185567006192,0.023725321907329438,1,train
2014-12-22 03:00:00,0.0185567006156,0.013362011354073625,0,train
2014-12-22 04:00:00,0.0185567006192,0.010993419539037937,0,train
2014-12-22 05:00:00,0.0185567006192,0.010971978161418377,0,train
2014-12-22 06:00:00,0.0185567006192,0.011110940241417868,0,train
2014-12-22 07:00:00,0.0185567006192,0.010600715400904083,0,train
2014-12-22 08:00:00,0.0185567006192,0.009744770022574496,0,train
2014-12-22 09:00:00,0.0185567006156,0.010235968314800926,0,train
2014-12-22 10:00:00,0.0185567006192,0.01068180864430226,0,train
2014-12-22 11:00:00,0.0185567006192,0.011866164558640802,0,train
2014-12-22 12:00:00,0.0185567006192,0.012493882945846507,0,train
2014-12-22 13:00:00,0.0185567006192,0.013347664438467721,0,train
2014-12-22 14:00:00,0.0185567006156,0.014493019163986973,0,train
2014-12-22 15:00:00,0.0185567006192,0.016377580783966325,0,train
2014-12-22 16:00:00,0.0185567006192,0.015396939004088747,0,train
2014-12-22 17:00:00,0.0185567006192,0.015352809753141043,0,train
2014-12-22 18:00:00,0.0185567006192,0.015590548736323135,0,train
2014-12-22 19:00:00,0.0185567006156,0.016148478756022874,0,train
2014-12-22 20:00:00,0.0185567006192,0.016805296973931853,0,train
2014-12-22 21:00:00,0.0185567006192,0.016647434703809912,0,train
2014-12-22 22:00:00,0.0185567006192,0.015667739903249316,0,train
2014-12-22 23:00:00,0.0185567006192,0.014560598715737004,0,train
2014-12-23 00:00:00,1.0225,0.016440039420628032,0,train
2014-12-23 01:00:00,1.0925,0.01602626403231958,0,train
2014-12-23 02:00:00,1.1975,0.01574523334518403,0,train
2014-12-23 03:00:00,1.2525,0.015417247275912309,0,train
2014-12-23 04:00:00,1.32,0.015175337401975776,0,train
2014-12-23 05:00:00,1.295,0.01515577148953926,0,train
2014-12-23 06:00:00,1.46,0.015248305123569757,0,train
2014-12-23 07:00:00,2.2025,0.015622095709467173,0,train
2014-12-23 08:00:00,2.8575,0.016052194031478995,0,train
2014-12-23 09:00:00,5.2575,0.016767877261624552,0,train
2014-12-23 10:00:00,6.0775,0.017032447931572065,0,train
2014-12-23 11:00:00,7.33,0.016704091338770204,0,train
2014-12-23 12:00:00,8.415,0.018356836193579373,0,train
2014-12-23 13:00:00,3.1875,0.01924416824376603,0,train
2014-12-23 14:00:00,3.44,0.019447241856693158,0,train
2014-12-23 15:00:00,4.2125,0.01950459315223712,0,train
2014-12-23 16:00:00,2.3725,0.019133584239552942,0,train
2014-12-23 17:00:00,1.3375,0.018567861290398432,0,train
2014-12-23 18:00:00,1.1475,0.018139966391189713,0,train
2014-12-23 19:00:00,1.055,0.01784189657549721,0,train
2014-12-23 20:00:00,1.06,0.017512442086986508,0,train
2014-12-23 21:00:00,1.085,0.016945962545114157,0,train
2014-12-23 22:00:00,1.0675,0.01596174035856876,0,train
2014-12-23 23:00:00,1.0225,0.014653340638673757,0,train
2014-12-24 00:00:00,0.70927834031,0.011587037029241815,0,train
2014-12-24 01:00:00,0.70927834031,0.01097327143988686,0,train
2014-12-24 02:00:00,1.30000001,0.010519635857363286,0,train
2014-12-24 03:00:00,1.5,0.009892972669628134,0,train
2014-12-24 04:00:00,1.30000001,0.009433649678907821,0,train
2014-12-24 05:00:00,1.40000003,0.00941213391944854,0,train
2014-12-24 06:00:00,1.80000001,0.008997325972205455,0,train
2014-12-24 07:00:00,1.60000002,0.008313317791879547,0,train
2014-12-24 08:00:00,1.40000003,0.008339850325228639,0,train
2014-12-24 09:00:00,0.80000001,0.008703122826324154,0,train
2014-12-24 10:00:00,0.800000019997,0.009285933425731455,0,train
2014-12-24 11:00:00,1.0,0.00897517575475146,0,train
2014-12-24 12:00:00,0.900000009999,0.008093921724966648,0,train
2014-12-24 13:00:00,0.700000019999,0.008216517954884801,0,train
2014-12-24 14:00:00,1.0,0.009129993631857779,0,train
2014-12-24 15:00:00,0.90000003,0.009727484110412575,0,train
2014-12-24 16:00:00,0.900000009999,0.010464384281541462,0,train
2014-12-24 17:00:00,0.800000019997,0.011036112292277455,0,train
2014-12-24 18:00:00,1.10000002,0.011209286789937994,0,train
2014-12-24 19:00:00,0.800000019997,0.011118006418570118,0,train
2014-12-24 20:00:00,1.1,0.011008009583267642,0,train
2014-12-24 21:00:00,1.39999998,0.010841735880189586,0,train
2014-12-24 22:00:00,1.30000001,0.010492601856330924,0,train
2014-12-24 23:00:00,1.5,0.010090813658937842,0,train
2014-12-25 00:00:00,1.39999998,0.009967863658362006,0,train
2014-12-25 01:00:00,1.30000001,0.00960984415346005,0,train
2014-12-25 02:00:00,1.30000001,0.009601542852447855,0,train
2014-12-25 03:00:00,1.79999999,0.009553680773402207,0,train
2014-12-25 04:00:00,1.30000001,0.009136237025535196,0,train
2014-12-25 05:00:00,1.39999998,0.009130918929466651,0,train
2014-12-25 06:00:00,1.69999999,0.009149621512834712,0,train
2014-12-25 07:00:00,1.60000002,0.0091511053055621,0,train
2014-12-25 08:00:00,1.80000001,0.00909260053514652,0,train
2014-12-25 09:00:00,1.19999999,0.00880328516180755,0,train
2014-12-25 10:00:00,0.800000019997,0.009033616183700017,0,train
2014-12-25 11:00:00,0.700000019999,0.009588080382641232,0,train
2014-12-25 12:00:00,1.00000003,0.00923251388344583,0,train
2014-12-25 13:00:00,0.60000002,0.009203935022162742,0,train
2014-12-25 14:00:00,1.1,0.009274874052823493,0,train
2014-12-25 15:00:00,0.80000001,0.009416477091207916,0,train
2014-12-25 16:00:00,0.800000019997,0.009650520882617005,0,train
2014-12-25 17:00:00,0.90000003,0.009964140479235472,0,train
2014-12-25 18:00:00,1.00000003,0.010267448612464846,0,train
2014-12-25 19:00:00,1.39999998,0.010274704414173566,0,train
2014-12-25 20:00:00,1.39999998,0.009904825299690409,0,train
2014-12-25 21:00:00,1.40000003,0.009360269000549842,0,train
2014-12-25 22:00:00,1.39999998,0.008887529188761983,0,train
2014-12-25 23:00:00,1.30000001,0.008682376913356264,0,train
2014-12-26 00:00:00,1.5,0.008561428708751017,0,train
2014-12-26 01:00:00,1.5,0.008258764602374532,0,train
2014-12-26 02:00:00,1.5,0.00817848772678772,0,train
2014-12-26 03:00:00,1.39999998,0.008308762927628097,0,train
2014-12-26 04:00:00,1.30000001,0.00821036807554426,0,train
2014-12-26 05:00:00,1.69999999,0.008376646377452413,0,train
2014-12-26 06:00:00,1.59999997,0.008572358543817868,0,train
2014-12-26 07:00:00,1.69999999,0.008719632766597563,0,train
2014-12-26 08:00:00,1.69999999,0.009064438349153532,0,train
2014-12-26 09:00:00,1.0,0.009052336357551658,0,train
2014-12-26 10:00:00,1.19999999,0.008711648075534515,0,train
2014-12-26 11:00:00,1.39999998,0.008652520265333022,0,train
2014-12-26 12:00:00,1.5,0.00948653931986817,0,train
2014-12-26 13:00:00,1.60000002,0.009600548188527342,0,train
2014-12-26 14:00:00,0.900000009999,0.01059918968964436,0,train
2014-12-26 15:00:00,1.00000003,0.010885561779540786,0,train
2014-12-26 16:00:00,1.30000001,0.011319415926447354,0,train
2014-12-26 17:00:00,1.69999999,0.011739607833448256,0,train
2014-12-26 18:00:00,1.39999998,0.011764508015578677,0,train
2014-12-26 19:00:00,1.39999998,0.011456666282403348,0,train
2014-12-26 20:00:00,1.39999998,0.01105112463071355,0,train
2014-12-26 21:00:00,1.5,0.010749875214869453,0,train
2014-12-26 22:00:00,1.30000001,0.01067432683413466,0,train
2014-12-26 23:00:00,1.40000003,0.010900444825376197,0,train
2014-12-27 00:00:00,1.20000004,0.012245214626068894,0,train
2014-12-27 01:00:00,1.5,0.012178882898440397,0,train
2014-12-27 02:00:00,1.5,0.011717709931227014,0,train
2014-12-27 03:00:00,1.30000001,0.011408454344671309,0,train
2014-12-27 04:00:00,1.5,0.011470990887870985,0,train
2014-12-27 05:00:00,1.60000002,0.011551786556420026,0,train
2014-12-27 06:00:00,1.39999998,0.011431687640324832,0,train
2014-12-27 07:00:00,1.69999999,0.011427703239602714,0,train
2014-12-27 08:00:00,1.59999997,0.01161162498025808,0,train
2014-12-27 09:00:00,1.39999998,0.011513091773098689,0,train
2014-12-27 10:00:00,1.5,0.011485270776499086,0,train
2014-12-27 11:00:00,1.19999999,0.010480744202570507,0,train
2014-12-27 12:00:00,0.900000009999,0.009085356548192735,0,train
2014-12-27 13:00:00,0.700000019999,0.008586441689112316,0,train
2014-12-27 14:00:00,0.800000019997,0.007286374432780357,0,train
2014-12-27 15:00:00,0.900000009999,0.0073996368038185,0,train
2014-12-27 16:00:00,1.00000003,0.00781404204623078,0,train
2014-12-27 17:00:00,1.5,0.00822938142951199,0,train
2014-12-27 18:00:00,1.60000002,0.008464327877335576,0,train
2014-12-27 19:00:00,1.20000004,0.008583174017286485,0,train
2014-12-27 20:00:00,1.60000002,0.008674128716531445,0,train
2014-12-27 21:00:00,1.20000004,0.008720901782668534,0,train
2014-12-27 22:00:00,1.60000002,0.0088482511539548,0,train
2014-12-27 23:00:00,1.39999998,0.009831027631444458,0,train
2014-12-28 00:00:00,1.40000003,0.012292614076321574,0,train
2014-12-28 01:00:00,1.5,0.013643789603101157,0,train
2014-12-28 02:00:00,1.30000001,0.01287460937714628,0,train
2014-12-28 03:00:00,1.40000003,0.011630188690379762,0,train
2014-12-28 04:00:00,1.30000001,0.012231674359652502,0,train
2014-12-28 05:00:00,1.5,0.013261962390085027,0,train
2014-12-28 06:00:00,1.69999999,0.012982980572030138,0,train
2014-12-28 07:00:00,1.39999998,0.011893355187193835,0,train
2014-12-28 08:00:00,1.80000001,0.010313443231403397,0,train
2014-12-28 09:00:00,1.30000001,0.008694709435286403,0,train
2014-12-28 10:00:00,1.59999997,0.007334993579176693,0,train
2014-12-28 11:00:00,1.0,0.006464064322804645,0,train
2014-12-28 12:00:00,0.800000019997,0.006173545835909649,0,train
2014-12-28 13:00:00,0.800000019997,0.0065894554343365,0,train
2014-12-28 14:00:00,0.900000009999,0.007629122080857325,0,train
2014-12-28 15:00:00,0.80000001,0.009001218710555179,0,train
2014-12-28 16:00:00,0.800000019997,0.010508931053825136,0,train
2014-12-28 17:00:00,0.80000001,0.011906462415413802,0,train
2014-12-28 18:00:00,1.5,0.012799744626100793,0,train
2014-12-28 19:00:00,1.40000003,0.01287162321164958,0,train
2014-12-28 20:00:00,1.5,0.012094957750037992,0,train
2014-12-28 21:00:00,1.30000001,0.010719238102216023,0,train
2014-12-28 22:00:00,1.5,0.010067136828381099,0,train
2014-12-28 23:00:00,1.39999998,0.010640713577245936,0,train
2014-12-29 00:00:00,1.39999998,0.01886283139547006,0,train
2014-12-29 01:00:00,1.20000004,0.023432973378702027,1,train
2014-12-29 02:00:00,1.59999997,0.02175383236785745,1,train
2014-12-29 03:00:00,1.30000001,0.013648681636137926,0,train
2014-12-29 04:00:00,1.30000001,0.010995015320973193,0,train
2014-12-29 05:00:00,1.60000002,0.009961249215934114,0,train
2014-12-29 06:00:00,1.60000002,0.009462295949149947,0,train
2014-12-29 07:00:00,1.59999997,0.009156462296715276,0,train
2014-12-29 08:00:00,1.59999997,0.009063753881131993,0,train
2014-12-29 09:00:00,1.5,0.009379207814543575,0,train
2014-12-29 10:00:00,1.30000001,0.009942867061988886,0,train
2014-12-29 11:00:00,1.20000002,0.010787401814053459,0,train
2014-12-29 12:00:00,0.800000019997,0.011680328368835934,0,train
2014-12-29 13:00:00,0.900000009999,0.0121189966891147,0,train
2014-12-29 14:00:00,0.900000009999,0.011842284749150661,0,train
2014-12-29 15:00:00,0.90000003,0.011162002184903794,0,train
2014-12-29 16:00:00,0.800000019997,0.011287676198381136,0,train
2014-12-29 17:00:00,1.40000003,0.011892538372216446,0,train
2014-12-29 18:00:00,1.30000001,0.012008140977908376,0,train
2014-12-29 19:00:00,1.5,0.01151501214042491,0,train
2014-12-29 20:00:00,1.40000003,0.011576341439182873,0,train
2014-12-29 21:00:00,1.30000001,0.01109319296770303,0,train
2014-12-29 22:00:00,1.5,0.010116590390682306,0,train
2014-12-29 23:00:00,1.39999998,0.009144402855443667,0,train
2014-12-30 00:00:00,1.40000003,0.008768020080532199,0,train
2014-12-30 01:00:00,1.5,0.008340462227719026,0,train
2014-12-30 02:00:00,1.39999998,0.007904017729380843,0,train
2014-12-30 03:00:00,1.30000001,0.007689063278077574,0,train
2014-12-30 04:00:00,1.40000003,0.007184485253804054,0,train
2014-12-30 05:00:00,1.40000003,0.006517186657304978,0,train
2014-12-30 06:00:00,1.60000002,0.005928280865029912,0,train
2014-12-30 07:00:00,1.79999996,0.005463235407283603,0,train
2014-12-30 08:00:00,1.5,0.005331602109112308,0,train
2014-12-30 09:00:00,1.19999999,0.005490958653625803,0,train
2014-12-30 10:00:00,1.69999999,0.005679072097032808,0,train
2014-12-30 11:00:00,1.39999998,0.005921522066111875,0,train
2014-12-30 12:00:00,1.5,0.006452931811539306,0,train
2014-12-30 13:00:00,1.00000003,0.006510264575801001,0,train
2014-12-30 14:00:00,0.900000009999,0.006560624146740234,0,train
2014-12-30 15:00:00,1.0,0.006704789234224913,0,train
2014-12-30 16:00:00,0.700000019999,0.006881856782109358,0,train
2014-12-30 17:00:00,1.19999999,0.007226679153361727,0,train
2014-12-30 18:00:00,1.60000002,0.007644964312425418,0,train
2014-12-30 19:00:00,1.30000001,0.007923786788373242,0,train
2014-12-30 20:00:00,1.30000001,0.007932924335578587,0,train
2014-12-30 21:00:00,1.5,0.007574910948103771,0,train
2014-12-30 22:00:00,1.39999998,0.0068156331573653,0,train
2014-12-30 23:00:00,1.20000004,0.005968861031066872,0,train
2014-12-31 00:00:00,1.60000002,0.005800787983219371,0,train
2014-12-31 01:00:00,1.30000001,0.005486672830735244,0,train
2014-12-31 02:00:00,1.5,0.005129947619692873,0,train
2014-12-31 03:00:00,1.30000001,0.005024354750019492,0,train
2014-12-31 04:00:00,1.40000003,0.005096643919191302,0,train
2014-12-31 05:00:00,1.30000001,0.005208726256715448,0,train
2014-12-31 06:00:00,1.80000001,0.0052719204398240975,0,train
2014-12-31 07:00:00,1.5,0.005257075129464728,0,train
2014-12-31 08:00:00,1.69999999,0.0052381071875000785,0,train
2014-12-31 09:00:00,1.30000001,0.005423128262291048,0,train
2014-12-31 10:00:00,1.5,0.00560146001549258,0,train
2014-12-31 11:00:00,1.30000001,0.005695131013830721,0,train
2014-12-31 12:00:00,1.40000003,0.005424383302232643,0,train
2014-12-31 13:00:00,0.900000009999,0.005768744739361036,0,train
2014-12-31 14:00:00,1.10000002,0.006122598276981364,0,train
2014-12-31 15:00:00,0.700000019999,0.006427949968477461,0,train
2014-12-31 16:00:00,1.10000002,0.006799386992921571,0,train
2014-12-31 17:00:00,1.39999998,0.007126109196225592,0,train
2014-12-31 18:00:00,1.59999997,0.007411850851283559,0,train
2014-12-31 19:00:00,1.30000001,0.007569628318910397,0,train
2014-12-31 20:00:00,1.39999998,0.00747256489844758,0,train
2014-12-31 21:00:00,1.39999998,0.007053952081550234,0,train
2014-12-31 22:00:00,1.39999998,0.006407783630241817,0,train
2014-12-31 23:00:00,1.5,0.005779306314430046,0,train
2015-01-01 00:00:00,0.80000001,0.008116013703737476,0,train
2015-01-01 01:00:00,1.5,0.010398481154249496,0,train
2015-01-01 02:00:00,1.39999998,0.012157807672115297,0,train
2015-01-01 03:00:00,1.39999998,0.013478870997504945,0,train
2015-01-01 04:00:00,1.30000001,0.014857088108086816,0,train
2015-01-01 05:00:00,1.60000002,0.0162837572286424,0,train
2015-01-01 06:00:00,1.80000001,0.017908208141298926,0,train
2015-01-01 07:00:00,1.69999999,0.019124557064569815,0,train
2015-01-01 08:00:00,1.60000002,0.01959512520011164,0,train
2015-01-01 09:00:00,0.70000002,0.02025981829200333,0,train
2015-01-01 10:00:00,1.0,0.020458166336555658,0,train
2015-01-01 11:00:00,1.40000003,0.02026258509121042,0,train
2015-01-01 12:00:00,1.40000003,0.02003521757099272,0,train
2015-01-01 13:00:00,1.39999998,0.01979376090316326,0,train
2015-01-01 14:00:00,1.00000003,0.019416542103814438,0,train
2015-01-01 15:00:00,1.0,0.018970896656152366,0,train
2015-01-01 16:00:00,0.70000002,0.018390764569633438,0,train
2015-01-01 17:00:00,1.1,0.017520779548009,0,train
2015-01-01 18:00:00,0.80000001,0.016194413924668638,0,train
2015-01-01 19:00:00,1.5,0.014513483404101727,0,train
2015-01-01 20:00:00,1.5,0.012664067889348277,0,train
2015-01-01 21:00:00,1.30000001,0.010870252512594108,0,train
2015-01-01 22:00:00,1.59999997,0.009414308319216873,0,train
2015-01-01 23:00:00,1.40000003,0.00851020024247641,0,train
2015-01-02 00:00:00,1.39999998,0.008284802626938004,0,train
2015-01-02 01:00:00,1.40000003,0.007850071679203072,0,train
2015-01-02 02:00:00,1.30000001,0.007602091800986071,0,train
2015-01-02 03:00:00,1.69999999,0.00756178083975759,0,train
2015-01-02 04:00:00,1.30000001,0.00784708873674142,0,train
2015-01-02 05:00:00,1.39999998,0.008008476203801344,0,train
2015-01-02 06:00:00,1.60000002,0.007975057453842513,0,train
2015-01-02 07:00:00,1.60000002,0.007844590746650606,0,train
2015-01-02 08:00:00,1.80000001,0.007631963420531973,0,train
2015-01-02 09:00:00,0.90000003,0.007315810674789502,0,train
2015-01-02 10:00:00,0.80000002,0.007042200882222798,0,train
2015-01-02 11:00:00,0.90000001,0.006866585238898237,0,train
2015-01-02 12:00:00,0.80000002,0.006959303768255321,0,train
2015-01-02 13:00:00,1.10000002,0.007153749895001894,0,train
2015-01-02 14:00:00,0.80000002,0.007537283986253764,0,train
2015-01-02 15:00:00,0.90000003,0.008013714371946071,0,train
2015-01-02 16:00:00,0.80000002,0.008513534659356437,0,train
2015-01-02 17:00:00,1.0,0.00890315321973368,0,train
2015-01-02 18:00:00,0.90000001,0.009047117923122605,0,train
2015-01-02 19:00:00,1.10000002,0.008994721879135577,0,train
2015-01-02 20:00:00,1.20000004,0.008833550685740797,0,train
2015-01-02 21:00:00,1.80000001,0.008615156198908102,0,train
2015-01-02 22:00:00,1.20000004,0.008483757785144073,0,train
2015-01-02 23:00:00,1.39999998,0.008515680741943197,0,train
2015-01-03 00:00:00,1.20000004,0.009031215550610722,0,train
2015-01-03 01:00:00,1.69999999,0.009022002121942783,0,train
2015-01-03 02:00:00,1.20000004,0.008837848506956467,0,train
2015-01-03 03:00:00,1.39999998,0.0089440276168666,0,train
2015-01-03 04:00:00,1.40000003,0.009472857341732671,0,train
2015-01-03 05:00:00,1.5,0.0098608436125168,0,train
2015-01-03 06:00:00,1.60000002,0.009819784286616345,0,train
2015-01-03 07:00:00,1.39999998,0.00939869817727924,0,train
2015-01-03 08:00:00,1.60000002,0.008832492420020677,0,train
2015-01-03 09:00:00,1.39999998,0.00828268929781864,0,train
2015-01-03 10:00:00,1.40000003,0.00784453695421786,0,train
2015-01-03 11:00:00,0.70000002,0.007548224952978686,0,train
2015-01-03 12:00:00,0.90000003,0.007371359556047602,0,train
2015-01-03 13:00:00,0.70000002,0.007348130089028268,0,train
2015-01-03 14:00:00,0.90000003,0.007612322996673642,0,train
2015-01-03 15:00:00,0.80000002,0.0075162052243068905,0,train
2015-01-03 16:00:00,1.19999999,0.007621937951741981,0,train
2015-01-03 17:00:00,1.39999998,0.008042761862945069,0,train
2015-01-03 18:00:00,1.69999999,0.008577301862120882,0,train
2015-01-03 19:00:00,1.39999998,0.00893507871874684,0,train
2015-01-03 20:00:00,1.20000004,0.009067061276385142,0,train
2015-01-03 21:00:00,1.5,0.009084325337607384,0,train
2015-01-03 22:00:00,1.39999998,0.009229033654501052,0,train
2015-01-03 23:00:00,1.5,0.010321526700357339,0,train
2015-01-04 00:00:00,1.39999998,0.01155783723339993,0,train
2015-01-04 01:00:00,1.39999998,0.011228170528416693,0,train
2015-01-04 02:00:00,1.40000003,0.0100226258304562,0,train
2015-01-04 03:00:00,1.5,0.0092104209868436,0,train
2015-01-04 04:00:00,1.30000001,0.009075432685516395,0,train
2015-01-04 05:00:00,1.40000003,0.00988051945208385,0,train
2015-01-04 06:00:00,1.69999999,0.011035424167922128,0,train
2015-01-04 07:00:00,1.60000002,0.0113410431780165,0,train
2015-01-04 08:00:00,1.5,0.01048956793003482,0,train
2015-01-04 09:00:00,1.5,0.009320930604937567,0,train
2015-01-04 10:00:00,1.5,0.008366803921689127,0,train
2015-01-04 11:00:00,0.90000001,0.007798750483046646,0,train
2015-01-04 12:00:00,0.80000002,0.007654280542968855,0,train
2015-01-04 13:00:00,1.10000002,0.007994031485936633,0,train
2015-01-04 14:00:00,1.5,0.008796265604815405,0,train
2015-01-04 15:00:00,1.39999998,0.009769328091329204,0,train
2015-01-04 16:00:00,1.20000002,0.010502187822718875,0,train
2015-01-04 17:00:00,0.70000002,0.010837453767803568,0,train
2015-01-04 18:00:00,0.90000001,0.010852124991058419,0,train
2015-01-04 19:00:00,1.60000002,0.010498890975200808,0,train
2015-01-04 20:00:00,1.30000001,0.009688221923144714,0,train
2015-01-04 21:00:00,1.39999998,0.008927142606394198,0,train
2015-01-04 22:00:00,1.40000003,0.008842989098770654,0,train
2015-01-04 23:00:00,1.59999997,0.009327678047786099,0,train
2015-01-05 00:00:00,1.10000002,0.013894355957602491,0,train
2015-01-05 01:00:00,1.39999998,0.015222094810941934,0,train
2015-01-05 02:00:00,1.39999998,0.011987267583340873,0,train
2015-01-05 03:00:00,1.30000001,0.010233674353589612,0,train
2015-01-05 04:00:00,1.5,0.009409455300981077,0,train
2015-01-05 05:00:00,1.30000001,0.009127198793222291,0,train
2015-01-05 06:00:00,1.60000002,0.009275661165072021,0,train
2015-01-05 07:00:00,2.1,0.009754982161204167,0,train
2015-01-05 08:00:00,4.4,0.010706269386392861,0,train
2015-01-05 09:00:00,7.9999998,0.01278377882740069,0,train
2015-01-05 10:00:00,6.2000001,0.01521465649095887,0,train
2015-01-05 11:00:00,9.4000001,0.018241192780756324,0,train
2015-01-05 12:00:00,6.7375,0.020715302890551998,0,train
2015-01-05 13:00:00,3.6425,0.021240335320591653,0,train
2015-01-05 14:00:00,4.565,0.02088974933751131,0,train
2015-01-05 15:00:00,7.2000001,0.021764369834400787,1,train
2015-01-05 16:00:00,2.10000002,0.02302730582567853,1,train
2015-01-05 17:00:00,1.30000001,0.02366171762368658,1,train
2015-01-05 18:00:00,1.30000001,0.024133958213177254,1,train
2015-01-05 19:00:00,1.10000002,0.023279788634155665,1,train
2015-01-05 20:00:00,1.19999999,0.022533377315871506,1,train
2015-01-05 21:00:00,1.10000002,0.021640577896116037,1,train
2015-01-05 22:00:00,1.10000002,0.01996735347381354,0,train
2015-01-05 23:00:00,1.10000002,0.017671973230179782,0,train
2015-01-06 00:00:00,1.30000001,0.017141390004188108,0,train
2015-01-06 01:00:00,1.20000004,0.016525612873212872,0,train
2015-01-06 02:00:00,1.10000002,0.016021624949945808,0,train
2015-01-06 03:00:00,1.69999999,0.016063415708941275,0,train
2015-01-06 04:00:00,1.80000001,0.016225401105018775,0,train
2015-01-06 05:00:00,1.59999997,0.016373528188058917,0,train
2015-01-06 06:00:00,1.89999998,0.016485254304192253,0,train
2015-01-06 07:00:00,4.6,0.0165886541933393,0,train
2015-01-06 08:00:00,4.6,0.016655708305010442,0,train
2015-01-06 09:00:00,8.0999999,0.016855397701162265,0,train
2015-01-06 10:00:00,9.3999996,0.01707415416169547,0,train
2015-01-06 11:00:00,10.2999997,0.017392368991257196,0,train
2015-01-06 12:00:00,11.0,0.01694225516042303,0,train
2015-01-06 13:00:00,3.505,0.01782338597370739,0,train
2015-01-06 14:00:00,3.9725,0.018423365821380037,0,train
2015-01-06 15:00:00,6.0999998,0.018761801439601836,0,train
2015-01-06 16:00:00,2.60000001,0.018440131701113756,0,train
2015-01-06 17:00:00,1.5,0.018561311832497616,0,train
2015-01-06 18:00:00,1.30000001,0.01886307985220746,0,train
2015-01-06 19:00:00,1.40000003,0.019164289548955632,0,train
2015-01-06 20:00:00,1.10000002,0.019401666239547026,0,train
2015-01-06 21:00:00,1.10000002,0.019603179483786554,0,train
2015-01-06 22:00:00,1.30000001,0.019571385081369238,0,train
2015-01-06 23:00:00,1.10000002,0.01900991956669297,0,train
2015-01-07 00:00:00,1.0,0.018316919125875863,0,train
2015-01-07 01:00:00,1.10000002,0.017698531448549517,0,train
2015-01-07 02:00:00,1.30000001,0.01712387889484311,0,train
2015-01-07 03:00:00,1.00000003,0.01666452609516196,0,train
2015-01-07 04:00:00,1.10000002,0.01668101917400023,0,train
2015-01-07 05:00:00,1.10000002,0.016664495661242833,0,train
2015-01-07 06:00:00,1.5,0.01638621333624274,0,train
2015-01-07 07:00:00,2.3,0.01622908288829913,0,train
2015-01-07 08:00:00,4.0999999,0.016086319675463305,0,train
2015-01-07 09:00:00,8.3999999,0.01595497155111335,0,train
2015-01-07 10:00:00,5.7,0.015954402521791176,0,train
2015-01-07 11:00:00,11.0,0.015428459442181264,0,train
2015-01-07 12:00:00,6.635,0.014777236479676456,0,train
2015-01-07 13:00:00,3.3575,0.013914792257879678,0,train
2015-01-07 14:00:00,12.1999998,0.015339765297912837,0,train
2015-01-07 15:00:00,5.1,0.015990396270444393,0,train
2015-01-07 16:00:00,2.4,0.015754031380611537,0,train
2015-01-07 17:00:00,1.10000002,0.0158677097556993,0,train
2015-01-07 18:00:00,1.10000002,0.01613760843561805,0,train
2015-01-07 19:00:00,1.30000001,0.016419966251774838,0,train
2015-01-07 20:00:00,1.10000002,0.016700242682266764,0,train
2015-01-07 21:00:00,1.10000002,0.016885869442390535,0,train
2015-01-07 22:00:00,1.0,0.01660153758155075,0,train
2015-01-07 23:00:00,1.10000002,0.015839039272635646,0,train
2015-01-08 00:00:00,1.30000001,0.01619076894232367,0,train
2015-01-08 01:00:00,1.0,0.015963411736840946,0,train
2015-01-08 02:00:00,1.00000003,0.015282028903537298,0,train
2015-01-08 03:00:00,1.10000002,0.014930961356165066,0,train
2015-01-08 04:00:00,1.00000003,0.01488317836193818,0,train
2015-01-08 05:00:00,1.20000004,0.01561504598876602,0,train
2015-01-08 06:00:00,1.20000004,0.014953591488812807,0,train
2015-01-08 07:00:00,1.90000001,0.014167016191605047,0,train
2015-01-08 08:00:00,4.3,0.0141213616402991,0,train
2015-01-08 09:00:00,9.0,0.014245654561392066,0,train
2015-01-08 10:00:00,8.9000001,0.014194189171083565,0,train
2015-01-08 11:00:00,10.8999996,0.013163256894798483,0,train
2015-01-08 12:00:00,9.6999998,0.011983908324855862,0,train
2015-01-08 13:00:00,2.9075,0.01404937975420321,0,train
2015-01-08 14:00:00,11.8000002,0.014854042936108295,0,train
2015-01-08 15:00:00,6.0,0.013724339895633889,0,train
2015-01-08 16:00:00,2.49999999,0.01378513549667185,0,train
2015-01-08 17:00:00,1.5,0.01397984766349826,0,train
2015-01-08 18:00:00,1.30000001,0.0143704007953784,0,train
2015-01-08 19:00:00,1.30000001,0.014772326071307726,0,train
2015-01-08 20:00:00,1.20000004,0.014928246179525456,0,train
2015-01-08 21:00:00,1.10000002,0.01483029288623131,0,train
2015-01-08 22:00:00,1.20000004,0.014558752040895259,0,train
2015-01-08 23:00:00,1.19999999,0.014488709224575218,0,train
2015-01-09 00:00:00,1.1,0.015523104842564405,0,train
2015-01-09 01:00:00,1.10000002,0.01576664378230206,0,train
2015-01-09 02:00:00,1.0,0.015275534960683679,0,train
2015-01-09 03:00:00,1.5,0.0149648177630123,0,train
2015-01-09 04:00:00,0.90000001,0.01503679621705574,0,train
2015-01-09 05:00:00,1.20000004,0.015787447236784043,0,train
2015-01-09 06:00:00,1.40000003,0.015677208570783065,0,train
2015-01-09 07:00:00,2.40000001,0.015048796594713304,0,train
2015-01-09 08:00:00,4.3,0.015025651754834748,0,train
2015-01-09 09:00:00,8.0,0.015269854853723964,0,train
2015-01-09 10:00:00,11.4000001,0.01609526847662907,0,train
2015-01-09 11:00:00,6.56,0.01595091975497109,0,train
2015-01-09 12:00:00,6.7075,0.01496231540049795,0,train
2015-01-09 13:00:00,2.7325,0.015061579638498624,0,train
2015-01-09 14:00:00,5.0575,0.013693650460744375,0,train
2015-01-09 15:00:00,6.6999998,0.012187594484903792,0,train
2015-01-09 16:00:00,1.39999998,0.012063024224952862,0,train
2015-01-09 17:00:00,1.19999999,0.012189777245097674,0,train
2015-01-09 18:00:00,1.19999999,0.012489365681363057,0,train
2015-01-09 19:00:00,1.0,0.012815855597348264,0,train
2015-01-09 20:00:00,1.00000003,0.013041884221697282,0,train
2015-01-09 21:00:00,1.1,0.013251101503298866,0,train
2015-01-09 22:00:00,1.20000004,0.013614685669131009,0,train
2015-01-09 23:00:00,0.80000002,0.014327204230779668,0,train
2015-01-10 00:00:00,1.90000001,0.01659486067777692,0,train
2015-01-10 01:00:00,2.10000002,0.017030496838905174,0,train
2015-01-10 02:00:00,1.0,0.01619206603048498,0,train
2015-01-10 03:00:00,1.0,0.01618381768535443,0,train
2015-01-10 04:00:00,1.10000002,0.018186355225801375,0,train
2015-01-10 05:00:00,1.1,0.019541360847561473,0,train
2015-01-10 06:00:00,1.0,0.0177541951460428,0,train
2015-01-10 07:00:00,1.20000004,0.015481652418493658,0,train
2015-01-10 08:00:00,1.10000002,0.014190777629366968,0,train
2015-01-10 09:00:00,1.10000002,0.014300040910202183,0,train
2015-01-10 10:00:00,1.0,0.012990198201368722,0,train
2015-01-10 11:00:00,0.90000001,0.010525374868536313,0,train
2015-01-10 12:00:00,1.10000002,0.00921800928366814,0,train
2015-01-10 13:00:00,0.90000001,0.008656919451139255,0,train
2015-01-10 14:00:00,1.10000002,0.0071435716801289415,0,train
2015-01-10 15:00:00,0.90000001,0.006640678002156051,0,train
2015-01-10 16:00:00,1.20000002,0.006345737461409062,0,train
2015-01-10 17:00:00,0.90000001,0.006752479296438207,0,train
2015-01-10 18:00:00,1.0,0.0073625953892886495,0,train
2015-01-10 19:00:00,1.00000003,0.007888506062407133,0,train
2015-01-10 20:00:00,1.00000003,0.00801818187438801,0,train
2015-01-10 21:00:00,1.5,0.007648866808876053,0,train
2015-01-10 22:00:00,1.39999998,0.007059334396474265,0,train
2015-01-10 23:00:00,1.79999996,0.007247735455129789,0,train
2015-01-11 00:00:00,1.5,0.007777874936649566,0,train
2015-01-11 01:00:00,1.5,0.007872168316090344,0,train
2015-01-11 02:00:00,1.79999996,0.007571531849442894,0,train
2015-01-11 03:00:00,1.5,0.007229254252310124,0,train
2015-01-11 04:00:00,1.59999997,0.006937527822904938,0,train
2015-01-11 05:00:00,1.69999999,0.006856131920600565,0,train
2015-01-11 06:00:00,1.60000002,0.0070983501138919495,0,train
2015-01-11 07:00:00,1.90000001,0.007678519027903897,0,train
2015-01-11 08:00:00,1.69999999,0.008146339204348527,0,train
2015-01-11 09:00:00,0.80000002,0.007550771647910985,0,train
2015-01-11 10:00:00,0.90000001,0.00611666624883966,0,train
2015-01-11 11:00:00,1.00000003,0.0060231659770552766,0,train
2015-01-11 12:00:00,1.0,0.006080560606659347,0,train
2015-01-11 13:00:00,0.90000001,0.006780318600400373,0,train
2015-01-11 14:00:00,1.10000002,0.007158393696025888,0,train
2015-01-11 15:00:00,1.00000003,0.006950242022156685,0,train
2015-01-11 16:00:00,0.90000001,0.007328874237769081,0,train
2015-01-11 17:00:00,1.59999997,0.007796813630927175,0,train
2015-01-11 18:00:00,1.69999999,0.008271726002881436,0,train
2015-01-11 19:00:00,1.5,0.008006823782480188,0,train
2015-01-11 20:00:00,1.69999999,0.007158701250921877,0,train
2015-01-11 21:00:00,1.5,0.0066382293037494855,0,train
2015-01-11 22:00:00,1.69999999,0.006453022791108313,0,train
2015-01-11 23:00:00,1.5,0.006742742830260652,0,train
2015-01-12 00:00:00,1.19999999,0.012308038052725163,0,train
2015-01-12 01:00:00,1.60000002,0.012771718900339903,0,train
2015-01-12 02:00:00,1.5,0.009473578789511787,0,train
2015-01-12 03:00:00,1.69999999,0.007972223829345407,0,train
2015-01-12 04:00:00,1.5,0.007425457684545698,0,train
2015-01-12 05:00:00,1.60000002,0.007185074951285183,0,train
2015-01-12 06:00:00,1.99999998,0.007088131318960229,0,train
2015-01-12 07:00:00,2.9,0.007174779645774313,0,train
2015-01-12 08:00:00,4.6,0.007408777105163771,0,train
2015-01-12 09:00:00,9.0,0.008301285825103625,0,train
2015-01-12 10:00:00,9.3999996,0.009017715081592482,0,train
2015-01-12 11:00:00,11.9000001,0.009843944997613461,0,train
2015-01-12 12:00:00,7.04,0.010201885196127872,0,train
2015-01-12 13:00:00,4.125,0.009846570738920044,0,train
2015-01-12 14:00:00,5.215,0.009202892071828518,0,train
2015-01-12 15:00:00,5.2000001,0.008659875897635907,0,train
2015-01-12 16:00:00,2.09999999,0.008459877439887766,0,train
2015-01-12 17:00:00,1.39999998,0.008375604185009673,0,train
2015-01-12 18:00:00,1.19999999,0.00870473012844669,0,train
2015-01-12 19:00:00,1.0,0.009164265526898465,0,train
2015-01-12 20:00:00,1.59999997,0.009699277650550309,0,train
2015-01-12 21:00:00,1.0,0.009752137639658402,0,train
2015-01-12 22:00:00,1.19999999,0.008920615608850673,0,train
2015-01-12 23:00:00,1.10000002,0.007051350383209306,0,train
2015-01-13 00:00:00,1.20000004,0.007104634408358483,0,train
2015-01-13 01:00:00,1.00000003,0.007024053197589326,0,train
2015-01-13 02:00:00,1.40000003,0.006993808148688091,0,train
2015-01-13 03:00:00,1.20000004,0.007081923445877243,0,train
2015-01-13 04:00:00,1.0,0.007105179915031905,0,train
2015-01-13 05:00:00,1.10000002,0.00715196354904214,0,train
2015-01-13 06:00:00,2.1,0.007190045815341324,0,train
2015-01-13 07:00:00,2.7,0.007538768698564245,0,train
2015-01-13 08:00:00,4.5000001,0.008095143087724905,0,train
2015-01-13 09:00:00,8.3000002,0.008585066415189307,0,train
2015-01-13 10:00:00,7.7,0.009021202450612898,0,train
2015-01-13 11:00:00,10.0,0.008599124337594652,0,train
2015-01-13 12:00:00,12.0999999,0.007329812528902762,0,train
2015-01-13 13:00:00,3.7825,0.0079492447149843,0,train
2015-01-13 14:00:00,4.48,0.008042806309049683,0,train
2015-01-13 15:00:00,7.7999997,0.008070863219341438,0,train
2015-01-13 16:00:00,1.70000002,0.008213069222351568,0,train
2015-01-13 17:00:00,1.30000001,0.008054219754117723,0,train
2015-01-13 18:00:00,1.20000004,0.007993020728278356,0,train
2015-01-13 19:00:00,1.0,0.007927799269411609,0,train
2015-01-13 20:00:00,1.19999999,0.00788704048237905,0,train
2015-01-13 21:00:00,1.10000002,0.007849710978147434,0,train
2015-01-13 22:00:00,1.10000002,0.007654055774220916,0,train
2015-01-13 23:00:00,1.0,0.0073772697448238386,0,train
2015-01-14 00:00:00,1.5,0.007928616304161314,0,train
2015-01-14 01:00:00,1.19999999,0.008395725115529305,0,train
2015-01-14 02:00:00,1.80000001,0.008176208956454751,0,train
2015-01-14 03:00:00,1.69999999,0.007863559909692555,0,train
2015-01-14 04:00:00,1.60000002,0.008111093198248537,0,train
2015-01-14 05:00:00,1.80000001,0.007987716046362036,0,train
2015-01-14 06:00:00,1.80000001,0.007848896112665624,0,train
2015-01-14 07:00:00,2.2,0.008103588684063667,0,train
2015-01-14 08:00:00,4.2,0.008587643137154443,0,train
2015-01-14 09:00:00,8.9000001,0.009049472615685308,0,train
2015-01-14 10:00:00,12.3000002,0.009563510938518323,0,train
2015-01-14 11:00:00,7.615,0.00946412536282379,0,train
2015-01-14 12:00:00,7.415,0.008362963536392867,0,train
2015-01-14 13:00:00,3.68,0.007562237923236637,0,train
2015-01-14 14:00:00,5.7325,0.00862151280983487,0,train
2015-01-14 15:00:00,6.3999999,0.008454082934566917,0,train
2015-01-14 16:00:00,2.20000002,0.008049755122921845,0,train
2015-01-14 17:00:00,1.69999999,0.008046662419930808,0,train
2015-01-14 18:00:00,1.10000002,0.008039870557790683,0,train
2015-01-14 19:00:00,1.10000002,0.007949203536500655,0,train
2015-01-14 20:00:00,1.10000002,0.007872260296688135,0,train
2015-01-14 21:00:00,1.19999999,0.007752142211705236,0,train
2015-01-14 22:00:00,1.10000002,0.007437332195670894,0,train
2015-01-14 23:00:00,1.10000002,0.007219200041272324,0,train
2015-01-15 00:00:00,1.10000002,0.008226237228988112,0,train
2015-01-15 01:00:00,0.90000001,0.008314993932925804,0,train
2015-01-15 02:00:00,1.30000001,0.007834177673251844,0,train
2015-01-15 03:00:00,1.10000002,0.007651218973040163,0,train
2015-01-15 04:00:00,1.10000002,0.007749206114955472,0,train
2015-01-15 05:00:00,1.10000002,0.008578046906707637,0,train
2015-01-15 06:00:00,1.69999999,0.008187762931029418,0,train
2015-01-15 07:00:00,1.89999998,0.007607506303382146,0,train
2015-01-15 08:00:00,4.3000001,0.007954952016482995,0,train
2015-01-15 09:00:00,8.5999999,0.008812679804064291,0,train
2015-01-15 10:00:00,9.0,0.009009089372703845,0,train
2015-01-15 11:00:00,10.1999998,0.007214444014922828,0,train
2015-01-15 12:00:00,11.4000001,0.006411775082247913,0,train
2015-01-15 13:00:00,3.3425,0.00860327481812229,0,train
2015-01-15 14:00:00,5.6675,0.008609775173082692,0,train
2015-01-15 15:00:00,6.7999997,0.008302920563018045,0,train
2015-01-15 16:00:00,1.70000002,0.0081484763968836,0,train
2015-01-15 17:00:00,1.20000004,0.008199621264968265,0,train
2015-01-15 18:00:00,1.40000003,0.008403053061278518,0,train
2015-01-15 19:00:00,1.10000002,0.008553993972326635,0,train
2015-01-15 20:00:00,1.0,0.00851168100792601,0,train
2015-01-15 21:00:00,1.40000003,0.008269244247515548,0,train
2015-01-15 22:00:00,1.0,0.00801366149765928,0,train
2015-01-15 23:00:00,1.20000004,0.008274497255309776,0,train
2015-01-16 00:00:00,1.20000004,0.009562834394222878,0,train
2015-01-16 01:00:00,1.19999999,0.009800437944182611,0,train
2015-01-16 02:00:00,1.0,0.009484094591085119,0,train
2015-01-16 03:00:00,1.60000002,0.009396678037864823,0,train
2015-01-16 04:00:00,1.80000001,0.009451414987831998,0,train
2015-01-16 05:00:00,1.60000002,0.010101075345223056,0,train
2015-01-16 06:00:00,2.1,0.009983417694534896,0,train
2015-01-16 07:00:00,2.9,0.009594948304860504,0,train
2015-01-16 08:00:00,3.5999999,0.010169259733821035,0,train
2015-01-16 09:00:00,7.4000001,0.010948897848956852,0,train
2015-01-16 10:00:00,7.9000001,0.010851470374846085,0,train
2015-01-16 11:00:00,11.5,0.010484609513853858,0,train
2015-01-16 12:00:00,12.0,0.00933918337603751,0,train
2015-01-16 13:00:00,3.0625,0.009665080640302408,0,train
2015-01-16 14:00:00,12.0999999,0.010176317399734977,0,train
2015-01-16 15:00:00,4.4,0.010860803005985863,0,train
2015-01-16 16:00:00,2.29999999,0.01048685819956556,0,train
2015-01-16 17:00:00,1.39999998,0.010585373718377929,0,train
2015-01-16 18:00:00,1.30000001,0.010738675381595751,0,train
2015-01-16 19:00:00,1.10000002,0.010811115683013087,0,train
2015-01-16 20:00:00,1.00000003,0.010799421652490055,0,train
2015-01-16 21:00:00,1.30000001,0.010841048736400015,0,train
2015-01-16 22:00:00,1.20000004,0.011069067708587897,0,train
2015-01-16 23:00:00,1.10000002,0.011737780385744951,0,train
2015-01-17 00:00:00,1.5,0.014145430797101715,0,train
2015-01-17 01:00:00,1.00000003,0.014570196060946242,0,train
2015-01-17 02:00:00,1.30000001,0.013620431957584025,0,train
2015-01-17 03:00:00,1.79999996,0.013139725509211378,0,train
2015-01-17 04:00:00,1.60000002,0.013755909174293403,0,train
2015-01-17 05:00:00,1.80000001,0.015441310198470616,0,train
2015-01-17 06:00:00,1.80000001,0.017973385394363967,0,train
2015-01-17 07:00:00,1.79999996,0.017089086628000124,0,train
2015-01-17 08:00:00,1.10000002,0.016108260797733254,0,train
2015-01-17 09:00:00,1.19999999,0.016214422833527538,0,train
2015-01-17 10:00:00,1.1,0.017075989801933405,0,train
2015-01-17 11:00:00,1.10000002,0.015608018197147137,0,train
2015-01-17 12:00:00,1.19999999,0.012430326629991635,0,train
2015-01-17 13:00:00,1.20000004,0.011400264741994914,0,train
2015-01-17 14:00:00,1.10000002,0.010483191701118463,0,train
2015-01-17 15:00:00,1.19999999,0.00875284800624395,0,train
2015-01-17 16:00:00,1.0,0.008796091136865395,0,train
2015-01-17 17:00:00,1.70000002,0.009108939448821286,0,train
2015-01-17 18:00:00,1.69999999,0.00961322250215694,0,train
2015-01-17 19:00:00,1.69999999,0.010035275128003875,0,train
2015-01-17 20:00:00,1.5,0.010087410068926638,0,train
2015-01-17 21:00:00,1.79999996,0.009698494390096724,0,train
2015-01-17 22:00:00,1.79999996,0.009064037775157038,0,train
2015-01-17 23:00:00,1.69999999,0.00904112123138046,0,train
2015-01-18 00:00:00,1.60000002,0.00951404731121871,0,train
2015-01-18 01:00:00,1.60000002,0.009517486730736819,0,train
2015-01-18 02:00:00,1.79999996,0.009227529879027285,0,train
2015-01-18 03:00:00,1.69999999,0.00899834464986827,0,train
2015-01-18 04:00:00,1.5,0.008884462777307584,0,train
2015-01-18 05:00:00,1.89999998,0.008901548067516111,0,train
2015-01-18 06:00:00,1.79999996,0.009216962917389366,0,train
2015-01-18 07:00:00,1.89999998,0.010025490333357211,0,train
2015-01-18 08:00:00,1.89999998,0.011169020300614778,0,train
2015-01-18 09:00:00,1.60000002,0.011948544051274363,0,train
2015-01-18 10:00:00,1.80000001,0.012209689183519319,0,train
2015-01-18 11:00:00,1.19999999,0.010052464515086507,0,train
2015-01-18 12:00:00,1.30000001,0.008154334954821693,0,train
2015-01-18 13:00:00,1.10000002,0.00875331326020537,0,train
2015-01-18 14:00:00,1.19999999,0.007237207374950802,0,train
2015-01-18 15:00:00,1.20000004,0.007294566750589937,0,train
2015-01-18 16:00:00,1.0,0.007669153341757671,0,train
2015-01-18 17:00:00,1.30000001,0.008370859632302535,0,train
2015-01-18 18:00:00,1.10000002,0.00892207055305339,0,train
2015-01-18 19:00:00,1.10000002,0.008551657823027565,0,train
2015-01-18 20:00:00,1.40000003,0.007697543735550305,0,train
2015-01-18 21:00:00,1.80000001,0.007210944587557077,0,train
2015-01-18 22:00:00,1.69999999,0.007082300855772651,0,train
2015-01-18 23:00:00,1.80000001,0.007462429588768368,0,train
2015-01-19 00:00:00,1.30000001,0.013254201546343526,0,train
2015-01-19 01:00:00,1.69999999,0.01524060823621293,0,train
2015-01-19 02:00:00,1.69999999,0.0111891290415333,0,train
2015-01-19 03:00:00,1.69999999,0.008605919717663967,0,train
2015-01-19 04:00:00,1.60000002,0.007712448051498852,0,train
2015-01-19 05:00:00,1.59999997,0.007394077379784962,0,train
2015-01-19 06:00:00,2.1,0.007300362672957001,0,train
2015-01-19 07:00:00,2.1,0.007427050106700733,0,train
2015-01-19 08:00:00,4.4,0.0077285359640012815,0,train
2015-01-19 09:00:00,8.5999999,0.008640368585485381,0,train
2015-01-19 10:00:00,7.0,0.009308819175908293,0,train
2015-01-19 11:00:00,11.6999998,0.010376191623522369,0,train
2015-01-19 12:00:00,11.0,0.010704858462445302,0,train
2015-01-19 13:00:00,5.03,0.01035125629960899,0,train
2015-01-19 14:00:00,12.2999997,0.01045077508189934,0,train
2015-01-19 15:00:00,4.7,0.010628705398810117,0,train
2015-01-19 16:00:00,2.19999999,0.010397765715368639,0,train
2015-01-19 17:00:00,1.5,0.010563438347382248,0,train
2015-01-19 18:00:00,1.10000002,0.011150549406729812,0,train
2015-01-19 19:00:00,1.30000001,0.011401663325635678,0,train
2015-01-19 20:00:00,1.0,0.012026003381795899,0,train
2015-01-19 21:00:00,1.20000004,0.0123545065680926,0,train
2015-01-19 22:00:00,1.20000004,0.011793515703045269,0,train
2015-01-19 23:00:00,1.10000002,0.010078761129332139,0,train
2015-01-20 00:00:00,1.5,0.010335647348678362,0,train
2015-01-20 01:00:00,1.69999999,0.010468001688137456,0,train
2015-01-20 02:00:00,1.79999996,0.010657002405602044,0,train
2015-01-20 03:00:00,1.60000002,0.010886686779801868,0,train
2015-01-20 04:00:00,1.60000002,0.01125454898093335,0,train
2015-01-20 05:00:00,1.69999999,0.011389918047043363,0,train
2015-01-20 06:00:00,1.99999998,0.011161266934885491,0,train
2015-01-20 07:00:00,2.5,0.01101463405430395,0,train
2015-01-20 08:00:00,4.1,0.011308678804603333,0,train
2015-01-20 09:00:00,8.5999999,0.011978080076083841,0,train
2015-01-20 10:00:00,6.7000003,0.01255318784925584,0,train
2015-01-20 11:00:00,10.6999998,0.012404225523395134,0,train
2015-01-20 12:00:00,9.7875,0.011800419878940323,0,train
2015-01-20 13:00:00,3.9575,0.011481758998323002,0,train
2015-01-20 14:00:00,4.99,0.011064248053799745,0,train
2015-01-20 15:00:00,7.0000001,0.009756830360996506,0,train
2015-01-20 16:00:00,2.60000001,0.009635393213981687,0,train
2015-01-20 17:00:00,1.40000003,0.009322323482038885,0,train
2015-01-20 18:00:00,1.30000001,0.009081122588004633,0,train
2015-01-20 19:00:00,1.5,0.008937952988316082,0,train
2015-01-20 20:00:00,1.5,0.008953146847253119,0,train
2015-01-20 21:00:00,1.80000001,0.00895199150581497,0,train
2015-01-20 22:00:00,1.69999999,0.00878077030334374,0,train
2015-01-20 23:00:00,1.69999999,0.008580304151005429,0,train
2015-01-21 00:00:00,1.69999999,0.009304422481099984,0,train
2015-01-21 01:00:00,1.60000002,0.010233193647089947,0,train
2015-01-21 02:00:00,1.79999996,0.010396682128953474,0,train
2015-01-21 03:00:00,1.69999999,0.009716055192971229,0,train
2015-01-21 04:00:00,1.59999997,0.009967893125032021,0,train
2015-01-21 05:00:00,1.69999999,0.009486522243083217,0,train
2015-01-21 06:00:00,2.0,0.00881396696662341,0,train
2015-01-21 07:00:00,2.6,0.008785037261613192,0,train
2015-01-21 08:00:00,4.0999999,0.009055498505749868,0,train
2015-01-21 09:00:00,9.5999999,0.009582897672091563,0,train
2015-01-21 10:00:00,11.7999997,0.0108895595293505,0,train
2015-01-21 11:00:00,8.3675,0.010516735492415547,0,train
2015-01-21 12:00:00,8.445,0.008733784325365545,0,train
2015-01-21 13:00:00,4.0175,0.0089087337280845,0,train
2015-01-21 14:00:00,6.19,0.00842128011396259,0,train
2015-01-21 15:00:00,7.7,0.008422251392373183,0,train
2015-01-21 16:00:00,2.29999999,0.008464537753463864,0,train
2015-01-21 17:00:00,1.30000001,0.008433863793805133,0,train
2015-01-21 18:00:00,1.5,0.00838651637289135,0,train
2015-01-21 19:00:00,1.0,0.00825828715824141,0,train
2015-01-21 20:00:00,1.20000004,0.008106494089680753,0,train
2015-01-21 21:00:00,1.10000002,0.007910339624606787,0,train
2015-01-21 22:00:00,1.89999998,0.007554309849421573,0,train
2015-01-21 23:00:00,1.69999999,0.00733176629216995,0,train
2015-01-22 00:00:00,1.60000002,0.008291226455397198,0,train
2015-01-22 01:00:00,1.60000002,0.008321632017966474,0,train
2015-01-22 02:00:00,1.89999998,0.007847021542123965,0,train
2015-01-22 03:00:00,1.5,0.007645432706107233,0,train
2015-01-22 04:00:00,1.5,0.007709750190667197,0,train
2015-01-22 05:00:00,1.79999996,0.008504067808076922,0,train
2015-01-22 06:00:00,1.89999998,0.007950825881139538,0,train
2015-01-22 07:00:00,3.6,0.007559177151029282,0,train
2015-01-22 08:00:00,4.0999999,0.008097695579898584,0,train
2015-01-22 09:00:00,8.0,0.00881718771498111,0,train
2015-01-22 10:00:00,8.2999997,0.00807109683751208,0,train
2015-01-22 11:00:00,10.1999998,0.006941948564761824,0,train
2015-01-22 12:00:00,10.9000001,0.006629745899255866,0,train
2015-01-22 13:00:00,3.5725,0.008061045215801957,0,train
2015-01-22 14:00:00,6.15,0.008784716029489104,0,train
2015-01-22 15:00:00,5.5,0.008569153203973575,0,train
2015-01-22 16:00:00,2.89999998,0.0080652456918546,0,train
2015-01-22 17:00:00,1.5,0.008054869900261772,0,train
2015-01-22 18:00:00,1.10000002,0.008207713233139886,0,train
2015-01-22 19:00:00,1.10000002,0.008316625377378999,0,train
2015-01-22 20:00:00,1.40000003,0.008164507792498617,0,train
2015-01-22 21:00:00,1.69999999,0.007811064233403347,0,train
2015-01-22 22:00:00,1.60000002,0.007507018901758896,0,train
2015-01-22 23:00:00,2.00000001,0.007857349685733312,0,train
2015-01-23 00:00:00,1.19999999,0.00897145693295631,0,train
2015-01-23 01:00:00,1.5,0.009042071514448611,0,train
2015-01-23 02:00:00,1.80000001,0.008659158183590207,0,train
2015-01-23 03:00:00,1.59999997,0.008445290393274912,0,train
2015-01-23 04:00:00,1.60000002,0.008337219146345387,0,train
2015-01-23 05:00:00,1.69999999,0.008864777683499633,0,train
2015-01-23 06:00:00,2.2,0.00864774302200753,0,train
2015-01-23 07:00:00,1.89999998,0.008382136095852458,0,train
2015-01-23 08:00:00,4.6000001,0.009042269117179102,0,train
2015-01-23 09:00:00,8.1999998,0.009798351285493776,0,train
2015-01-23 10:00:00,7.6999998,0.009680679491362336,0,train
2015-01-23 11:00:00,11.5,0.009677167982629211,0,train
2015-01-23 12:00:00,7.51,0.008739454185525235,0,train
2015-01-23 13:00:00,3.075,0.008687476611230555,0,train
2015-01-23 14:00:00,12.0999999,0.011002062550527292,0,train
2015-01-23 15:00:00,4.0,0.011566799801467291,0,train
2015-01-23 16:00:00,1.5,0.01149899809750337,0,train
2015-01-23 17:00:00,1.20000004,0.011650505016453013,0,train
2015-01-23 18:00:00,1.20000004,0.011796590745021644,0,train
2015-01-23 19:00:00,0.90000001,0.01177288226946655,0,train
2015-01-23 20:00:00,1.10000002,0.011636320962697953,0,train
2015-01-23 21:00:00,0.80000002,0.011487888207335102,0,train
2015-01-23 22:00:00,1.1,0.011467200337193883,0,train
2015-01-23 23:00:00,1.0,0.01195478849509684,0,train
2015-01-24 00:00:00,1.29999999,0.013959596043147535,0,train
2015-01-24 01:00:00,1.5,0.01400920668956909,0,train
2015-01-24 02:00:00,1.69999999,0.013202918266463703,0,train
2015-01-24 03:00:00,1.5,0.01277829800843181,0,train
2015-01-24 04:00:00,1.5,0.013151099566637315,0,train
2015-01-24 05:00:00,1.69999999,0.014866903288209445,0,train
2015-01-24 06:00:00,1.69999999,0.017219317657469552,0,train
2015-01-24 07:00:00,1.60000002,0.015829050520556397,0,train
2015-01-24 08:00:00,1.90000001,0.014733047298310709,0,train
2015-01-24 09:00:00,1.59999997,0.015174720496971,0,train
2015-01-24 10:00:00,1.5,0.01665522441421363,0,train
2015-01-24 11:00:00,1.10000002,0.014576810959073101,0,train
2015-01-24 12:00:00,0.90000001,0.011001737176420594,0,train
2015-01-24 13:00:00,1.1,0.011420177230232689,0,train
2015-01-24 14:00:00,1.0,0.009127366400400719,0,train
2015-01-24 15:00:00,1.00000003,0.007580719138246937,0,train
2015-01-24 16:00:00,0.90000001,0.007697678203849422,0,train
2015-01-24 17:00:00,1.10000002,0.008004720289609576,0,train
2015-01-24 18:00:00,1.1,0.008505212150884144,0,train
2015-01-24 19:00:00,0.80000002,0.008929959678704733,0,train
2015-01-24 20:00:00,1.39999998,0.008992127439261427,0,train
2015-01-24 21:00:00,1.5,0.008534557164242933,0,train
2015-01-24 22:00:00,1.60000002,0.007876344350226943,0,train
2015-01-24 23:00:00,1.5,0.007977567906705991,0,train
2015-01-25 00:00:00,1.5,0.008412822876496376,0,train
2015-01-25 01:00:00,1.40000003,0.008470859756894149,0,train
2015-01-25 02:00:00,1.60000002,0.008342940407985241,0,train
2015-01-25 03:00:00,1.69999999,0.008213860266557172,0,train
2015-01-25 04:00:00,1.5,0.008108499419112208,0,train
2015-01-25 05:00:00,1.5,0.00809850270143618,0,train
2015-01-25 06:00:00,1.69999999,0.008405264011094678,0,train
2015-01-25 07:00:00,1.69999999,0.009138682749518741,0,train
2015-01-25 08:00:00,1.79999996,0.010069632890928337,0,train
2015-01-25 09:00:00,1.5,0.010481447949413374,0,train
2015-01-25 10:00:00,1.59999997,0.010396676582971122,0,train
2015-01-25 11:00:00,1.59999997,0.008373660277027411,0,train
2015-01-25 12:00:00,1.59999997,0.008228708337638897,0,train
2015-01-25 13:00:00,0.80000002,0.008974137507089279,0,train
2015-01-25 14:00:00,1.0,0.007552666203680861,0,train
2015-01-25 15:00:00,1.10000002,0.007572883950200253,0,train
2015-01-25 16:00:00,0.90000001,0.007738357735667457,0,train
2015-01-25 17:00:00,1.20000002,0.008709220407316559,0,train
2015-01-25 18:00:00,1.89999998,0.009552332656646298,0,train
2015-01-25 19:00:00,1.39999998,0.009332215180978749,0,train
2015-01-25 20:00:00,1.60000002,0.008110281842513896,0,train
2015-01-25 21:00:00,1.5,0.00750130516251789,0,train
2015-01-25 22:00:00,1.80000001,0.007360245243520577,0,train
2015-01-25 23:00:00,1.39999998,0.00776103319885521,0,train
2015-01-26 00:00:00,1.69999999,0.01358345218214574,0,train
2015-01-26 01:00:00,1.59999997,0.01609392863797428,0,train
2015-01-26 02:00:00,1.39999998,0.011618774381271053,0,train
2015-01-26 03:00:00,1.69999999,0.008745255962863912,0,train
2015-01-26 04:00:00,1.30000001,0.007770776957939737,0,train
2015-01-26 05:00:00,1.79999996,0.00742503460758831,0,train
2015-01-26 06:00:00,1.59999997,0.0073256796485831055,0,train
2015-01-26 07:00:00,2.1,0.0074710013164299705,0,train
2015-01-26 08:00:00,4.2999999,0.007791502149762226,0,train
2015-01-26 09:00:00,7.3,0.008515288645484018,0,train
2015-01-26 10:00:00,6.8999999,0.009059596862855908,0,train
2015-01-26 11:00:00,11.4000001,0.010199621139862416,0,train
2015-01-26 12:00:00,11.7999997,0.01093975303591963,0,train
2015-01-26 13:00:00,5.3225,0.010768543660368769,0,train
2015-01-26 14:00:00,6.3675,0.010384945867213701,0,train
2015-01-26 15:00:00,4.5,0.00957912558969173,0,train
2015-01-26 16:00:00,1.89999999,0.009282715601691012,0,train
2015-01-26 17:00:00,1.39999998,0.009269680256933407,0,train
2015-01-26 18:00:00,1.10000002,0.009795418420787873,0,train
2015-01-26 19:00:00,1.19999999,0.010131430776052174,0,train
2015-01-26 20:00:00,1.10000002,0.010684194381158566,0,train
2015-01-26 21:00:00,1.10000002,0.010948351872175946,0,train
2015-01-26 22:00:00,1.19999999,0.010376517278122218,0,train
2015-01-26 23:00:00,1.19999999,0.008635289082173763,0,train
2015-01-27 00:00:00,1.30000001,0.008813676038065092,0,train
2015-01-27 01:00:00,1.19999999,0.008765264512363459,0,train
2015-01-27 02:00:00,1.89999998,0.008799127133349271,0,train
2015-01-27 03:00:00,1.69999999,0.009033785951394471,0,train
2015-01-27 04:00:00,1.69999999,0.009131577477352546,0,train
2015-01-27 05:00:00,1.69999999,0.00918627134430393,0,train
2015-01-27 06:00:00,1.80000001,0.00902675754204209,0,train
2015-01-27 07:00:00,2.3,0.008947175070491782,0,train
2015-01-27 08:00:00,4.1000001,0.009292851894672018,0,train
2015-01-27 09:00:00,8.1000002,0.009944968074968072,0,train
2015-01-27 10:00:00,8.4000001,0.01083464457921282,0,train
2015-01-27 11:00:00,8.6000004,0.01080032867319188,0,train
2015-01-27 12:00:00,11.6999998,0.009410292302762217,0,train
2015-01-27 13:00:00,3.6375,0.00897947053170757,0,train
2015-01-27 14:00:00,5.135,0.007798811431415507,0,train
2015-01-27 15:00:00,4.8999999,0.007733710247139381,0,train
2015-01-27 16:00:00,3.09999998,0.0074615996775152585,0,train
2015-01-27 17:00:00,1.5,0.007222617880431664,0,train
2015-01-27 18:00:00,1.30000001,0.007129895883349352,0,train
2015-01-27 19:00:00,1.30000001,0.007119968562540708,0,train
2015-01-27 20:00:00,1.10000002,0.007152182074114266,0,train
2015-01-27 21:00:00,1.40000003,0.007188452310323984,0,train
2015-01-27 22:00:00,1.0,0.0070485919915346884,0,train
2015-01-27 23:00:00,1.10000002,0.006782729102613978,0,train
2015-01-28 00:00:00,1.30000001,0.007418566666271434,0,train
2015-01-28 01:00:00,1.0,0.00798345938869644,0,train
2015-01-28 02:00:00,0.90000001,0.007829288760460093,0,train
2015-01-28 03:00:00,1.30000001,0.007407281987774466,0,train
2015-01-28 04:00:00,1.10000002,0.007605145986338877,0,train
2015-01-28 05:00:00,1.10000002,0.0073633991823470486,0,train
2015-01-28 06:00:00,1.5,0.007134021500826103,0,train
2015-01-28 07:00:00,3.7,0.007274278310542486,0,train
2015-01-28 08:00:00,4.3,0.007655094747451007,0,train
2015-01-28 09:00:00,8.1000001,0.008130684293040485,0,train
2015-01-28 10:00:00,8.7000003,0.009062153241354044,0,train
2015-01-28 11:00:00,9.8000002,0.008415362037122532,0,train
2015-01-28 12:00:00,11.4000001,0.007210673598542058,0,train
2015-01-28 13:00:00,4.0175,0.006967847805093857,0,train
2015-01-28 14:00:00,6.4025,0.007178298155196034,0,train
2015-01-28 15:00:00,4.9,0.007159753901068415,0,train
2015-01-28 16:00:00,2.10000002,0.007147910330962749,0,train
2015-01-28 17:00:00,1.30000001,0.0071137217265202345,0,train
2015-01-28 18:00:00,1.30000001,0.0070750088634128185,0,train
2015-01-28 19:00:00,1.20000004,0.0069892556917167704,0,train
2015-01-28 20:00:00,0.90000001,0.006875951993710144,0,train
2015-01-28 21:00:00,1.20000004,0.006723421734071071,0,train
2015-01-28 22:00:00,1.19999999,0.006357309597009645,0,train
2015-01-28 23:00:00,0.90000001,0.00611692843741706,0,train
2015-01-29 00:00:00,1.60000002,0.00711286331778052,0,train
2015-01-29 01:00:00,1.60000002,0.00721774121724263,0,train
2015-01-29 02:00:00,1.79999996,0.006791777134280215,0,train
2015-01-29 03:00:00,1.69999999,0.006601944023655544,0,train
2015-01-29 04:00:00,1.69999999,0.006680441146237379,0,train
2015-01-29 05:00:00,1.59999997,0.0074742021088058525,0,train
2015-01-29 06:00:00,2.1,0.006988052179640633,0,train
2015-01-29 07:00:00,2.5,0.006543843020563233,0,train
2015-01-29 08:00:00,4.8999999,0.0070079844974856465,0,train
2015-01-29 09:00:00,7.5999999,0.007552992113135708,0,train
2015-01-29 10:00:00,5.5999999,0.007349834879559902,0,train
2015-01-29 11:00:00,8.9000001,0.00749680335243448,0,train
2015-01-29 12:00:00,11.0999999,0.006275037938066018,0,train
2015-01-29 13:00:00,3.6775,0.006996337854872727,0,train
2015-01-29 14:00:00,6.3775,0.007471800349354694,0,train
2015-01-29 15:00:00,3.6,0.007068339383647493,0,train
2015-01-29 16:00:00,2.99999988,0.00689857416846238,0,train
2015-01-29 17:00:00,1.20000004,0.006978995188178346,0,train
2015-01-29 18:00:00,1.40000003,0.007322000268484523,0,train
2015-01-29 19:00:00,1.10000002,0.007615334049588996,0,train
2015-01-29 20:00:00,1.10000002,0.007640566459836314,0,train
2015-01-29 21:00:00,1.0,0.0073950093251251596,0,train
2015-01-29 22:00:00,1.69999999,0.007103379568292072,0,train
2015-01-29 23:00:00,1.59999997,0.00743612890861326,0,train
2015-01-30 00:00:00,1.60000002,0.008687622709679741,0,train
2015-01-30 01:00:00,1.59999997,0.00890808921384477,0,train
2015-01-30 02:00:00,1.69999999,0.008512588709974896,0,train
2015-01-30 03:00:00,1.69999999,0.008287749040023268,0,train
2015-01-30 04:00:00,1.80000001,0.008392639742634782,0,train
2015-01-30 05:00:00,1.5,0.009167658197654202,0,train
2015-01-30 06:00:00,1.89999998,0.009422713528754633,0,train
2015-01-30 07:00:00,2.2,0.008964441264722702,0,train
2015-01-30 08:00:00,4.0,0.00930422039979548,0,train
2015-01-30 09:00:00,8.0,0.0099997825569291,0,train
2015-01-30 10:00:00,8.6999998,0.01075055697865954,0,train
2015-01-30 11:00:00,10.8000002,0.010951268788050065,0,train
2015-01-30 12:00:00,7.3875,0.008609135179519447,0,train
2015-01-30 13:00:00,3.0675,0.00788275411129426,0,train
2015-01-30 14:00:00,6.7975,0.008479747341775187,0,train
2015-01-30 15:00:00,5.7,0.008048288524102967,0,train
2015-01-30 16:00:00,2.89999991,0.008171718144012718,0,train
2015-01-30 17:00:00,1.20000004,0.008488741748940942,0,train
2015-01-30 18:00:00,1.20000004,0.008896918393187656,0,train
2015-01-30 19:00:00,1.0,0.009083229455399494,0,train
2015-01-30 20:00:00,1.1,0.008999367170360179,0,train
2015-01-30 21:00:00,1.0,0.008821240532644417,0,train
2015-01-30 22:00:00,1.10000002,0.008804529197530749,0,train
2015-01-30 23:00:00,0.90000001,0.009191256541366478,0,train
2015-01-31 00:00:00,1.5,0.011271350802261553,0,train
2015-01-31 01:00:00,1.60000002,0.011664652597556686,0,train
2015-01-31 02:00:00,1.39999998,0.011104715145803112,0,train
2015-01-31 03:00:00,1.80000001,0.01111746222834527,0,train
2015-01-31 04:00:00,1.5,0.01289672261311152,0,train
2015-01-31 05:00:00,1.69999999,0.015361527855842994,0,train
2015-01-31 06:00:00,1.5,0.015827070912133506,0,train
2015-01-31 07:00:00,1.99999998,0.014155146489118448,0,train
2015-01-31 08:00:00,1.69999999,0.012671103605558127,0,train
2015-01-31 09:00:00,1.60000002,0.0125898385783273,0,train
2015-01-31 10:00:00,1.69999999,0.013713928084271455,0,train
2015-01-31 11:00:00,1.5,0.010616324206088976,0,train
2015-01-31 12:00:00,1.0,0.008206164532925116,0,train
2015-01-31 13:00:00,1.10000002,0.007966058574520828,0,train
2015-01-31 14:00:00,0.80000002,0.006240069673375538,0,train
2015-01-31 15:00:00,1.10000002,0.005972438792426128,0,train
2015-01-31 16:00:00,1.10000002,0.005969471449761842,0,train
2015-01-31 17:00:00,1.00000003,0.0063932371901311725,0,train
2015-01-31 18:00:00,0.90000001,0.007027688191744695,0,train
2015-01-31 19:00:00,1.19999999,0.007579723910407449,0,train
2015-01-31 20:00:00,1.59999997,0.007783821434158314,0,train
2015-01-31 21:00:00,1.5,0.007398264556658691,0,train
2015-01-31 22:00:00,1.59999997,0.006793817876783988,0,train
2015-01-31 23:00:00,1.60000002,0.006954333468077504,0,train
2015-02-01 00:00:00,1.80000001,0.007550499429636758,0,train
2015-02-01 01:00:00,1.60000002,0.007520251428860535,0,train
2015-02-01 02:00:00,1.39999998,0.007111528071562025,0,train
2015-02-01 03:00:00,1.69999999,0.006738867203692853,0,train
2015-02-01 04:00:00,1.5,0.006512425633933854,0,train
2015-02-01 05:00:00,1.59999997,0.006478065432182262,0,train
2015-02-01 06:00:00,1.40000003,0.006773370762911212,0,train
2015-02-01 07:00:00,2.2,0.007473307893102915,0,train
2015-02-01 08:00:00,1.60000002,0.008274752294451274,0,train
2015-02-01 09:00:00,1.59999997,0.008268551250428906,0,train
2015-02-01 10:00:00,1.60000002,0.007463563375696716,0,train
2015-02-01 11:00:00,1.69999999,0.0061090313346017985,0,train
2015-02-01 12:00:00,1.0,0.006074111262978183,0,train
2015-02-01 13:00:00,1.10000002,0.006768806800278192,0,train
2015-02-01 14:00:00,0.90000001,0.006755352255234228,0,train
2015-02-01 15:00:00,1.1,0.006654838176204151,0,train
2015-02-01 16:00:00,1.00000003,0.007014181859028887,0,train
2015-02-01 17:00:00,1.10000002,0.0075758764678099345,0,train
2015-02-01 18:00:00,1.30000001,0.008124286103787189,0,train
2015-02-01 19:00:00,1.69999999,0.007853914139984383,0,train
2015-02-01 20:00:00,1.5,0.007024713127028566,0,train
2015-02-01 21:00:00,1.5,0.006575808543758825,0,train
2015-02-01 22:00:00,1.60000002,0.006546746309875629,0,train
2015-02-01 23:00:00,1.5,0.0070310996642644315,0,train
2015-02-02 00:00:00,1.5,0.013109784680259586,0,train
2015-02-02 01:00:00,1.59999997,0.016641368204670364,0,train
2015-02-02 02:00:00,1.40000003,0.012069007569983066,0,train
2015-02-02 03:00:00,1.59999997,0.008143759481637558,0,train
2015-02-02 04:00:00,1.5,0.006911356167380217,0,train
2015-02-02 05:00:00,1.59999997,0.006527165580028735,0,train
2015-02-02 06:00:00,1.5,0.00636840942171601,0,train
2015-02-02 07:00:00,2.6,0.006380823898073698,0,train
2015-02-02 08:00:00,3.3,0.006561734922639805,0,train
2015-02-02 09:00:00,7.9999998,0.007238116779452934,0,train
2015-02-02 10:00:00,11.2000003,0.008195821816889383,0,train
2015-02-02 11:00:00,9.09,0.00908680716443111,0,train
2015-02-02 12:00:00,8.11,0.00930598496763413,0,train
2015-02-02 13:00:00,5.8425,0.008798078321673673,0,train
2015-02-02 14:00:00,6.835,0.008050956629257873,0,train
2015-02-02 15:00:00,5.4,0.007490030061317021,0,train
2015-02-02 16:00:00,2.40000001,0.0073624598108792605,0,train
2015-02-02 17:00:00,1.30000001,0.007621447606682298,0,train
2015-02-02 18:00:00,1.30000001,0.008346877563032823,0,train
2015-02-02 19:00:00,1.69999999,0.008401904903568317,0,train
2015-02-02 20:00:00,1.69999999,0.00884924336676546,0,train
2015-02-02 21:00:00,1.59999997,0.008987875958438403,0,train
2015-02-02 22:00:00,1.59999997,0.008252521182292914,0,train
2015-02-02 23:00:00,1.69999999,0.006438545866701823,0,train
2015-02-03 00:00:00,1.60000002,0.006494840489474359,0,train
2015-02-03 01:00:00,1.69999999,0.006397856564287857,0,train
2015-02-03 02:00:00,1.80000001,0.006412751467299719,0,train
2015-02-03 03:00:00,1.5,0.006561376463653427,0,train
2015-02-03 04:00:00,1.60000002,0.00660888688413893,0,train
2015-02-03 05:00:00,1.69999999,0.006743235113287329,0,train
2015-02-03 06:00:00,1.80000001,0.006682717831929034,0,train
2015-02-03 07:00:00,2.6,0.006810342248560922,0,train
2015-02-03 08:00:00,3.5,0.007313595932386139,0,train
2015-02-03 09:00:00,7.5999999,0.008002591810335125,0,train
2015-02-03 10:00:00,5.7,0.008462770396421938,0,train
2015-02-03 11:00:00,10.5,0.0077371329089509335,0,train
2015-02-03 12:00:00,9.8000002,0.006692490043691793,0,train
2015-02-03 13:00:00,3.9875,0.007076994955377917,0,train
2015-02-03 14:00:00,5.5425,0.007173993168735369,0,train
2015-02-03 15:00:00,6.5999998,0.007179042396941121,0,train
2015-02-03 16:00:00,2.40000002,0.007102914685877807,0,train
2015-02-03 17:00:00,1.40000003,0.00694793528562001,0,train
2015-02-03 18:00:00,1.10000002,0.006917400210483257,0,train
2015-02-03 19:00:00,1.20000004,0.007000922469222584,0,train
2015-02-03 20:00:00,1.5,0.0070869533041352335,0,train
2015-02-03 21:00:00,1.60000002,0.0071560964661906735,0,train
2015-02-03 22:00:00,1.69999999,0.007043061911037891,0,train
2015-02-03 23:00:00,1.80000001,0.0067707476470170525,0,train
2015-02-04 00:00:00,1.59999997,0.007189996231569538,0,train
2015-02-04 01:00:00,1.69999999,0.007466676984512797,0,train
2015-02-04 02:00:00,1.69999999,0.007288631447703881,0,train
2015-02-04 03:00:00,1.69999999,0.007140087658524221,0,train
2015-02-04 04:00:00,1.5,0.007338629995322177,0,train
2015-02-04 05:00:00,1.80000001,0.007265649995894419,0,train
2015-02-04 06:00:00,1.79999996,0.007135725953744907,0,train
2015-02-04 07:00:00,4.1,0.007254227386219662,0,train
2015-02-04 08:00:00,4.5999999,0.0075083651462945645,0,train
2015-02-04 09:00:00,8.0999999,0.007635429393899424,0,train
2015-02-04 10:00:00,6.1999998,0.007557842979039421,0,train
2015-02-04 11:00:00,11.5999999,0.007631140211552288,0,train
2015-02-04 12:00:00,12.2000003,0.006659675354949128,0,train
2015-02-04 13:00:00,4.16,0.00735808687753656,0,train
2015-02-04 14:00:00,12.3000002,0.00882321207501096,0,train
2015-02-04 15:00:00,7.2,0.009971744873116813,0,train
2015-02-04 16:00:00,2.10000001,0.010076837294497912,0,train
2015-02-04 17:00:00,1.59999997,0.01001197975645505,0,train
2015-02-04 18:00:00,1.20000004,0.010028995936951867,0,train
2015-02-04 19:00:00,1.20000004,0.010104209687906393,0,train
2015-02-04 20:00:00,1.19999999,0.010163534288749108,0,train
2015-02-04 21:00:00,1.19999999,0.01014307658494281,0,train
2015-02-04 22:00:00,1.39999998,0.009772682500816535,0,train
2015-02-04 23:00:00,1.80000001,0.009287688359665158,0,train
2015-02-05 00:00:00,1.69999999,0.00996494955099349,0,train
2015-02-05 01:00:00,1.5,0.010048735803912367,0,train
2015-02-05 02:00:00,1.90000001,0.009753117278059706,0,train
2015-02-05 03:00:00,1.69999999,0.00966915853094659,0,train
2015-02-05 04:00:00,1.60000002,0.009593067011908018,0,train
2015-02-05 05:00:00,1.89999998,0.009769694891390566,0,train
2015-02-05 06:00:00,1.80000001,0.009447856341670873,0,train
2015-02-05 07:00:00,4.0,0.0095315366995667,0,train
2015-02-05 08:00:00,4.3999999,0.010041458752612495,0,train
2015-02-05 09:00:00,8.1000001,0.010655973524972684,0,train
2015-02-05 10:00:00,7.4000001,0.011500916796414264,0,train
2015-02-05 11:00:00,10.1999998,0.011179328785433281,0,train
2015-02-05 12:00:00,11.0999999,0.00983164178544922,0,train
2015-02-05 13:00:00,3.55,0.01065352153204178,0,train
2015-02-05 14:00:00,12.1999998,0.011723938741505608,0,train
2015-02-05 15:00:00,6.3999999,0.01123636125036501,0,train
2015-02-05 16:00:00,1.5,0.01087992338787784,0,train
2015-02-05 17:00:00,1.40000003,0.01076087889644168,0,train
2015-02-05 18:00:00,1.10000002,0.010745860714740312,0,train
2015-02-05 19:00:00,1.1,0.010749597555265828,0,train
2015-02-05 20:00:00,1.0,0.010604467432387554,0,train
2015-02-05 21:00:00,1.69999999,0.010336754989407176,0,train
2015-02-05 22:00:00,1.69999999,0.010034164462956765,0,train
2015-02-05 23:00:00,1.69999999,0.01004543321019666,0,train
2015-02-06 00:00:00,1.69999999,0.010576194210352472,0,train
2015-02-06 01:00:00,1.5,0.010537343579807212,0,train
2015-02-06 02:00:00,1.69999999,0.010205523039055135,0,train
2015-02-06 03:00:00,1.69999999,0.010132981701146746,0,train
2015-02-06 04:00:00,1.60000002,0.009994057991639906,0,train
2015-02-06 05:00:00,1.69999999,0.010383609074183635,0,train
2015-02-06 06:00:00,1.79999996,0.009789255193674079,0,train
2015-02-06 07:00:00,3.8,0.009846618682788109,0,train
2015-02-06 08:00:00,4.1,0.010264726118059437,0,train
2015-02-06 09:00:00,7.0,0.010662803151378342,0,train
2015-02-06 10:00:00,7.8,0.011609475360337409,0,train
2015-02-06 11:00:00,9.6000004,0.011527647519404499,0,train
2015-02-06 12:00:00,7.4825,0.009995308299351701,0,train
2015-02-06 13:00:00,3.1975,0.01093097874405416,0,train
2015-02-06 14:00:00,7.1775,0.010203602261478312,0,train
2015-02-06 15:00:00,4.2,0.008810264112797566,0,train
2015-02-06 16:00:00,1.7,0.008597324175933068,0,train
2015-02-06 17:00:00,1.19999999,0.008783774238988643,0,train
2015-02-06 18:00:00,1.00000003,0.008980984223557413,0,train
2015-02-06 19:00:00,1.0,0.009079561036950212,0,train
2015-02-06 20:00:00,1.0,0.00908387520056323,0,train
2015-02-06 21:00:00,1.20000004,0.009053811178492141,0,train
2015-02-06 22:00:00,1.5,0.009200141246348152,0,train
2015-02-06 23:00:00,1.39999998,0.009686989319335289,0,train
2015-02-07 00:00:00,1.5,0.011369970205995056,0,train
2015-02-07 01:00:00,1.39999998,0.011379606491864322,0,train
2015-02-07 02:00:00,1.5,0.010641537393919287,0,train
2015-02-07 03:00:00,1.69999999,0.010172365819447802,0,train
2015-02-07 04:00:00,1.5,0.010696972700008973,0,train
2015-02-07 05:00:00,1.5,0.013361996922565974,0,train
2015-02-07 06:00:00,1.60000002,0.013466571524169694,0,train
2015-02-07 07:00:00,2.0,0.011658719541999303,0,train
2015-02-07 08:00:00,1.60000002,0.01077719761282566,0,train
2015-02-07 09:00:00,1.79999996,0.010988033731343666,0,train
2015-02-07 10:00:00,1.39999998,0.011625015976842125,0,train
2015-02-07 11:00:00,1.80000001,0.009672401259058766,0,train
2015-02-07 12:00:00,1.60000002,0.008098365208956184,0,train
2015-02-07 13:00:00,1.60000002,0.008179413960157245,0,train
2015-02-07 14:00:00,1.5,0.006661184535450516,0,train
2015-02-07 15:00:00,1.39999998,0.006093208028596771,0,train
2015-02-07 16:00:00,0.90000001,0.006153274352130492,0,train
2015-02-07 17:00:00,1.10000002,0.006545167529400316,0,train
2015-02-07 18:00:00,1.30000001,0.007104802835843935,0,train
2015-02-07 19:00:00,1.60000002,0.007563026563125225,0,train
2015-02-07 20:00:00,1.39999998,0.007617281426221713,0,train
2015-02-07 21:00:00,1.69999999,0.007178045944030262,0,train
2015-02-07 22:00:00,1.39999998,0.006528215591956854,0,train
2015-02-07 23:00:00,1.79999996,0.006886357354444424,0,train
2015-02-08 00:00:00,1.60000002,0.0074024009492107655,0,train
2015-02-08 01:00:00,1.39999998,0.007136336654649591,0,train
2015-02-08 02:00:00,1.30000001,0.006618028578515014,0,train
2015-02-08 03:00:00,1.59999997,0.006236246040690534,0,train
2015-02-08 04:00:00,1.59999997,0.005975247268911005,0,train
2015-02-08 05:00:00,1.39999998,0.005853420445704976,0,train
2015-02-08 06:00:00,1.79999996,0.0059978392876670105,0,train
2015-02-08 07:00:00,1.69999999,0.006518544266378905,0,train
2015-02-08 08:00:00,1.80000001,0.007204152916196839,0,train
2015-02-08 09:00:00,1.69999999,0.007397478218234685,0,train
2015-02-08 10:00:00,1.5,0.0070197517273244275,0,train
2015-02-08 11:00:00,1.5,0.006205828598212186,0,train
2015-02-08 12:00:00,1.1,0.006214533373620184,0,train
2015-02-08 13:00:00,1.0,0.006925081367348334,0,train
2015-02-08 14:00:00,0.80000002,0.006797243035150712,0,train
2015-02-08 15:00:00,1.19999999,0.0068214546776236415,0,train
2015-02-08 16:00:00,1.00000003,0.007195885669736508,0,train
2015-02-08 17:00:00,1.0,0.007987386558520404,0,train
2015-02-08 18:00:00,1.20000004,0.008731645696450487,0,train
2015-02-08 19:00:00,0.90000001,0.008681590640904983,0,train
2015-02-08 20:00:00,1.39999998,0.007845382302422882,0,train
2015-02-08 21:00:00,1.60000002,0.00735228678028777,0,train
2015-02-08 22:00:00,1.5,0.007304730170256357,0,train
2015-02-08 23:00:00,1.39999998,0.007806300967335199,0,train
2015-02-09 00:00:00,1.69999999,0.013798540048260711,0,train
2015-02-09 01:00:00,1.5,0.0176361665238321,0,train
2015-02-09 02:00:00,1.40000003,0.012967072923014475,0,train
2015-02-09 03:00:00,1.59999997,0.008765433474181872,0,train
2015-02-09 04:00:00,1.59999997,0.007397309013245102,0,train
2015-02-09 05:00:00,1.5,0.006958720297341376,0,train
2015-02-09 06:00:00,1.79999996,0.006752457857427875,0,train
2015-02-09 07:00:00,3.4999999,0.006694451741711987,0,train
2015-02-09 08:00:00,3.2,0.00689006787593589,0,train
2015-02-09 09:00:00,7.2,0.0074749343431665,0,train
2015-02-09 10:00:00,7.5999999,0.00826525869327178,0,train
2015-02-09 11:00:00,11.1000004,0.008875736263483494,0,train
2015-02-09 12:00:00,11.5,0.00898589358762677,0,train
2015-02-09 13:00:00,12.0999999,0.009000893687309991,0,train
2015-02-09 14:00:00,10.6999998,0.009058140767647237,0,train
2015-02-09 15:00:00,5.7000001,0.009033595736467347,0,train
2015-02-09 16:00:00,3.00000001,0.00913633768713403,0,train
2015-02-09 17:00:00,1.30000001,0.009975097711215889,0,train
2015-02-09 18:00:00,1.30000001,0.010558073495691534,0,train
2015-02-09 19:00:00,1.20000004,0.010372480853281737,0,train
2015-02-09 20:00:00,1.0,0.010881623036057688,0,train
2015-02-09 21:00:00,1.30000001,0.01141280857382395,0,train
2015-02-09 22:00:00,1.10000002,0.011141713426120373,0,train
2015-02-09 23:00:00,1.10000002,0.009565585239946151,0,train
2015-02-10 00:00:00,1.69999999,0.009921566216914788,0,train
2015-02-10 01:00:00,1.80000001,0.010158312887314018,0,train
2015-02-10 02:00:00,1.60000002,0.010512598350581943,0,train
2015-02-10 03:00:00,1.5,0.010907976578648615,0,train
2015-02-10 04:00:00,1.89999998,0.011881134728087864,0,train
2015-02-10 05:00:00,1.39999998,0.01225995704745658,0,train
2015-02-10 06:00:00,1.99999998,0.011647300194977218,0,train
2015-02-10 07:00:00,3.8,0.01102128203168445,0,train
2015-02-10 08:00:00,3.9,0.011019891006645719,0,train
2015-02-10 09:00:00,7.8999999,0.011591785044476475,0,train
2015-02-10 10:00:00,7.1999998,0.011930900823767637,0,train
2015-02-10 11:00:00,10.8999996,0.012925138030485244,0,train
2015-02-10 12:00:00,12.0,0.01306090083478478,0,train
2015-02-10 13:00:00,4.04,0.013015934853895255,0,train
2015-02-10 14:00:00,11.7000003,0.01274343867871831,0,train
2015-02-10 15:00:00,4.5999999,0.012801880409513015,0,train
2015-02-10 16:00:00,1.39999998,0.012507484884213072,0,train
2015-02-10 17:00:00,1.5,0.012029694896143773,0,train
2015-02-10 18:00:00,1.30000001,0.01164833966124076,0,train
2015-02-10 19:00:00,1.10000002,0.011457534279013228,0,train
2015-02-10 20:00:00,1.10000002,0.011430382549652066,0,train
2015-02-10 21:00:00,1.19999999,0.01141153592044132,0,train
2015-02-10 22:00:00,1.69999999,0.011171655308206414,0,train
2015-02-10 23:00:00,1.69999999,0.01087531059101174,0,train
2015-02-11 00:00:00,1.69999999,0.011459356472172515,0,train
2015-02-11 01:00:00,1.60000002,0.01229933533846078,0,train
2015-02-11 02:00:00,1.80000001,0.012569851462096446,0,train
2015-02-11 03:00:00,1.5,0.011824050865265102,0,train
2015-02-11 04:00:00,1.69999999,0.011462949262439627,0,train
2015-02-11 05:00:00,1.60000002,0.01070545417741359,0,train
2015-02-11 06:00:00,1.99999998,0.010881173224462687,0,train
2015-02-11 07:00:00,4.1000001,0.010952870112741233,0,train
2015-02-11 08:00:00,4.4999999,0.010884062590364993,0,train
2015-02-11 09:00:00,8.0999999,0.011268984546489716,0,train
2015-02-11 10:00:00,7.4000001,0.012134117425869707,0,train
2015-02-11 11:00:00,8.565,0.011885621344314659,0,train
2015-02-11 12:00:00,8.9375,0.011128609754070878,0,train
2015-02-11 13:00:00,4.2425,0.010593341450515046,0,train
2015-02-11 14:00:00,6.71,0.010692674398642627,0,train
2015-02-11 15:00:00,4.8000001,0.009609179724235228,0,train
2015-02-11 16:00:00,1.89999999,0.009527177081933416,0,train
2015-02-11 17:00:00,1.20000004,0.009362139528349512,0,train
2015-02-11 18:00:00,1.40000003,0.009305712040399433,0,train
2015-02-11 19:00:00,1.00000003,0.009207067122613644,0,train
2015-02-11 20:00:00,1.10000002,0.009089958428395398,0,train
2015-02-11 21:00:00,1.10000002,0.00894270314571118,0,train
2015-02-11 22:00:00,1.0,0.008565299416309183,0,train
2015-02-11 23:00:00,1.5,0.008254236436145162,0,train
2015-02-12 00:00:00,1.79999996,0.009032231207422118,0,train
2015-02-12 01:00:00,1.60000002,0.00908729792411793,0,train
2015-02-12 02:00:00,1.60000002,0.00861127224669093,0,train
2015-02-12 03:00:00,1.69999999,0.008371837870576734,0,train
2015-02-12 04:00:00,1.69999999,0.00845586674601398,0,train
2015-02-12 05:00:00,1.60000002,0.00923295293352453,0,train
2015-02-12 06:00:00,2.2,0.008521012864532676,0,train
2015-02-12 07:00:00,3.6,0.008216140377355859,0,train
2015-02-12 08:00:00,4.1,0.008465796474127934,0,train
2015-02-12 09:00:00,7.8999999,0.008878692444112924,0,train
2015-02-12 10:00:00,7.2,0.009656730043866395,0,train
2015-02-12 11:00:00,10.0,0.009269294753807247,0,train
2015-02-12 12:00:00,10.3000002,0.008146611782008456,0,train
2015-02-12 13:00:00,3.515,0.010061475274423515,0,train
2015-02-12 14:00:00,12.2999997,0.01015702922902963,0,train
2015-02-12 15:00:00,6.5000001,0.010620859217067465,0,train
2015-02-12 16:00:00,2.89999991,0.010594376830988907,0,train
2015-02-12 17:00:00,1.40000003,0.010630192800419847,0,train
2015-02-12 18:00:00,1.19999999,0.010800128079697597,0,train
2015-02-12 19:00:00,1.10000002,0.010885702865236185,0,train
2015-02-12 20:00:00,1.20000004,0.010690277969176883,0,train
2015-02-12 21:00:00,1.10000002,0.010265126461684274,0,train
2015-02-12 22:00:00,1.10000002,0.009768241442597714,0,train
2015-02-12 23:00:00,1.5,0.009625803643810769,0,train
2015-02-13 00:00:00,1.29999999,0.010290273844473938,0,train
2015-02-13 01:00:00,1.60000002,0.010257218012472641,0,train
2015-02-13 02:00:00,1.69999999,0.00992644397132062,0,train
2015-02-13 03:00:00,1.69999999,0.009823548237831698,0,train
2015-02-13 04:00:00,1.5,0.009617411673235822,0,train
2015-02-13 05:00:00,1.59999997,0.00989982451224765,0,train
2015-02-13 06:00:00,1.79999996,0.009261220843162343,0,train
2015-02-13 07:00:00,3.6,0.009394944695151106,0,train
2015-02-13 08:00:00,3.8,0.009860854079253344,0,train
2015-02-13 09:00:00,7.8999999,0.010211995409554505,0,train
2015-02-13 10:00:00,9.0,0.010686515912459754,0,train
2015-02-13 11:00:00,8.05,0.010409455226149913,0,train
2015-02-13 12:00:00,7.0875,0.009436141254763662,0,train
2015-02-13 13:00:00,3.0,0.01075749047076403,0,train
2015-02-13 14:00:00,11.3000002,0.010695315850006262,0,train
2015-02-13 15:00:00,3.7,0.009930333132486736,0,train
2015-02-13 16:00:00,1.39999998,0.009729790689569574,0,train
2015-02-13 17:00:00,1.1,0.009803026576481333,0,train
2015-02-13 18:00:00,1.00000003,0.009874042334151007,0,train
2015-02-13 19:00:00,0.90000001,0.009864637538682008,0,train
2015-02-13 20:00:00,0.70000002,0.009831979937038217,0,train
2015-02-13 21:00:00,0.90000003,0.009844225604981953,0,train
2015-02-13 22:00:00,0.90000001,0.010007911244912043,0,train
2015-02-13 23:00:00,0.90000001,0.010417056964471856,0,train
2015-02-14 00:00:00,1.20000002,0.01206337563777112,0,train
2015-02-14 01:00:00,0.80000001,0.01196081014878238,0,train
2015-02-14 02:00:00,0.80000001,0.011160619560792754,0,train
2015-02-14 03:00:00,0.90000001,0.010704362498537661,0,train
2015-02-14 04:00:00,1.40000003,0.011019117624390316,0,train
2015-02-14 05:00:00,1.5,0.013186310779039995,0,train
2015-02-14 06:00:00,1.5,0.013076859108014297,0,train
2015-02-14 07:00:00,1.60000002,0.011407249219731625,0,train
2015-02-14 08:00:00,1.5,0.010820296575305794,0,train
2015-02-14 09:00:00,1.40000003,0.011174141388976572,0,train
2015-02-14 10:00:00,0.90000001,0.011855638397954518,0,train
2015-02-14 11:00:00,0.80000001,0.010221980474552568,0,train
2015-02-14 12:00:00,0.80000002,0.009225930268022002,0,train
2015-02-14 13:00:00,0.90000001,0.010109294272946006,0,train
2015-02-14 14:00:00,1.0,0.007967897177270764,0,train
2015-02-14 15:00:00,0.60000002,0.006528008943213491,0,train
2015-02-14 16:00:00,1.0,0.006672029969518943,0,train
2015-02-14 17:00:00,0.80000001,0.006989484912418595,0,train
2015-02-14 18:00:00,0.90000003,0.007492415107639299,0,train
2015-02-14 19:00:00,0.90000001,0.00789758066534651,0,train
2015-02-14 20:00:00,0.80000001,0.007894964731209176,0,train
2015-02-14 21:00:00,1.5,0.007278839774926819,0,train
2015-02-14 22:00:00,1.5,0.0065963221016431045,0,train
2015-02-14 23:00:00,1.30000001,0.0067275597008770996,0,train
2015-02-15 00:00:00,1.40000003,0.007159027056005484,0,train
2015-02-15 01:00:00,1.40000003,0.00722407256989972,0,train
2015-02-15 02:00:00,1.60000002,0.0070806148225910645,0,train
2015-02-15 03:00:00,1.30000001,0.00691785550387538,0,train
2015-02-15 04:00:00,1.5,0.006735052560167431,0,train
2015-02-15 05:00:00,1.39999998,0.006594312774213278,0,train
2015-02-15 06:00:00,1.5,0.006658140574341989,0,train
2015-02-15 07:00:00,1.69999999,0.00709225072839319,0,train
2015-02-15 08:00:00,1.60000002,0.007717131357377108,0,train
2015-02-15 09:00:00,1.5,0.00764127527829996,0,train
2015-02-15 10:00:00,1.5,0.006899324668508963,0,train
2015-02-15 11:00:00,0.80000002,0.006506331820963093,0,train
2015-02-15 12:00:00,0.80000002,0.0066777045951748335,0,train
2015-02-15 13:00:00,1.00000003,0.007425961426573173,0,train
2015-02-15 14:00:00,0.80000002,0.006308360199405461,0,train
2015-02-15 15:00:00,0.70000002,0.006497819885811901,0,train
2015-02-15 16:00:00,0.90000001,0.006936379693898545,0,train
2015-02-15 17:00:00,1.00000003,0.0076641506854313556,0,train
2015-02-15 18:00:00,1.39999998,0.008336054305484383,0,train
2015-02-15 19:00:00,1.40000003,0.008166872359334722,0,train
2015-02-15 20:00:00,1.39999998,0.007336236309253392,0,train
2015-02-15 21:00:00,1.5,0.006842775074816761,0,train
2015-02-15 22:00:00,1.30000001,0.006736828608583674,0,train
2015-02-15 23:00:00,1.40000003,0.007118425418005682,0,train
2015-02-16 00:00:00,1.39999998,0.012877853345555204,0,train
2015-02-16 01:00:00,1.40000003,0.015517889023390042,0,train
2015-02-16 02:00:00,1.60000002,0.010937905677210957,0,train
2015-02-16 03:00:00,1.30000001,0.007937063924406629,0,train
2015-02-16 04:00:00,1.30000001,0.006975654311328479,0,train
2015-02-16 05:00:00,1.59999997,0.006603965243733203,0,train
2015-02-16 06:00:00,1.5,0.006415196073197234,0,train
2015-02-16 07:00:00,1.69999999,0.00643818767592217,0,train
2015-02-16 08:00:00,1.79999996,0.0067411914508678965,0,train
2015-02-16 09:00:00,1.20000004,0.007539433925649867,0,train
2015-02-16 10:00:00,0.70000002,0.008919469950958893,0,train
2015-02-16 11:00:00,0.90000001,0.011188848626084439,0,train
2015-02-16 12:00:00,1.39999998,0.01362316063862905,0,train
2015-02-16 13:00:00,1.5,0.016019957770837107,0,train
2015-02-16 14:00:00,1.69999999,0.017925775253042363,0,train
2015-02-16 15:00:00,0.90000003,0.019079730741446622,0,train
2015-02-16 16:00:00,0.70000002,0.020000103083190904,0,train
2015-02-16 17:00:00,1.0,0.02092072642132405,0,train
2015-02-16 18:00:00,0.90000003,0.021395190075894695,1,train
2015-02-16 19:00:00,1.39999998,0.021400371927670366,1,train
2015-02-16 20:00:00,1.39999998,0.021147154887854337,0,train
2015-02-16 21:00:00,1.5,0.020244396164694197,0,train
2015-02-16 22:00:00,1.5,0.019656182064118448,0,train
2015-02-16 23:00:00,1.30000001,0.018189924226366606,0,train
2015-02-17 00:00:00,1.60000002,0.018318038995586258,0,train
2015-02-17 01:00:00,1.30000001,0.017915169336011665,0,train
2015-02-17 02:00:00,1.5,0.01739964381082376,0,train
2015-02-17 03:00:00,1.20000004,0.016630513905300685,0,train
2015-02-17 04:00:00,1.39999998,0.015608724458166858,0,train
2015-02-17 05:00:00,1.5,0.014480082148328292,0,train
2015-02-17 06:00:00,1.5,0.013603272488592577,0,train
2015-02-17 07:00:00,1.69999999,0.013136529022607122,0,train
2015-02-17 08:00:00,1.60000002,0.01305694215843362,0,train
2015-02-17 09:00:00,1.20000004,0.012999772637633212,0,train
2015-02-17 10:00:00,0.80000002,0.012991173726445218,0,train
2015-02-17 11:00:00,0.80000002,0.012314511875970486,0,train
2015-02-17 12:00:00,1.00000003,0.01173011430938328,0,train
2015-02-17 13:00:00,1.0,0.01039594009115037,0,train
2015-02-17 14:00:00,0.80000002,0.010617844416083624,0,train
2015-02-17 15:00:00,0.90000001,0.011289418487352036,0,train
2015-02-17 16:00:00,0.80000001,0.012229659659072639,0,train
2015-02-17 17:00:00,1.0,0.01281423995010927,0,train
2015-02-17 18:00:00,0.80000001,0.012967324768118514,0,train
2015-02-17 19:00:00,0.90000001,0.012934394362497511,0,train
2015-02-17 20:00:00,1.30000001,0.01277777135390149,0,train
2015-02-17 21:00:00,1.5,0.012388148680306507,0,train
2015-02-17 22:00:00,1.39999998,0.01166179751696655,0,train
2015-02-17 23:00:00,1.30000001,0.010866263504057038,0,train
2015-02-18 00:00:00,1.60000002,0.011169474525296529,0,train
2015-02-18 01:00:00,1.20000004,0.011424794248433484,0,train
2015-02-18 02:00:00,1.60000002,0.011482621340428035,0,train
2015-02-18 03:00:00,1.30000001,0.01132597402703049,0,train
2015-02-18 04:00:00,1.5,0.011308913121515126,0,train
2015-02-18 05:00:00,1.40000003,0.011166333322823465,0,train
2015-02-18 06:00:00,1.60000002,0.010912104101600187,0,train
2015-02-18 07:00:00,1.60000002,0.0106615464736405,0,train
2015-02-18 08:00:00,1.69999999,0.010517619222657773,0,train
2015-02-18 09:00:00,1.1,0.010284912680001467,0,train
2015-02-18 10:00:00,0.80000002,0.010192323073891193,0,train
2015-02-18 11:00:00,0.80000002,0.009468069359180051,0,train
2015-02-18 12:00:00,1.00000003,0.008392718816949536,0,train
2015-02-18 13:00:00,0.80000002,0.008554146531491755,0,train
2015-02-18 14:00:00,1.00000003,0.007296469717107713,0,train
2015-02-18 15:00:00,0.80000002,0.007355936398142977,0,train
2015-02-18 16:00:00,1.10000002,0.0076511441556286275,0,train
2015-02-18 17:00:00,0.80000001,0.008005153347408412,0,train
2015-02-18 18:00:00,1.00000003,0.00829173407909959,0,train
2015-02-18 19:00:00,1.30000001,0.008451402173612342,0,train
2015-02-18 20:00:00,1.5,0.008377719063922383,0,train
2015-02-18 21:00:00,1.39999998,0.007972648505828826,0,train
2015-02-18 22:00:00,1.39999998,0.007284091942884166,0,train
2015-02-18 23:00:00,1.5,0.006719242505783683,0,train
2015-02-19 00:00:00,1.5,0.00699871246114291,0,train
2015-02-19 01:00:00,1.30000001,0.0072657783039647,0,train
2015-02-19 02:00:00,1.39999998,0.007506207848958255,0,train
2015-02-19 03:00:00,1.5,0.007217831976273119,0,train
2015-02-19 04:00:00,1.30000001,0.007452030215826086,0,train
2015-02-19 05:00:00,1.5,0.007581031489045934,0,train
2015-02-19 06:00:00,1.5,0.007703520201014764,0,train
2015-02-19 07:00:00,1.89999998,0.007938796140071142,0,train
2015-02-19 08:00:00,1.5,0.008079664222966377,0,train
2015-02-19 09:00:00,1.30000001,0.007641726114504179,0,train
2015-02-19 10:00:00,0.80000002,0.007153741695395975,0,train
2015-02-19 11:00:00,1.19999999,0.006936293057020289,0,train
2015-02-19 12:00:00,1.30000001,0.006900002931570278,0,train
2015-02-19 13:00:00,1.60000002,0.007079887037717252,0,train
2015-02-19 14:00:00,1.40000003,0.008095004904746501,0,train
2015-02-19 15:00:00,1.69999999,0.008459974128702157,0,train
2015-02-19 16:00:00,1.0,0.009026511369071812,0,train
2015-02-19 17:00:00,1.0,0.009742228867262663,0,train
2015-02-19 18:00:00,0.80000001,0.010277451318534815,0,train
2015-02-19 19:00:00,0.90000001,0.010509445581779223,0,train
2015-02-19 20:00:00,0.80000002,0.010376932822577619,0,train
2015-02-19 21:00:00,1.30000001,0.009894290605353396,0,train
2015-02-19 22:00:00,1.5,0.009265774046281072,0,train
2015-02-19 23:00:00,1.20000004,0.008846054279041629,0,train
2015-02-20 00:00:00,1.5,0.008857149124522387,0,train
2015-02-20 01:00:00,1.20000004,0.008695898333788081,0,train
2015-02-20 02:00:00,1.39999998,0.008556586379572415,0,train
2015-02-20 03:00:00,1.40000003,0.008689633745409245,0,train
2015-02-20 04:00:00,1.5,0.009253211992289923,0,train
2015-02-20 05:00:00,1.40000003,0.009761972234604243,0,train
2015-02-20 06:00:00,1.69999999,0.0099068666688831,0,train
2015-02-20 07:00:00,1.60000002,0.00973040547467743,0,train
2015-02-20 08:00:00,1.90000001,0.0095374595241487,0,train
2015-02-20 09:00:00,1.20000002,0.009079880084633781,0,train
2015-02-20 10:00:00,0.90000001,0.009075694492202902,0,train
2015-02-20 11:00:00,0.70000002,0.008444042480133016,0,train
2015-02-20 12:00:00,1.19999999,0.007948713414134317,0,train
2015-02-20 13:00:00,0.70000002,0.00845300767715957,0,train
2015-02-20 14:00:00,0.80000002,0.00811625791338959,0,train
2015-02-20 15:00:00,1.00000003,0.008261425445517926,0,train
2015-02-20 16:00:00,0.80000002,0.008779926615607917,0,train
2015-02-20 17:00:00,1.0,0.009258676819115517,0,train
2015-02-20 18:00:00,1.5,0.009469092199113733,0,train
2015-02-20 19:00:00,1.30000001,0.009343160859641935,0,train
2015-02-20 20:00:00,1.40000003,0.009212812862775695,0,train
2015-02-20 21:00:00,1.5,0.008977234390422043,0,train
2015-02-20 22:00:00,1.30000001,0.008797098598804044,0,train
2015-02-20 23:00:00,1.5,0.008802338343426714,0,train
2015-02-21 00:00:00,1.30000001,0.0095740810371501,0,train
2015-02-21 01:00:00,1.30000001,0.009575063151305362,0,train
2015-02-21 02:00:00,1.20000004,0.009432853234357013,0,train
2015-02-21 03:00:00,1.69999999,0.009558839141993172,0,train
2015-02-21 04:00:00,1.30000001,0.010430780900000937,0,train
2015-02-21 05:00:00,1.39999998,0.011466630775082478,0,train
2015-02-21 06:00:00,1.5,0.0120293499737312,0,train
2015-02-21 07:00:00,1.79999996,0.011923614070678707,0,train
2015-02-21 08:00:00,1.5,0.011501498289628004,0,train
2015-02-21 09:00:00,1.40000003,0.010531905372824226,0,train
2015-02-21 10:00:00,1.40000003,0.009360780725916321,0,train
2015-02-21 11:00:00,1.19999999,0.008529475067947717,0,train
2015-02-21 12:00:00,1.00000003,0.008020958250144308,0,train
2015-02-21 13:00:00,0.80000002,0.00819833716573965,0,train
2015-02-21 14:00:00,0.80000002,0.007010566302501314,0,train
2015-02-21 15:00:00,1.00000003,0.006820925405521819,0,train
2015-02-21 16:00:00,0.70000002,0.006963407723834687,0,train
2015-02-21 17:00:00,0.90000003,0.007391018767293027,0,train
2015-02-21 18:00:00,1.19999999,0.007850487855307328,0,train
2015-02-21 19:00:00,1.5,0.008109516880653651,0,train
2015-02-21 20:00:00,1.30000001,0.008122583236139323,0,train
2015-02-21 21:00:00,1.5,0.008035515707553974,0,train
2015-02-21 22:00:00,1.40000003,0.008106424949021578,0,train
2015-02-21 23:00:00,1.5,0.009309288025614114,0,train
2015-02-22 00:00:00,1.60000002,0.010669107668419912,0,train
2015-02-22 01:00:00,1.39999998,0.010398190867162291,0,train
2015-02-22 02:00:00,1.30000001,0.009351425593782093,0,train
2015-02-22 03:00:00,1.60000002,0.008551068056050597,0,train
2015-02-22 04:00:00,1.30000001,0.008345523908634985,0,train
2015-02-22 05:00:00,1.40000003,0.00917110526302837,0,train
2015-02-22 06:00:00,1.5,0.01043255698142119,0,train
2015-02-22 07:00:00,1.60000002,0.010637584245030227,0,train
2015-02-22 08:00:00,1.60000002,0.009615627671430689,0,train
2015-02-22 09:00:00,1.39999998,0.008302271153104293,0,train
2015-02-22 10:00:00,1.39999998,0.007240236655660319,0,train
2015-02-22 11:00:00,1.5,0.006593161310343889,0,train
2015-02-22 12:00:00,1.5,0.006419761373833057,0,train
2015-02-22 13:00:00,1.39999998,0.006760132591309761,0,train
2015-02-22 14:00:00,1.39999998,0.007568057216672213,0,train
2015-02-22 15:00:00,1.59999997,0.00854523018570498,0,train
2015-02-22 16:00:00,1.19999999,0.009271709617570591,0,train
2015-02-22 17:00:00,0.90000001,0.00960303787799674,0,train
2015-02-22 18:00:00,0.90000001,0.009639149658221761,0,train
2015-02-22 19:00:00,1.10000002,0.009340218789370289,0,train
2015-02-22 20:00:00,1.30000001,0.008468844325430911,0,train
2015-02-22 21:00:00,1.40000003,0.007855032961303467,0,train
2015-02-22 22:00:00,1.40000003,0.007913270119854474,0,train
2015-02-22 23:00:00,1.30000001,0.008491288786670997,0,train
2015-02-23 00:00:00,1.39999998,0.01329063881096947,0,train
2015-02-23 01:00:00,1.30000001,0.015076144802266498,0,train
2015-02-23 02:00:00,1.59999997,0.011535859008993574,0,train
2015-02-23 03:00:00,1.40000003,0.009492194548610717,0,train
2015-02-23 04:00:00,1.30000001,0.008574311688033782,0,train
2015-02-23 05:00:00,1.39999998,0.008203203307837484,0,train
2015-02-23 06:00:00,1.79999996,0.008305549882904703,0,train
2015-02-23 07:00:00,4.5,0.00889014755268184,0,train
2015-02-23 08:00:00,3.9,0.009833599007235435,0,train
2015-02-23 09:00:00,7.7,0.01167435046720841,0,train
2015-02-23 10:00:00,10.3000002,0.015026100666558916,0,train
2015-02-23 11:00:00,9.115,0.018704568041304458,0,train
2015-02-23 12:00:00,7.475,0.021402734528248705,1,train
2015-02-23 13:00:00,5.6325,0.022847480821931422,1,train
2015-02-23 14:00:00,6.925,0.02373332626878242,1,train
2015-02-23 15:00:00,5.1,0.024587630172799076,1,train
2015-02-23 16:00:00,2.59999999,0.024979082362746843,1,train
2015-02-23 17:00:00,1.19999999,0.025158745750596023,1,train
2015-02-23 18:00:00,1.10000002,0.024888311496511255,1,train
2015-02-23 19:00:00,1.0,0.02442420352037256,1,train
2015-02-23 20:00:00,1.39999998,0.02402973477116785,1,train
2015-02-23 21:00:00,1.59999997,0.02317102623929096,1,train
2015-02-23 22:00:00,1.5,0.021462339777740327,1,train
2015-02-23 23:00:00,1.69999999,0.019011142948564833,0,train
2015-02-24 00:00:00,1.40000003,0.01828893238803253,0,train
2015-02-24 01:00:00,1.60000002,0.017617641017705778,0,train
2015-02-24 02:00:00,1.5,0.017056457584698276,0,train
2015-02-24 03:00:00,1.69999999,0.016885233644473554,0,train
2015-02-24 04:00:00,1.60000002,0.016846717143970104,0,train
2015-02-24 05:00:00,1.30000001,0.016807723974638585,0,train
2015-02-24 06:00:00,1.99999998,0.016720958741754718,0,train
2015-02-24 07:00:00,1.89999998,0.01682429558541953,0,train
2015-02-24 08:00:00,4.1,0.016902432360362686,0,train
2015-02-24 09:00:00,6.3000002,0.01702623157462481,0,train
2015-02-24 10:00:00,8.0999999,0.016896253439652804,0,train
2015-02-24 11:00:00,10.0,0.01651548914188319,0,train
2015-02-24 12:00:00,11.0999999,0.016592665045914463,0,train
2015-02-24 13:00:00,3.86,0.017569954989923715,0,train
2015-02-24 14:00:00,5.89,0.018042269136078665,0,train
2015-02-24 15:00:00,6.7999997,0.01803300123717873,0,train
2015-02-24 16:00:00,2.59999999,0.0180676938489963,0,train
2015-02-24 17:00:00,1.5,0.018190625011418545,0,train
2015-02-24 18:00:00,1.5,0.018501398347108677,0,train
2015-02-24 19:00:00,1.10000002,0.01877236332825223,0,train
2015-02-24 20:00:00,1.20000004,0.0190073024844537,0,train
2015-02-24 21:00:00,1.19999999,0.019296699816994303,0,train
2015-02-24 22:00:00,1.10000002,0.019366839145430133,0,train
2015-02-24 23:00:00,1.10000002,0.0188657000008927,0,train
2015-02-25 00:00:00,1.19999999,0.01807378057831575,0,train
2015-02-25 01:00:00,1.39999998,0.01731799952070822,0,train
2015-02-25 02:00:00,1.0,0.01665066004697691,0,train
2015-02-25 03:00:00,1.20000004,0.016090557271134388,0,train
2015-02-25 04:00:00,1.59999997,0.01592085492051509,0,train
2015-02-25 05:00:00,1.69999999,0.015591922972837163,0,train
2015-02-25 06:00:00,1.89999998,0.01499227092909571,0,train
2015-02-25 07:00:00,2.2,0.014466108041797291,0,train
2015-02-25 08:00:00,3.8,0.014104748406769656,0,train
2015-02-25 09:00:00,7.3999999,0.01386190153636707,0,train
2015-02-25 10:00:00,6.2,0.013353491527837814,0,train
2015-02-25 11:00:00,10.8000002,0.013036289999972672,0,train
2015-02-25 12:00:00,11.8999996,0.012391022878035184,0,train
2015-02-25 13:00:00,3.9775,0.012404703977988856,0,train
2015-02-25 14:00:00,12.0,0.013629791822701125,0,train
2015-02-25 15:00:00,6.7999999,0.014487774836675222,0,train
2015-02-25 16:00:00,2.60000001,0.014386307295643741,0,train
2015-02-25 17:00:00,1.59999997,0.014563446501490808,0,train
2015-02-25 18:00:00,1.30000001,0.01490348951147118,0,train
2015-02-25 19:00:00,1.20000004,0.015283658314155625,0,train
2015-02-25 20:00:00,1.30000001,0.015669149273281852,0,train
2015-02-25 21:00:00,1.10000002,0.015967990840063978,0,train
2015-02-25 22:00:00,1.20000004,0.015732749002516203,0,train
2015-02-25 23:00:00,1.10000002,0.014931903247695994,0,train
2015-02-26 00:00:00,1.10000002,0.01519520486826273,0,train
2015-02-26 01:00:00,1.19999999,0.015067451281058089,0,train
2015-02-26 02:00:00,1.19999999,0.014486699242362063,0,train
2015-02-26 03:00:00,1.10000002,0.014152699155978735,0,train
2015-02-26 04:00:00,1.19999999,0.014014612507333504,0,train
2015-02-26 05:00:00,1.10000002,0.014333460790348335,0,train
2015-02-26 06:00:00,1.20000004,0.013740497851940186,0,train
2015-02-26 07:00:00,1.69999999,0.013308669292997705,0,train
2015-02-26 08:00:00,4.4,0.013287386659548905,0,train
2015-02-26 09:00:00,7.4999998,0.01349638734935432,0,train
2015-02-26 10:00:00,8.5000002,0.01406885791204246,0,train
2015-02-26 11:00:00,10.0999999,0.013852698804095391,0,train
2015-02-26 12:00:00,8.575,0.012674840826801521,0,train
2015-02-26 13:00:00,3.2475,0.013098798774686723,0,train
2015-02-26 14:00:00,5.89,0.012954072785953688,0,train
2015-02-26 15:00:00,5.7999999,0.01107403513137708,0,train
2015-02-26 16:00:00,3.0999999,0.010616679382404974,0,train
2015-02-26 17:00:00,1.20000004,0.010625906659104211,0,train
2015-02-26 18:00:00,1.39999998,0.010954155765346455,0,train
2015-02-26 19:00:00,1.19999999,0.01134042491582922,0,train
2015-02-26 20:00:00,1.10000002,0.011546150339869143,0,train
2015-02-26 21:00:00,1.19999999,0.011486180500241763,0,train
2015-02-26 22:00:00,1.10000002,0.011228410636210185,0,train
2015-02-26 23:00:00,1.19999999,0.011055850030246162,0,train
2015-02-27 00:00:00,1.20000004,0.011908988401126587,0,train
2015-02-27 01:00:00,1.0,0.012054233746637439,0,train
2015-02-27 02:00:00,1.20000004,0.011522412319870457,0,train
2015-02-27 03:00:00,1.10000002,0.011159670328940966,0,train
2015-02-27 04:00:00,1.20000004,0.011402109382725944,0,train
2015-02-27 05:00:00,1.5,0.012196291070701828,0,train
2015-02-27 06:00:00,1.80000001,0.011391045599381954,0,train
2015-02-27 07:00:00,2.2,0.010691685246258785,0,train
2015-02-27 08:00:00,4.4000001,0.010602758622995326,0,train
2015-02-27 09:00:00,6.3000002,0.011237400497522303,0,train
2015-02-27 10:00:00,7.3999998,0.012387561820638235,0,train
2015-02-27 11:00:00,10.6999998,0.011643441382034386,0,train
2015-02-27 12:00:00,7.2875,0.009491285019599819,0,train
2015-02-27 13:00:00,3.3175,0.009621034269886902,0,train
2015-02-27 14:00:00,6.4025,0.009062537681345555,0,train
2015-02-27 15:00:00,5.8999999,0.008855696421459504,0,train
2015-02-27 16:00:00,2.30000001,0.008845812849900403,0,train
2015-02-27 17:00:00,1.5,0.009110079828640693,0,train
2015-02-27 18:00:00,1.19999999,0.009555152332982441,0,train
2015-02-27 19:00:00,1.10000002,0.009928908595953197,0,train
2015-02-27 20:00:00,0.90000001,0.010112034004787312,0,train
2015-02-27 21:00:00,1.19999999,0.010229531790391521,0,train
2015-02-27 22:00:00,1.00000003,0.010467044413572556,0,train
2015-02-27 23:00:00,1.0,0.010923301477373866,0,train
2015-02-28 00:00:00,1.0,0.012797830283200385,0,train
2015-02-28 01:00:00,1.10000002,0.013242338052607038,0,train
2015-02-28 02:00:00,0.90000001,0.012835481355136989,0,train
2015-02-28 03:00:00,1.10000002,0.012991885161904382,0,train
2015-02-28 04:00:00,1.0,0.015593874228872042,0,train
2015-02-28 05:00:00,0.90000001,0.015581281063764817,0,train
2015-02-28 06:00:00,1.19999999,0.014001880706098237,0,train
2015-02-28 07:00:00,1.0,0.012142569145281862,0,train
2015-02-28 08:00:00,1.30000001,0.011168408217874666,0,train
2015-02-28 09:00:00,0.90000001,0.011119754582226016,0,train
2015-02-28 10:00:00,0.90000001,0.01051036261283548,0,train
2015-02-28 11:00:00,1.00000003,0.008762561247260613,0,train
2015-02-28 12:00:00,1.10000002,0.006842085314594851,0,train
2015-02-28 13:00:00,1.0,0.006360513213511828,0,train
2015-02-28 14:00:00,0.90000001,0.005787630193908741,0,train
2015-02-28 15:00:00,1.30000001,0.005366728209816166,0,train
2015-02-28 16:00:00,0.800000020001,0.005308615304122835,0,train
2015-02-28 17:00:00,1.10000002,0.005717732567939275,0,train
2015-02-28 18:00:00,1.20000004,0.006312599014724968,0,train
2015-02-28 19:00:00,1.10000002,0.006800386217181167,0,train
2015-02-28 20:00:00,0.90000001,0.006935188165709362,0,train
2015-02-28 21:00:00,1.10000002,0.006587478190357461,0,train
2015-02-28 22:00:00,0.80000001,0.0059605483340187965,0,train
2015-02-28 23:00:00,1.00000003,0.006121942144980887,0,train
2015-03-01 00:00:00,0.514285714082,0.006619882071575095,0,train
2015-03-01 01:00:00,0.0285714281636,0.006618063594203012,0,train
2015-03-01 02:00:00,0.0285714281626,0.006404564598887626,0,train
2015-03-01 03:00:00,0.0285714281636,0.006171514492412271,0,train
2015-03-01 04:00:00,0.0285714281636,0.005965788467425656,0,train
2015-03-01 05:00:00,0.0285714281626,0.0058297835286308846,0,train
2015-03-01 06:00:00,0.0285714281636,0.005915825594890375,0,train
2015-03-01 07:00:00,0.0285714281636,0.006360670014578081,0,train
2015-03-01 08:00:00,0.0285714281626,0.006864155283183597,0,train
2015-03-01 09:00:00,0.0285714281636,0.006866215397922476,0,train
2015-03-01 10:00:00,0.0285714281636,0.006569708658914549,0,train
2015-03-01 11:00:00,0.0285714281626,0.005809127391055329,0,train
2015-03-01 12:00:00,0.0285714281636,0.006095914365806734,0,train
2015-03-01 13:00:00,0.0285714281636,0.007128354558395397,0,train
2015-03-01 14:00:00,0.0285714281626,0.0075909963140180755,0,train
2015-03-01 15:00:00,0.0285714281636,0.00759791915036054,0,train
2015-03-01 16:00:00,0.0285714281636,0.007901798962765496,0,train
2015-03-01 17:00:00,0.0285714281626,0.008388452985348622,0,train
2015-03-01 18:00:00,0.0285714281636,0.009189872537800054,0,train
2015-03-01 19:00:00,0.0285714281636,0.009754158499256347,0,train
2015-03-01 20:00:00,0.0285714281626,0.00925101630979543,0,train
2015-03-01 21:00:00,0.0285714281636,0.00871495546714694,0,train
2015-03-01 22:00:00,0.0285714281636,0.00872747415538046,0,train
2015-03-01 23:00:00,0.0285714281626,0.009131404088828792,0,train
2015-03-02 00:00:00,0.614285734082,0.01536312177527141,0,train
2015-03-02 01:00:00,0.914285694082,0.016422078209702304,0,train
2015-03-02 02:00:00,1.69999999,0.01249051668749011,0,train
2015-03-02 03:00:00,1.5,0.011035624241240022,0,train
2015-03-02 04:00:00,1.60000002,0.010623589152921303,0,train
2015-03-02 05:00:00,1.59999997,0.01035204022065006,0,train
2015-03-02 06:00:00,1.69999999,0.01008983868014086,0,train
2015-03-02 07:00:00,2.1,0.009969342246482675,0,train
2015-03-02 08:00:00,3.8,0.009993395591181939,0,train
2015-03-02 09:00:00,7.3,0.010554052345492084,0,train
2015-03-02 10:00:00,10.2000003,0.011691712491462952,0,train
2015-03-02 11:00:00,11.0,0.012499803910365407,0,train
2015-03-02 12:00:00,7.205,0.012657040430773307,0,train
2015-03-02 13:00:00,5.445,0.012375557258487628,0,train
2015-03-02 14:00:00,11.0999999,0.012739702238049332,0,train
2015-03-02 15:00:00,6.0999999,0.01298245387379201,0,train
2015-03-02 16:00:00,3.1,0.012858052781810216,0,train
2015-03-02 17:00:00,1.39999998,0.013197843669366166,0,train
2015-03-02 18:00:00,1.30000001,0.01402997680140086,0,train
2015-03-02 19:00:00,1.10000002,0.013365315780628684,0,train
2015-03-02 20:00:00,1.30000001,0.013363474142188993,0,train
2015-03-02 21:00:00,1.0,0.013390986325475663,0,train
2015-03-02 22:00:00,1.10000002,0.01262983656319243,0,train
2015-03-02 23:00:00,1.10000002,0.010601502047441725,0,train
2015-03-03 00:00:00,1.10000002,0.009922699732929568,0,train
2015-03-03 01:00:00,1.10000002,0.009458232973856341,0,train
2015-03-03 02:00:00,1.10000002,0.00921944947722288,0,train
2015-03-03 03:00:00,1.19999999,0.009183740682661118,0,train
2015-03-03 04:00:00,1.10000002,0.0091747684046653,0,train
2015-03-03 05:00:00,1.69999999,0.009303483416823341,0,train
2015-03-03 06:00:00,2.09999998,0.009277152088645813,0,train
2015-03-03 07:00:00,2.2,0.009285661198249685,0,train
2015-03-03 08:00:00,3.5,0.009696992566874358,0,train
2015-03-03 09:00:00,7.1000001,0.01008075808839457,0,train
2015-03-03 10:00:00,7.7999999,0.00953477987417196,0,train
2015-03-03 11:00:00,10.2999997,0.008674539040449618,0,train
2015-03-03 12:00:00,9.015,0.007885824073147845,0,train
2015-03-03 13:00:00,4.0675,0.008365400988203224,0,train
2015-03-03 14:00:00,6.1375,0.008097664913666104,0,train
2015-03-03 15:00:00,5.8999999,0.0072248214617588674,0,train
2015-03-03 16:00:00,2.19999999,0.007060202229972088,0,train
2015-03-03 17:00:00,1.30000001,0.006963648730177539,0,train
2015-03-03 18:00:00,1.5,0.006986558503931638,0,train
2015-03-03 19:00:00,1.20000004,0.00698652025694847,0,train
2015-03-03 20:00:00,1.0,0.007004598540424282,0,train
2015-03-03 21:00:00,1.20000004,0.007067463565888811,0,train
2015-03-03 22:00:00,1.10000002,0.006919429655728221,0,train
2015-03-03 23:00:00,1.10000002,0.0066259791693688095,0,train
2015-03-04 00:00:00,1.10000002,0.006878033808426738,0,train
2015-03-04 01:00:00,1.0,0.007045718796058172,0,train
2015-03-04 02:00:00,1.19999999,0.006838276554898007,0,train
2015-03-04 03:00:00,1.0,0.0067405985083751835,0,train
2015-03-04 04:00:00,1.10000002,0.00700148945580985,0,train
2015-03-04 05:00:00,0.90000001,0.006996070588472763,0,train
2015-03-04 06:00:00,1.89999998,0.006956350798197473,0,train
2015-03-04 07:00:00,2.1,0.007072792282553215,0,train
2015-03-04 08:00:00,4.8,0.0073974491312119575,0,train
2015-03-04 09:00:00,8.2999997,0.007865708477028171,0,train
2015-03-04 10:00:00,5.5,0.007895789586897822,0,train
2015-03-04 11:00:00,12.0999999,0.007416793555923798,0,train
2015-03-04 12:00:00,8.2,0.006669124384829489,0,train
2015-03-04 13:00:00,4.3625,0.006938121297573654,0,train
2015-03-04 14:00:00,11.6999998,0.007898468311326618,0,train
2015-03-04 15:00:00,5.9000001,0.008521957931516286,0,train
2015-03-04 16:00:00,3.2,0.008366159567735829,0,train
2015-03-04 17:00:00,1.39999998,0.008369573077096718,0,train
2015-03-04 18:00:00,1.40000003,0.0085405047449697,0,train
2015-03-04 19:00:00,1.40000003,0.00870651584264637,0,train
2015-03-04 20:00:00,1.10000002,0.008792066564531641,0,train
2015-03-04 21:00:00,1.30000001,0.008811569526175326,0,train
2015-03-04 22:00:00,1.30000001,0.008517081732827914,0,train
2015-03-04 23:00:00,1.10000002,0.007949241451723026,0,train
2015-03-05 00:00:00,1.10000002,0.008583358711518442,0,train
2015-03-05 01:00:00,1.39999998,0.008690971252489963,0,train
2015-03-05 02:00:00,1.0,0.008316349691423239,0,train
2015-03-05 03:00:00,1.20000004,0.008215744774300596,0,train
2015-03-05 04:00:00,1.19999999,0.008222919673407367,0,train
2015-03-05 05:00:00,1.20000004,0.008571928650806533,0,train
2015-03-05 06:00:00,1.00000003,0.008268521244734761,0,train
2015-03-05 07:00:00,1.90000001,0.008186733020579073,0,train
2015-03-05 08:00:00,3.9,0.008504739623646576,0,train
2015-03-05 09:00:00,7.6000001,0.009070462386427138,0,train
2015-03-05 10:00:00,6.6999998,0.009901004777455076,0,train
2015-03-05 11:00:00,10.1999998,0.00899656633562178,0,train
2015-03-05 12:00:00,11.0999999,0.007360100959592457,0,train
2015-03-05 13:00:00,3.29,0.009856310117404505,0,train
2015-03-05 14:00:00,5.8375,0.00867989349219389,0,train
2015-03-05 15:00:00,7.3000001,0.00712656442544718,0,train
2015-03-05 16:00:00,2.8,0.007071112387551335,0,train
2015-03-05 17:00:00,1.20000004,0.007109848126045792,0,train
2015-03-05 18:00:00,1.30000001,0.007400896837792235,0,train
2015-03-05 19:00:00,1.40000003,0.0077225665925273945,0,train
2015-03-05 20:00:00,1.10000002,0.007841653718821659,0,train
2015-03-05 21:00:00,1.20000004,0.007751960552497896,0,train
2015-03-05 22:00:00,1.30000001,0.007600532671150557,0,train
2015-03-05 23:00:00,1.20000004,0.007486807256255699,0,train
2015-03-06 00:00:00,1.00000003,0.008242272554781396,0,train
2015-03-06 01:00:00,1.19999999,0.008486245650969122,0,train
2015-03-06 02:00:00,1.20000004,0.008252176252010917,0,train
2015-03-06 03:00:00,1.0,0.008174517214564109,0,train
2015-03-06 04:00:00,1.20000004,0.008497789954670196,0,train
2015-03-06 05:00:00,1.10000002,0.009059356578357507,0,train
2015-03-06 06:00:00,1.30000001,0.008176434468506934,0,train
2015-03-06 07:00:00,1.59999997,0.007844622467674886,0,train
2015-03-06 08:00:00,3.6,0.008304021085812104,0,train
2015-03-06 09:00:00,7.0,0.008797712365980415,0,train
2015-03-06 10:00:00,8.6000001,0.009655060302152524,0,train
2015-03-06 11:00:00,10.6000004,0.008594827799053673,0,train
2015-03-06 12:00:00,11.5,0.007309181920681851,0,train
2015-03-06 13:00:00,3.395,0.007922635014478692,0,train
2015-03-06 14:00:00,5.7675,0.007540438698309909,0,train
2015-03-06 15:00:00,7.7000002,0.007412669127330087,0,train
2015-03-06 16:00:00,3.2999999,0.007256359995283253,0,train
2015-03-06 17:00:00,1.39999998,0.007425112677310938,0,train
2015-03-06 18:00:00,1.20000004,0.007692570916541644,0,train
2015-03-06 19:00:00,1.0,0.007881302074305504,0,train
2015-03-06 20:00:00,1.19999999,0.007948165991267436,0,train
2015-03-06 21:00:00,1.0,0.007998080166208316,0,train
2015-03-06 22:00:00,1.19999999,0.008164863177623372,0,train
2015-03-06 23:00:00,0.90000001,0.00855950280279283,0,train
2015-03-07 00:00:00,0.90000001,0.010431003775590817,0,train
2015-03-07 01:00:00,1.1,0.010978040155214232,0,train
2015-03-07 02:00:00,1.10000002,0.010632932042167056,0,train
2015-03-07 03:00:00,1.00000003,0.010548317457559164,0,train
2015-03-07 04:00:00,1.0,0.011606152490827425,0,train
2015-03-07 05:00:00,1.10000002,0.012767904334224027,0,train
2015-03-07 06:00:00,1.10000002,0.0137452661361984,0,train
2015-03-07 07:00:00,1.10000002,0.012981429040383085,0,train
2015-03-07 08:00:00,1.30000001,0.011898983435831591,0,train
2015-03-07 09:00:00,1.00000003,0.011835511187197022,0,train
2015-03-07 10:00:00,1.0,0.012963139422153871,0,train
2015-03-07 11:00:00,1.0,0.010262753579053811,0,train
2015-03-07 12:00:00,1.20000004,0.007854037346503225,0,train
2015-03-07 13:00:00,1.0,0.006995577437235469,0,train
2015-03-07 14:00:00,1.19999999,0.006907769806668139,0,train
2015-03-07 15:00:00,1.00000003,0.006569280123849284,0,train
2015-03-07 16:00:00,1.30000001,0.006504500336115314,0,train
2015-03-07 17:00:00,1.0,0.006824203144415311,0,train
2015-03-07 18:00:00,1.10000002,0.00720364570107672,0,train
2015-03-07 19:00:00,1.20000004,0.0075458531101066815,0,train
2015-03-07 20:00:00,1.0,0.007592310847392204,0,train
2015-03-07 21:00:00,1.00000003,0.007307724098955845,0,train
2015-03-07 22:00:00,1.1,0.006882248987825248,0,train
2015-03-07 23:00:00,1.20000004,0.00706569082739452,0,train
2015-03-08 00:00:00,1.20000002,0.007558730231410297,0,train
2015-03-08 01:00:00,1.10000002,0.0075944188727803475,0,train
2015-03-08 02:00:00,1.20000004,0.007340189891205052,0,train
2015-03-08 03:00:00,1.0,0.007102693257123896,0,train
2015-03-08 04:00:00,1.00000003,0.00695049091168976,0,train
2015-03-08 05:00:00,1.1,0.006839661188218278,0,train
2015-03-08 06:00:00,1.00000003,0.0068693892150079715,0,train
2015-03-08 07:00:00,1.10000002,0.0072029724686018745,0,train
2015-03-08 08:00:00,1.30000001,0.0078018290476467664,0,train
2015-03-08 09:00:00,0.90000001,0.007878911786968442,0,train
2015-03-08 10:00:00,1.10000002,0.007227790308410554,0,train
2015-03-08 11:00:00,0.90000001,0.00623309460117794,0,train
2015-03-08 12:00:00,1.00000003,0.005212413174388438,0,train
2015-03-08 13:00:00,1.10000002,0.005834730321974332,0,train
2015-03-08 14:00:00,0.90000001,0.006136533613302012,0,train
2015-03-08 15:00:00,1.1,0.005964102876122023,0,train
2015-03-08 16:00:00,1.00000003,0.006378149553781613,0,train
2015-03-08 17:00:00,1.10000002,0.006564833379982096,0,train
2015-03-08 18:00:00,1.10000002,0.006929220391197003,0,train
2015-03-08 19:00:00,0.90000001,0.007060722542983871,0,train
2015-03-08 20:00:00,1.10000002,0.006571625771685761,0,train
2015-03-08 21:00:00,0.800000020001,0.006152426620170337,0,train
2015-03-08 22:00:00,1.19999999,0.006006394230477937,0,train
2015-03-08 23:00:00,1.19999999,0.006276605528106404,0,train
2015-03-09 00:00:00,1.30000001,0.011954439373502023,0,train
2015-03-09 01:00:00,1.80000001,0.013117570820131983,0,train
2015-03-09 02:00:00,1.5,0.009207837976573919,0,train
2015-03-09 03:00:00,1.5,0.0074794905935372065,0,train
2015-03-09 04:00:00,1.79999996,0.00690165114387325,0,train
2015-03-09 05:00:00,1.60000002,0.006579972034799872,0,train
2015-03-09 06:00:00,1.69999999,0.006334742959578609,0,train
2015-03-09 07:00:00,2.09999998,0.006205122365428702,0,train
2015-03-09 08:00:00,3.9,0.006196412341070124,0,train
2015-03-09 09:00:00,8.2999997,0.006765496186913489,0,train
2015-03-09 10:00:00,9.3999996,0.007610046898974026,0,train
2015-03-09 11:00:00,11.5,0.008496319140703907,0,train
2015-03-09 12:00:00,6.895,0.008799122636655544,0,train
2015-03-09 13:00:00,5.3175,0.008456323248660125,0,train
2015-03-09 14:00:00,6.9075,0.008459811877877905,0,train
2015-03-09 15:00:00,4.9,0.008064760306525193,0,train
2015-03-09 16:00:00,1.89999999,0.008063058575147743,0,train
2015-03-09 17:00:00,1.39999998,0.00871528450335797,0,train
2015-03-09 18:00:00,1.20000002,0.009484681797763536,0,train
2015-03-09 19:00:00,1.39999998,0.009093128837762879,0,train
2015-03-09 20:00:00,1.0,0.009341698669877833,0,train
2015-03-09 21:00:00,1.10000002,0.009474114305397121,0,train
2015-03-09 22:00:00,1.39999998,0.008750692872176164,0,train
2015-03-09 23:00:00,1.10000002,0.006871306146285756,0,train
2015-03-10 00:00:00,1.10000002,0.0067766576228103234,0,train
2015-03-10 01:00:00,1.20000004,0.006546465936342845,0,train
2015-03-10 02:00:00,1.10000002,0.006494261806146621,0,train
2015-03-10 03:00:00,1.10000002,0.006708572267338615,0,train
2015-03-10 04:00:00,1.5,0.006805756973588052,0,train
2015-03-10 05:00:00,1.69999999,0.00697828557842704,0,train
2015-03-10 06:00:00,1.99999998,0.00693424643795538,0,train
2015-03-10 07:00:00,2.2,0.007011502259734938,0,train
2015-03-10 08:00:00,3.5,0.00752076098896127,0,train
2015-03-10 09:00:00,6.7,0.008034004222010867,0,train
2015-03-10 10:00:00,4.8999999,0.007853563241644119,0,train
2015-03-10 11:00:00,10.1999998,0.00724777313504766,0,train
2015-03-10 12:00:00,8.6725,0.006413096301167091,0,train
2015-03-10 13:00:00,4.1,0.007052692879566401,0,train
2015-03-10 14:00:00,11.6999998,0.0072111062876787395,0,train
2015-03-10 15:00:00,5.3,0.007845713134271005,0,train
2015-03-10 16:00:00,3.2,0.0076292050749990825,0,train
2015-03-10 17:00:00,1.59999997,0.007497295077371202,0,train
2015-03-10 18:00:00,1.20000004,0.0075460581229124,0,train
2015-03-10 19:00:00,1.20000004,0.007667298968636322,0,train
2015-03-10 20:00:00,1.30000001,0.007799304867289639,0,train
2015-03-10 21:00:00,1.20000004,0.007861551723144839,0,train
2015-03-10 22:00:00,1.19999999,0.007731343893993594,0,train
2015-03-10 23:00:00,1.30000001,0.007366211614954833,0,train
2015-03-11 00:00:00,1.10000002,0.007542636818245693,0,train
2015-03-11 01:00:00,1.30000001,0.007673937266629176,0,train
2015-03-11 02:00:00,1.20000004,0.00749345904504313,0,train
2015-03-11 03:00:00,1.10000002,0.007366511949678148,0,train
2015-03-11 04:00:00,1.19999999,0.007426857477957848,0,train
2015-03-11 05:00:00,1.10000002,0.007348591873187619,0,train
2015-03-11 06:00:00,1.39999998,0.007436587988435884,0,train
2015-03-11 07:00:00,1.39999998,0.007477672303102074,0,train
2015-03-11 08:00:00,4.7,0.007696452795593745,0,train
2015-03-11 09:00:00,7.4000001,0.007917766166767176,0,train
2015-03-11 10:00:00,10.3999996,0.008212144080871049,0,train
2015-03-11 11:00:00,11.5999999,0.007406982962682894,0,train
2015-03-11 12:00:00,8.0875,0.007099121093741376,0,train
2015-03-11 13:00:00,4.56,0.007854055246947534,0,train
2015-03-11 14:00:00,12.1999998,0.009000333042628416,0,train
2015-03-11 15:00:00,4.0,0.008960616056103253,0,train
2015-03-11 16:00:00,1.89999999,0.008863460268681901,0,train
2015-03-11 17:00:00,1.20000004,0.00884103710201649,0,train
2015-03-11 18:00:00,1.60000002,0.008926562773684284,0,train
2015-03-11 19:00:00,1.20000004,0.008967066214565118,0,train
2015-03-11 20:00:00,1.10000002,0.008938383529081,0,train
2015-03-11 21:00:00,1.19999999,0.008937902033936256,0,train
2015-03-11 22:00:00,1.30000001,0.008624660818228352,0,train
2015-03-11 23:00:00,1.19999999,0.008125325907670193,0,train
2015-03-12 00:00:00,1.10000002,0.008639466323516448,0,train
2015-03-12 01:00:00,1.1,0.008767361603118628,0,train
2015-03-12 02:00:00,1.20000002,0.00857835886438103,0,train
2015-03-12 03:00:00,1.30000001,0.008562161466470142,0,train
2015-03-12 04:00:00,1.10000002,0.008608246984236824,0,train
2015-03-12 05:00:00,1.19999999,0.008779002593367039,0,train
2015-03-12 06:00:00,1.39999998,0.008568881929153086,0,train
2015-03-12 07:00:00,1.39999998,0.008456300986853625,0,train
2015-03-12 08:00:00,3.9000001,0.008640606801244004,0,train
2015-03-12 09:00:00,8.5,0.00932546114938985,0,train
2015-03-12 10:00:00,8.4000001,0.010076406320433324,0,train
2015-03-12 11:00:00,9.5,0.008707708747744333,0,train
2015-03-12 12:00:00,11.9000001,0.00862764431914687,0,train
2015-03-12 13:00:00,3.0975,0.011612077753830661,0,train
2015-03-12 14:00:00,5.705,0.009863090660926778,0,train
2015-03-12 15:00:00,4.4000001,0.00809611887016958,0,train
2015-03-12 16:00:00,1.90000001,0.00796151301188873,0,train
2015-03-12 17:00:00,1.30000001,0.007909448141519209,0,train
2015-03-12 18:00:00,1.40000003,0.008035357350874989,0,train
2015-03-12 19:00:00,1.0,0.008196144762667845,0,train
2015-03-12 20:00:00,1.20000004,0.008167488309805659,0,train
2015-03-12 21:00:00,1.19999999,0.00800084837394054,0,train
2015-03-12 22:00:00,1.30000001,0.007826053445973534,0,train
2015-03-12 23:00:00,1.10000002,0.007886023783518678,0,train
2015-03-13 00:00:00,1.00000003,0.0085883268794167,0,train
2015-03-13 01:00:00,1.00000003,0.008758906409496827,0,train
2015-03-13 02:00:00,1.30000001,0.00857821038268675,0,train
2015-03-13 03:00:00,1.10000002,0.008636917990494741,0,train
2015-03-13 04:00:00,1.20000004,0.0089051828404553,0,train
2015-03-13 05:00:00,1.10000002,0.009240429696190844,0,train
2015-03-13 06:00:00,1.30000001,0.008256680662274984,0,train
2015-03-13 07:00:00,1.5,0.007717644214323793,0,train
2015-03-13 08:00:00,3.7,0.00815118510727737,0,train
2015-03-13 09:00:00,11.0,0.009496518491183886,0,train
2015-03-13 10:00:00,12.1999998,0.01052862642639784,0,train
2015-03-13 11:00:00,12.2000003,0.010519873646791047,0,train
2015-03-13 12:00:00,7.7975,0.009971500826889638,0,train
2015-03-13 13:00:00,3.8,0.009796289334097688,0,train
2015-03-13 14:00:00,11.5,0.010178050460152941,0,train
2015-03-13 15:00:00,3.6,0.011051477679090366,0,train
2015-03-13 16:00:00,1.80000002,0.011125104638781053,0,train
2015-03-13 17:00:00,1.30000001,0.011268844278147732,0,train
2015-03-13 18:00:00,1.10000002,0.01143374131794147,0,train
2015-03-13 19:00:00,1.0,0.011478761850434737,0,train
2015-03-13 20:00:00,1.00000003,0.011441596893075662,0,train
2015-03-13 21:00:00,1.0,0.011523815449200824,0,train
2015-03-13 22:00:00,1.20000002,0.011909751650627586,0,train
2015-03-13 23:00:00,0.90000001,0.012700985166442904,0,train
2015-03-14 00:00:00,1.30000001,0.014851269990870344,0,train
2015-03-14 01:00:00,1.00000003,0.015316857869530156,0,train
2015-03-14 02:00:00,1.1,0.014719847360538876,0,train
2015-03-14 03:00:00,1.00000003,0.014505412121596244,0,train
2015-03-14 04:00:00,0.90000001,0.0150141567279544,0,train
2015-03-14 05:00:00,1.20000002,0.017227930385083853,0,train
2015-03-14 06:00:00,1.80000001,0.018425193273261784,0,train
2015-03-14 07:00:00,1.69999999,0.01762444112947413,0,train
2015-03-14 08:00:00,1.69999999,0.017064466823333416,0,train
2015-03-14 09:00:00,0.800000020001,0.017171180636908895,0,train
2015-03-14 10:00:00,1.10000002,0.017993242898288755,0,train
2015-03-14 11:00:00,0.90000001,0.015392258502442661,0,train
2015-03-14 12:00:00,1.00000003,0.012086439996010192,0,train
2015-03-14 13:00:00,0.90000001,0.013134353895773214,0,train
2015-03-14 14:00:00,0.90000001,0.011980965269948435,0,train
2015-03-14 15:00:00,1.00000003,0.010398365748766451,0,train
2015-03-14 16:00:00,1.00000003,0.010457856697677168,0,train
2015-03-14 17:00:00,1.0,0.010521034501902015,0,train
2015-03-14 18:00:00,1.60000002,0.01072954059745868,0,train
2015-03-14 19:00:00,1.39999998,0.010804123097571196,0,train
2015-03-14 20:00:00,1.5,0.010587945400430997,0,train
2015-03-14 21:00:00,1.59999997,0.009993418960685677,0,train
2015-03-14 22:00:00,1.5,0.00935036401757995,0,train
2015-03-14 23:00:00,1.5,0.009347778134306924,0,train
2015-03-15 00:00:00,1.5,0.009635672285039787,0,train
2015-03-15 01:00:00,1.60000002,0.009493388520572526,0,train
2015-03-15 02:00:00,1.60000002,0.00915068359388537,0,train
2015-03-15 03:00:00,1.5,0.008847216234784105,0,train
2015-03-15 04:00:00,1.60000002,0.008674187634875881,0,train
2015-03-15 05:00:00,1.60000002,0.008595502777084884,0,train
2015-03-15 06:00:00,1.79999996,0.008718013004288289,0,train
2015-03-15 07:00:00,1.69999999,0.009187378401675704,0,train
2015-03-15 08:00:00,1.69999999,0.009839996262397064,0,train
2015-03-15 09:00:00,1.80000001,0.009189301368181352,0,train
2015-03-15 10:00:00,1.5,0.007589467462657325,0,train
2015-03-15 11:00:00,1.60000002,0.006024088911048973,0,train
2015-03-15 12:00:00,1.30000001,0.006014211126995495,0,train
2015-03-15 13:00:00,1.00000003,0.006562392446100415,0,train
2015-03-15 14:00:00,1.00000003,0.005351823749074136,0,train
2015-03-15 15:00:00,0.90000001,0.005737797436687375,0,train
2015-03-15 16:00:00,1.0,0.006224620616651454,0,train
2015-03-15 17:00:00,1.10000002,0.006563855675818549,0,train
2015-03-15 18:00:00,1.60000002,0.007002590019852736,0,train
2015-03-15 19:00:00,1.5,0.006962501174766061,0,train
2015-03-15 20:00:00,1.60000002,0.006467143128662721,0,train
2015-03-15 21:00:00,1.60000002,0.006164641123036329,0,train
2015-03-15 22:00:00,1.5,0.006193435495085204,0,train
2015-03-15 23:00:00,1.5,0.006755186054881706,0,train
2015-03-16 00:00:00,1.69999999,0.012827478266458966,0,train
2015-03-16 01:00:00,1.5,0.016829834626180772,0,train
2015-03-16 02:00:00,1.60000002,0.012361397288819746,0,train
2015-03-16 03:00:00,1.40000003,0.008106660235332448,0,train
2015-03-16 04:00:00,1.60000002,0.006722675515542782,0,train
2015-03-16 05:00:00,1.5,0.0063079360269303565,0,train
2015-03-16 06:00:00,1.69999999,0.006079808595460221,0,train
2015-03-16 07:00:00,2.19999998,0.006030144745531858,0,train
2015-03-16 08:00:00,3.3,0.006149709215866703,0,train
2015-03-16 09:00:00,7.2,0.006718673155347738,0,train
2015-03-16 10:00:00,6.0999999,0.007253629117383241,0,train
2015-03-16 11:00:00,12.0,0.008377638891010609,0,train
2015-03-16 12:00:00,7.055,0.008839623939431747,0,train
2015-03-16 13:00:00,5.4,0.008435081574807053,0,train
2015-03-16 14:00:00,11.9000001,0.00871824291098201,0,train
2015-03-16 15:00:00,4.0999999,0.009101971675881844,0,train
2015-03-16 16:00:00,2.30000001,0.009097793887637316,0,train
2015-03-16 17:00:00,1.30000001,0.009732905389637394,0,train
2015-03-16 18:00:00,1.20000004,0.010281919232003552,0,train
2015-03-16 19:00:00,1.00000003,0.010167206661804332,0,train
2015-03-16 20:00:00,1.30000001,0.010656788815998184,0,train
2015-03-16 21:00:00,0.90000001,0.01097545070275594,0,train
2015-03-16 22:00:00,1.20000004,0.010398224509988346,0,train
2015-03-16 23:00:00,1.30000001,0.008562676629161558,0,train
2015-03-17 00:00:00,1.5,0.008510503334795146,0,train
2015-03-17 01:00:00,1.69999999,0.008288718467170756,0,train
2015-03-17 02:00:00,1.5,0.008286749819663238,0,train
2015-03-17 03:00:00,1.79999996,0.008687383701370784,0,train
2015-03-17 04:00:00,1.60000002,0.008872582943046272,0,train
2015-03-17 05:00:00,1.69999999,0.008997770475029554,0,train
2015-03-17 06:00:00,1.79999996,0.008663552036872765,0,train
2015-03-17 07:00:00,2.3,0.008373030658198782,0,train
2015-03-17 08:00:00,4.3,0.008542849436854811,0,train
2015-03-17 09:00:00,7.4000001,0.008860157256461854,0,train
2015-03-17 10:00:00,6.3999999,0.0089954278242836,0,train
2015-03-17 11:00:00,8.4000001,0.008189581750758054,0,train
2015-03-17 12:00:00,12.3000002,0.0074719850995617326,0,train
2015-03-17 13:00:00,4.1825,0.008666661808502917,0,train
2015-03-17 14:00:00,10.0,0.009434451692272324,0,train
2015-03-17 15:00:00,4.2,0.008610740272799447,0,train
2015-03-17 16:00:00,2.3,0.008314266864799321,0,train
2015-03-17 17:00:00,1.69999999,0.007987581543072502,0,train
2015-03-17 18:00:00,1.40000003,0.007865795927927851,0,train
2015-03-17 19:00:00,1.20000004,0.007906661939296115,0,train
2015-03-17 20:00:00,1.40000003,0.008033581892048692,0,train
2015-03-17 21:00:00,1.20000004,0.008141615022504576,0,train
2015-03-17 22:00:00,1.30000001,0.007956078630108245,0,train
2015-03-17 23:00:00,1.10000002,0.007572756523857863,0,train
2015-03-18 00:00:00,1.30000001,0.007788868073765975,0,train
2015-03-18 01:00:00,1.19999999,0.008054328031815572,0,train
2015-03-18 02:00:00,1.30000001,0.007948988258499427,0,train
2015-03-18 03:00:00,1.10000002,0.007831561978740176,0,train
2015-03-18 04:00:00,1.40000003,0.00793463395233993,0,train
2015-03-18 05:00:00,1.79999996,0.00784263750045943,0,train
2015-03-18 06:00:00,2.1,0.008080174347930985,0,train
2015-03-18 07:00:00,2.1,0.008092830320097333,0,train
2015-03-18 08:00:00,3.9000001,0.00812559634358673,0,train
2015-03-18 09:00:00,7.3999999,0.008319935502241776,0,train
2015-03-18 10:00:00,8.3999998,0.0090726584602247,0,train
2015-03-18 11:00:00,11.2999997,0.008772765140582828,0,train
2015-03-18 12:00:00,7.9,0.00873822130789612,0,train
2015-03-18 13:00:00,4.7825,0.008602112435482007,0,train
2015-03-18 14:00:00,6.71,0.007460436513515363,0,train
2015-03-18 15:00:00,3.7999999,0.0067996389228604445,0,train
2015-03-18 16:00:00,2.49999998,0.006764963714528381,0,train
2015-03-18 17:00:00,1.40000003,0.006775019268743363,0,train
2015-03-18 18:00:00,1.60000002,0.0068434066764687905,0,train
2015-03-18 19:00:00,1.10000002,0.00679863796205454,0,train
2015-03-18 20:00:00,1.30000001,0.006711632700321845,0,train
2015-03-18 21:00:00,1.10000002,0.0065958896106446,0,train
2015-03-18 22:00:00,1.10000002,0.006255324709702574,0,train
2015-03-18 23:00:00,1.10000002,0.005880580645329954,0,train
2015-03-19 00:00:00,1.20000004,0.0065716887537154815,0,train
2015-03-19 01:00:00,1.10000002,0.00662913733395166,0,train
2015-03-19 02:00:00,1.30000001,0.0062180577364391474,0,train
2015-03-19 03:00:00,1.20000004,0.0061242768910293585,0,train
2015-03-19 04:00:00,1.0,0.006270438164456415,0,train
2015-03-19 05:00:00,1.20000004,0.006767116074677293,0,train
2015-03-19 06:00:00,1.20000004,0.006295209192040876,0,train
2015-03-19 07:00:00,1.69999999,0.00605499032136535,0,train
2015-03-19 08:00:00,5.4,0.0063509896046102,0,train
2015-03-19 09:00:00,9.6999998,0.007258685650952212,0,train
2015-03-19 10:00:00,8.9000001,0.007784395057284543,0,train
2015-03-19 11:00:00,9.0,0.007192018349688443,0,train
2015-03-19 12:00:00,11.4000001,0.0065111339950835335,0,train
2015-03-19 13:00:00,3.29,0.008755049878723603,0,train
2015-03-19 14:00:00,5.73,0.007359099733367732,0,train
2015-03-19 15:00:00,4.7000001,0.007113804589146736,0,train
2015-03-19 16:00:00,2.5,0.007088111106803303,0,train
2015-03-19 17:00:00,1.60000002,0.007129532456706316,0,train
2015-03-19 18:00:00,1.30000001,0.007322209760554578,0,train
2015-03-19 19:00:00,1.20000004,0.007427950962019458,0,train
2015-03-19 20:00:00,1.40000003,0.007277382050250534,0,train
2015-03-19 21:00:00,1.10000002,0.006931581049977586,0,train
2015-03-19 22:00:00,1.00000003,0.006651813407089276,0,train
2015-03-19 23:00:00,1.39999998,0.006773586509047254,0,train
2015-03-20 00:00:00,1.0,0.007600383928803505,0,train
2015-03-20 01:00:00,1.30000001,0.007682955861757303,0,train
2015-03-20 02:00:00,1.10000002,0.007444844534677145,0,train
2015-03-20 03:00:00,1.40000003,0.0074859843895457075,0,train
2015-03-20 04:00:00,1.10000002,0.007752686226166395,0,train
2015-03-20 05:00:00,1.19999999,0.007969189204736628,0,train
2015-03-20 06:00:00,1.19999999,0.007029222647904701,0,train
2015-03-20 07:00:00,1.59999997,0.006606429695870442,0,train
2015-03-20 08:00:00,4.3999999,0.007122860414864971,0,train
2015-03-20 09:00:00,7.7999997,0.008240564178767814,0,train
2015-03-20 10:00:00,8.2,0.009079070952346219,0,train
2015-03-20 11:00:00,10.7999997,0.009112815449334663,0,train
2015-03-20 12:00:00,10.5999999,0.007888730343175592,0,train
2015-03-20 13:00:00,3.8725,0.00796134896155423,0,train
2015-03-20 14:00:00,6.4925,0.008801742219537062,0,train
2015-03-20 15:00:00,4.6,0.008708708729610456,0,train
2015-03-20 16:00:00,2.9,0.008637815278599135,0,train
2015-03-20 17:00:00,1.5,0.008687796544207952,0,train
2015-03-20 18:00:00,1.19999999,0.008771841832597346,0,train
2015-03-20 19:00:00,1.10000002,0.00873970943028843,0,train
2015-03-20 20:00:00,1.10000002,0.0086858337686856,0,train
2015-03-20 21:00:00,1.10000002,0.008682630434442727,0,train
2015-03-20 22:00:00,1.10000002,0.008886248983614078,0,train
2015-03-20 23:00:00,1.00000003,0.00944724524405227,0,train
2015-03-21 00:00:00,1.00000003,0.01129256912457527,0,train
2015-03-21 01:00:00,1.39999998,0.01158823294319757,0,train
2015-03-21 02:00:00,0.90000001,0.011056215797780449,0,train
2015-03-21 03:00:00,1.00000003,0.010782132553409799,0,train
2015-03-21 04:00:00,1.10000002,0.011486642512792872,0,train
2015-03-21 05:00:00,0.90000001,0.01357889737589893,0,train
2015-03-21 06:00:00,1.10000002,0.014215235305044037,0,train
2015-03-21 07:00:00,1.30000001,0.012912727941206773,0,train
2015-03-21 08:00:00,1.30000001,0.012011531802236377,0,train
2015-03-21 09:00:00,0.90000001,0.011335289092191099,0,train
2015-03-21 10:00:00,1.1,0.011619022426592128,0,train
2015-03-21 11:00:00,1.20000004,0.009487152795930012,0,train
2015-03-21 12:00:00,1.0,0.007489327684437931,0,train
2015-03-21 13:00:00,1.10000002,0.0071680448281037845,0,train
2015-03-21 14:00:00,1.20000004,0.005627581507348782,0,train
2015-03-21 15:00:00,1.1,0.0054917148126509855,0,train
2015-03-21 16:00:00,1.10000002,0.005691899004436373,0,train
2015-03-21 17:00:00,1.10000002,0.00597993359209192,0,train
2015-03-21 18:00:00,1.30000001,0.006392935932081284,0,train
2015-03-21 19:00:00,1.0,0.006720088026108881,0,train
2015-03-21 20:00:00,1.00000003,0.006764551427328974,0,train
2015-03-21 21:00:00,1.0,0.006381001648849685,0,train
2015-03-21 22:00:00,1.10000002,0.005881330922110443,0,train
2015-03-21 23:00:00,1.0,0.006090602427992223,0,train
2015-03-22 00:00:00,1.19999999,0.006515144618445049,0,train
2015-03-22 01:00:00,1.10000002,0.006493054569912781,0,train
2015-03-22 02:00:00,1.19999999,0.006237963471382144,0,train
2015-03-22 03:00:00,0.90000001,0.006007473365713825,0,train
2015-03-22 04:00:00,1.00000003,0.005821194473498677,0,train
2015-03-22 05:00:00,1.00000003,0.005685260468299146,0,train
2015-03-22 06:00:00,1.20000004,0.005704700215831667,0,train
2015-03-22 07:00:00,1.20000004,0.006079171555885783,0,train
2015-03-22 08:00:00,1.20000004,0.006635121475639583,0,train
2015-03-22 09:00:00,1.0,0.0065423861765940595,0,train
2015-03-22 10:00:00,1.00000003,0.00610271238529273,0,train
2015-03-22 11:00:00,1.10000002,0.005209821448016627,0,train
2015-03-22 12:00:00,1.10000002,0.00450724724670996,0,train
2015-03-22 13:00:00,1.0,0.0050909028550437585,0,train
2015-03-22 14:00:00,0.90000001,0.0052379042974924775,0,train
2015-03-22 15:00:00,1.20000004,0.005576113769443004,0,train
2015-03-22 16:00:00,0.90000001,0.006122977765410435,0,train
2015-03-22 17:00:00,1.10000002,0.006438711836160534,0,train
2015-03-22 18:00:00,1.20000004,0.006965893953904943,0,train
2015-03-22 19:00:00,0.90000001,0.007048521415991922,0,train
2015-03-22 20:00:00,0.90000001,0.006455087550984672,0,train
2015-03-22 21:00:00,1.19999999,0.006011651478561568,0,train
2015-03-22 22:00:00,1.60000002,0.005921738542371686,0,train
2015-03-22 23:00:00,1.60000002,0.006313599005455666,0,train
2015-03-23 00:00:00,1.30000001,0.012171630346690073,0,train
2015-03-23 01:00:00,1.80000001,0.014688290644569564,0,train
2015-03-23 02:00:00,1.5,0.010177208588674139,0,train
2015-03-23 03:00:00,1.60000002,0.00738090463400662,0,train
2015-03-23 04:00:00,1.69999999,0.006472237261433725,0,train
2015-03-23 05:00:00,1.39999998,0.006077665593995983,0,train
2015-03-23 06:00:00,2.0,0.005825779344384053,0,train
2015-03-23 07:00:00,1.89999998,0.005751273383136873,0,train
2015-03-23 08:00:00,4.0999999,0.005839769256557517,0,train
2015-03-23 09:00:00,8.3000002,0.0064651953637000865,0,train
2015-03-23 10:00:00,6.5,0.006918566033916093,0,train
2015-03-23 11:00:00,11.7000003,0.008080321848360918,0,train
2015-03-23 12:00:00,6.8125,0.008546589343458325,0,train
2015-03-23 13:00:00,5.41,0.008249231196314643,0,train
2015-03-23 14:00:00,6.8175,0.008391093468370778,0,train
2015-03-23 15:00:00,4.7,0.007936600601959937,0,train
2015-03-23 16:00:00,2.30000001,0.007810912832803314,0,train
2015-03-23 17:00:00,1.40000003,0.008220962015871339,0,train
2015-03-23 18:00:00,1.30000001,0.009006487360437115,0,train
2015-03-23 19:00:00,1.19999999,0.0089327893492228,0,train
2015-03-23 20:00:00,1.30000001,0.00933771219011035,0,train
2015-03-23 21:00:00,1.10000002,0.009533977733088606,0,train
2015-03-23 22:00:00,1.10000002,0.008841302990694775,0,train
2015-03-23 23:00:00,1.10000002,0.006967995530016713,0,train
2015-03-24 00:00:00,1.1,0.0068675367019846965,0,train
2015-03-24 01:00:00,1.0,0.006624834708640858,0,train
2015-03-24 02:00:00,1.30000001,0.0065437901728344116,0,train
2015-03-24 03:00:00,1.0,0.006716997431156638,0,train
2015-03-24 04:00:00,1.69999999,0.006772764425496915,0,train
2015-03-24 05:00:00,1.69999999,0.006857040462552784,0,train
2015-03-24 06:00:00,1.89999998,0.0067822352478988344,0,train
2015-03-24 07:00:00,2.2,0.006797579300427302,0,train
2015-03-24 08:00:00,3.3,0.007136779008022152,0,train
2015-03-24 09:00:00,6.5,0.007590256281702906,0,train
2015-03-24 10:00:00,6.3,0.007854823898000815,0,train
2015-03-24 11:00:00,9.6999998,0.006851476626058966,0,train
2015-03-24 12:00:00,11.6999998,0.006342771317119129,0,train
2015-03-24 13:00:00,4.5275,0.007209140496279137,0,train
2015-03-24 14:00:00,11.5,0.0073488573026963015,0,train
2015-03-24 15:00:00,4.0999999,0.008165446865146395,0,train
2015-03-24 16:00:00,2.10000001,0.007942054377236938,0,train
2015-03-24 17:00:00,1.60000002,0.007744115681424405,0,train
2015-03-24 18:00:00,1.40000003,0.007746651207804002,0,train
2015-03-24 19:00:00,1.10000002,0.007833845182703449,0,train
2015-03-24 20:00:00,1.10000002,0.007959820306510004,0,train
2015-03-24 21:00:00,1.19999999,0.008070220185355796,0,train
2015-03-24 22:00:00,1.20000004,0.007894092938739796,0,train
2015-03-24 23:00:00,1.10000002,0.007457236342470715,0,train
2015-03-25 00:00:00,1.19999999,0.007544082892622399,0,train
2015-03-25 01:00:00,1.30000001,0.007624787803680173,0,train
2015-03-25 02:00:00,1.00000003,0.0074562357522311275,0,train
2015-03-25 03:00:00,1.10000002,0.007357146536521483,0,train
2015-03-25 04:00:00,1.30000001,0.0074179403730222715,0,train
2015-03-25 05:00:00,1.10000002,0.007414671576790844,0,train
2015-03-25 06:00:00,1.6,0.007616931338279824,0,train
2015-03-25 07:00:00,2.2,0.0076743485319317175,0,train
2015-03-25 08:00:00,4.0999999,0.007881302329905724,0,train
2015-03-25 09:00:00,6.8999999,0.008013048396164037,0,train
2015-03-25 10:00:00,5.4000001,0.00885051745816718,0,train
2015-03-25 11:00:00,9.9000001,0.008753151266479617,0,train
2015-03-25 12:00:00,11.3000002,0.007668189845863316,0,train
2015-03-25 13:00:00,5.2175,0.007995012787482677,0,train
2015-03-25 14:00:00,6.64,0.007086550336112768,0,train
2015-03-25 15:00:00,4.7,0.005866262556948887,0,train
2015-03-25 16:00:00,2.40000001,0.005779146838697658,0,train
2015-03-25 17:00:00,1.59999997,0.005778260525371581,0,train
2015-03-25 18:00:00,1.30000001,0.005880667112613988,0,train
2015-03-25 19:00:00,1.30000001,0.005950058504022035,0,train
2015-03-25 20:00:00,1.19999999,0.00600727371582485,0,train
2015-03-25 21:00:00,1.19999999,0.0060726449332131945,0,train
2015-03-25 22:00:00,1.20000004,0.005792136165883775,0,train
2015-03-25 23:00:00,1.19999999,0.0053155537483680374,0,train
2015-03-26 00:00:00,1.10000002,0.0059053484409843,0,train
2015-03-26 01:00:00,1.30000001,0.005977343535744743,0,train
2015-03-26 02:00:00,1.0,0.005636485803693465,0,train
2015-03-26 03:00:00,1.20000004,0.0054848880074927315,0,train
2015-03-26 04:00:00,1.10000002,0.00557143973616058,0,train
2015-03-26 05:00:00,1.20000004,0.006035990429044031,0,train
2015-03-26 06:00:00,1.19999999,0.00554238066937939,0,train
2015-03-26 07:00:00,1.69999999,0.005311772446778559,0,train
2015-03-26 08:00:00,3.9999999,0.0055502408482123,0,train
2015-03-26 09:00:00,7.5,0.006288677948324423,0,train
2015-03-26 10:00:00,8.5,0.007218738685121354,0,train
2015-03-26 11:00:00,9.9000001,0.0068490541733832,0,train
2015-03-26 12:00:00,11.6999998,0.006224111811593401,0,train
2015-03-26 13:00:00,2.9625,0.007488922230392762,0,train
2015-03-26 14:00:00,11.7999997,0.007868682855153467,0,train
2015-03-26 15:00:00,4.8999999,0.008533744107857146,0,train
2015-03-26 16:00:00,2.0,0.008529782136746896,0,train
2015-03-26 17:00:00,1.5,0.008653870832269003,0,train
2015-03-26 18:00:00,1.30000001,0.00892268530066016,0,train
2015-03-26 19:00:00,1.40000003,0.009136781068875895,0,train
2015-03-26 20:00:00,1.20000004,0.009126101989324198,0,train
2015-03-26 21:00:00,2.20000002,0.00892695080012504,0,train
2015-03-26 22:00:00,1.80000001,0.00870373512445036,0,train
2015-03-26 23:00:00,1.30000001,0.008642400220446095,0,train
2015-03-27 00:00:00,1.29999999,0.009363282685468525,0,train
2015-03-27 01:00:00,1.0,0.009559422953913268,0,train
2015-03-27 02:00:00,1.10000002,0.009364697843959874,0,train
2015-03-27 03:00:00,1.19999999,0.009407641962612902,0,train
2015-03-27 04:00:00,1.19999999,0.009585534227376527,0,train
2015-03-27 05:00:00,1.30000001,0.009835994476447564,0,train
2015-03-27 06:00:00,1.19999999,0.009145711576368043,0,train
2015-03-27 07:00:00,1.5,0.00886912196776641,0,train
2015-03-27 08:00:00,3.5,0.009227487668642911,0,train
2015-03-27 09:00:00,6.7000001,0.009568659392352375,0,train
2015-03-27 10:00:00,6.6000002,0.010310727202093395,0,train
2015-03-27 11:00:00,11.4000001,0.01075345302617478,0,train
2015-03-27 12:00:00,7.1775,0.00954109364791411,0,train
2015-03-27 13:00:00,4.04,0.009803009593975879,0,train
2015-03-27 14:00:00,10.5,0.00998336634882991,0,train
2015-03-27 15:00:00,3.2,0.009127262106143669,0,train
2015-03-27 16:00:00,1.59999997,0.009026288641048938,0,train
2015-03-27 17:00:00,1.10000002,0.009129470772713309,0,train
2015-03-27 18:00:00,0.90000001,0.009289226715253564,0,train
2015-03-27 19:00:00,0.80000001,0.00940597648502442,0,train
2015-03-27 20:00:00,0.90000001,0.009475344844281997,0,train
2015-03-27 21:00:00,0.80000001,0.00958045897892171,0,train
2015-03-27 22:00:00,0.700000020001,0.00983979578839817,0,train
2015-03-27 23:00:00,1.0,0.01031502573382252,0,train
2015-03-28 00:00:00,0.800000020001,0.012030322775879104,0,train
2015-03-28 01:00:00,0.80000001,0.01236815683363755,0,train
2015-03-28 02:00:00,0.800000020001,0.01184519199827815,0,train
2015-03-28 03:00:00,0.90000001,0.011670395877000328,0,train
2015-03-28 04:00:00,0.700000020001,0.012620909893430175,0,train
2015-03-28 05:00:00,0.90000001,0.013494938434463992,0,train
2015-03-28 06:00:00,0.90000001,0.013895428052429068,0,train
2015-03-28 07:00:00,1.10000002,0.012640577478282702,0,train
2015-03-28 08:00:00,0.800000020001,0.011766713102500907,0,train
2015-03-28 09:00:00,0.90000001,0.011848674171028382,0,train
2015-03-28 10:00:00,0.90000001,0.012691287761898823,0,train
2015-03-28 11:00:00,0.700000020001,0.010737361569760103,0,train
2015-03-28 12:00:00,0.800000020001,0.008132035029757331,0,train
2015-03-28 13:00:00,0.90000001,0.009051402915092452,0,train
2015-03-28 14:00:00,0.90000001,0.007237167434684778,0,train
2015-03-28 15:00:00,0.800000020001,0.006159522655769725,0,train
2015-03-28 16:00:00,0.90000001,0.0063898641105008735,0,train
2015-03-28 17:00:00,0.90000001,0.006608271013460492,0,train
2015-03-28 18:00:00,0.800000020001,0.007009433259767348,0,train
2015-03-28 19:00:00,0.80000001,0.007388380354618419,0,train
2015-03-28 20:00:00,0.80000001,0.00743648851839253,0,train
2015-03-28 21:00:00,0.700000020001,0.00714849135561582,0,train
2015-03-28 22:00:00,0.90000001,0.006783577304895928,0,train
2015-03-28 23:00:00,0.800000020001,0.006955122809106926,0,train
2015-03-29 00:00:00,1.1,0.007372808545001806,0,train
2015-03-29 02:00:00,0.60000002,0.007442106094598872,0,train
2015-03-29 03:00:00,0.700000020001,0.007352590659000267,0,train
2015-03-29 04:00:00,0.700000020001,0.007230982370076277,0,train
2015-03-29 05:00:00,1.00000003,0.007062740558598444,0,train
2015-03-29 06:00:00,0.700000020001,0.006855673306482726,0,train
2015-03-29 07:00:00,1.00000003,0.00677963927321458,0,train
2015-03-29 08:00:00,0.800000020001,0.00702399363157467,0,train
2015-03-29 09:00:00,1.10000002,0.0074195645976017684,0,train
2015-03-29 10:00:00,0.800000020001,0.007322937132609462,0,train
2015-03-29 11:00:00,0.60000002,0.007165148480826307,0,train
2015-03-29 12:00:00,0.90000001,0.006148244588727099,0,train
2015-03-29 13:00:00,0.700000020001,0.0062224076056071834,0,train
2015-03-29 14:00:00,0.800000020001,0.006799199808525648,0,train
2015-03-29 15:00:00,0.90000003,0.006284875870125212,0,train
2015-03-29 16:00:00,0.80000001,0.0069512620073165455,0,train
2015-03-29 17:00:00,0.700000020001,0.007137005086020376,0,train
2015-03-29 18:00:00,1.0,0.007290433188339121,0,train
2015-03-29 19:00:00,0.700000020001,0.007453604338192898,0,train
2015-03-29 20:00:00,0.80000001,0.007114513634049167,0,train
2015-03-29 21:00:00,0.800000020001,0.006695170092941683,0,train
2015-03-29 22:00:00,0.800000020001,0.006393518124682285,0,train
2015-03-29 23:00:00,1.39999998,0.0064513699371461205,0,train
2015-03-30 00:00:00,0.69999999,0.012182826592186956,0,train
2015-03-30 01:00:00,1.39999998,0.013205778534294381,0,train
2015-03-30 02:00:00,1.1775,0.009271497124375758,0,train
2015-03-30 03:00:00,1.2025,0.00758829006902015,0,train
2015-03-30 04:00:00,1.2175,0.0070868714354176505,0,train
2015-03-30 05:00:00,1.22,0.006822327203180815,0,train
2015-03-30 06:00:00,1.295,0.006629431470530688,0,train
2015-03-30 07:00:00,1.875,0.006511793705642661,0,train
2015-03-30 08:00:00,2.8775,0.006548242135142506,0,train
2015-03-30 09:00:00,5.28,0.0066693603075362005,0,train
2015-03-30 10:00:00,6.125,0.0069192885279992875,0,train
2015-03-30 11:00:00,7.9925,0.007012721749499666,0,train
2015-03-30 12:00:00,6.665,0.007358843644845554,0,train
2015-03-30 13:00:00,5.4425,0.007198571092357853,0,train
2015-03-30 14:00:00,6.5925,0.006962604326974864,0,train
2015-03-30 15:00:00,4.865,0.006794607276623287,0,train
2015-03-30 16:00:00,2.3925,0.006725370247422477,0,train
2015-03-30 17:00:00,1.375,0.006818474359563115,0,train
2015-03-30 18:00:00,1.1775,0.007255970125324744,0,train
2015-03-30 19:00:00,1.13,0.007833566143095088,0,train
2015-03-30 20:00:00,1.105,0.007980236577799503,0,train
2015-03-30 21:00:00,1.0625,0.008129612737483067,0,train
2015-03-30 22:00:00,1.0875,0.0075582092833179826,0,train
2015-03-30 23:00:00,1.07,0.005837005021949016,0,train
2015-03-31 00:00:00,0.30000001,0.005798227044546386,0,train
2015-03-31 01:00:00,0.800000020001,0.005577546461944727,0,train
2015-03-31 02:00:00,1.19999999,0.005357126738849831,0,train
2015-03-31 03:00:00,1.39999998,0.005313895672584552,0,train
2015-03-31 04:00:00,1.5,0.005265556070193365,0,train
2015-03-31 05:00:00,1.5,0.005330792436970433,0,train
2015-03-31 06:00:00,1.39999998,0.0054327541892966276,0,train
2015-03-31 07:00:00,1.59999997,0.005726753713596812,0,train
2015-03-31 08:00:00,1.69999999,0.006268603289473921,0,train
2015-03-31 09:00:00,1.39999998,0.007077913070270898,0,train
2015-03-31 10:00:00,1.30000001,0.007764722287144962,0,train
2015-03-31 11:00:00,0.700000020001,0.009098741356295955,0,train
2015-03-31 12:00:00,0.800000020001,0.009690741649808104,0,train
2015-03-31 13:00:00,0.90000001,0.011555072136853384,0,train
2015-03-31 14:00:00,0.700000020001,0.012954494129755632,0,train
2015-03-31 15:00:00,0.800000020001,0.014847493135618985,0,train
2015-03-31 16:00:00,0.700000020001,0.016058797622116466,0,train
2015-03-31 17:00:00,0.800000020001,0.017608663007605843,0,train
2015-03-31 18:00:00,0.800000020001,0.019462987792835902,0,train
2015-03-31 19:00:00,0.90000001,0.021484489486214408,1,train
2015-03-31 20:00:00,0.800000020001,0.0231000415465854,1,train
2015-03-31 21:00:00,0.800000020001,0.02369567526151464,1,train
2015-03-31 22:00:00,0.700000020001,0.023093723277927677,1,train
2015-03-31 23:00:00,1.00000003,0.021627565972162418,1,train
2015-04-01 00:00:00,1.30000001,0.020939738629992766,0,train
2015-04-01 01:00:00,1.5,0.01927355480662371,0,train
2015-04-01 02:00:00,1.40000003,0.01862405686425091,0,train
2015-04-01 03:00:00,1.39999998,0.01819098035873526,0,train
2015-04-01 04:00:00,1.30000001,0.017562582484818266,0,train
2015-04-01 05:00:00,1.5,0.016754523748777207,0,train
2015-04-01 06:00:00,1.40000003,0.015867831750495113,0,train
2015-04-01 07:00:00,1.40000003,0.014948321439335057,0,train
2015-04-01 08:00:00,1.60000002,0.014096834417360775,0,train
2015-04-01 09:00:00,1.5,0.013242491938872399,0,train
2015-04-01 10:00:00,1.1,0.012459346899051087,0,train
2015-04-01 11:00:00,0.90000001,0.011659074485587824,0,train
2015-04-01 12:00:00,0.800000020001,0.010948806867147632,0,train
2015-04-01 13:00:00,0.60000002,0.010204234461838104,0,train
2015-04-01 14:00:00,1.00000003,0.009905197474075176,0,train
2015-04-01 15:00:00,0.60000002,0.00853417271663876,0,train
2015-04-01 16:00:00,0.80000001,0.008650986147954313,0,train
2015-04-01 17:00:00,0.800000020001,0.008875359943711624,0,train
2015-04-01 18:00:00,0.90000003,0.009138751983832568,0,train
2015-04-01 19:00:00,0.80000001,0.009323490576426365,0,train
2015-04-01 20:00:00,0.800000020001,0.00928270752484327,0,train
2015-04-01 21:00:00,0.800000020001,0.008873464362985924,0,train
2015-04-01 22:00:00,1.20000004,0.00811617998997943,0,train
2015-04-01 23:00:00,1.40000003,0.007346205984460585,0,train
2015-04-02 00:00:00,1.30000001,0.007617585440829043,0,train
2015-04-02 01:00:00,1.30000001,0.007855102710962885,0,train
2015-04-02 02:00:00,1.5,0.008197965353698194,0,train
2015-04-02 03:00:00,1.30000001,0.007853272110860815,0,train
2015-04-02 04:00:00,1.30000001,0.008019105522515209,0,train
2015-04-02 05:00:00,1.5,0.00812411915888108,0,train
2015-04-02 06:00:00,1.39999998,0.008254531990112715,0,train
2015-04-02 07:00:00,1.5,0.008368396242703488,0,train
2015-04-02 08:00:00,1.60000002,0.008394270053940686,0,train
2015-04-02 09:00:00,1.60000002,0.0081579971490134,0,train
2015-04-02 10:00:00,1.19999999,0.007947524433592902,0,train
2015-04-02 11:00:00,0.80000001,0.008179442756729802,0,train
2015-04-02 12:00:00,0.90000001,0.008044884263520048,0,train
2015-04-02 13:00:00,0.700000020001,0.00789351218492602,0,train
2015-04-02 14:00:00,0.90000001,0.008006577204829148,0,train
2015-04-02 15:00:00,0.800000020001,0.009118524028452663,0,train
2015-04-02 16:00:00,0.700000020001,0.00943091105816812,0,train
2015-04-02 17:00:00,0.800000020001,0.009959201162963175,0,train
2015-04-02 18:00:00,0.800000020001,0.010462639085066255,0,train
2015-04-02 19:00:00,1.0,0.010736631961801404,0,train
2015-04-02 20:00:00,1.00000003,0.010629915147398347,0,train
2015-04-02 21:00:00,1.5,0.010127088147541844,0,train
2015-04-02 22:00:00,1.30000001,0.009469140536277815,0,train
2015-04-02 23:00:00,1.39999998,0.008988392969400663,0,train
2015-04-03 00:00:00,1.30000001,0.008946041980205066,0,train
2015-04-03 01:00:00,1.5,0.008679474622784395,0,train
2015-04-03 02:00:00,1.20000004,0.008569328002862303,0,train
2015-04-03 03:00:00,1.60000002,0.008670212228530736,0,train
2015-04-03 04:00:00,1.30000001,0.008896124510712146,0,train
2015-04-03 05:00:00,1.30000001,0.009148746778503773,0,train
2015-04-03 06:00:00,1.59999997,0.009168484460818822,0,train
2015-04-03 07:00:00,1.5,0.00908098034404714,0,train
2015-04-03 08:00:00,1.60000002,0.00907485292899676,0,train
2015-04-03 09:00:00,1.59999997,0.009052055952314696,0,train
2015-04-03 10:00:00,1.0,0.00894069592709336,0,train
2015-04-03 11:00:00,0.90000001,0.008729492701391282,0,train
2015-04-03 12:00:00,0.800000020001,0.008981556343058129,0,train
2015-04-03 13:00:00,0.800000020001,0.008058435243344389,0,train
2015-04-03 14:00:00,0.80000001,0.008477613961991431,0,train
2015-04-03 15:00:00,0.700000020001,0.00818797468112445,0,train
2015-04-03 16:00:00,0.800000020001,0.008509791101198174,0,train
2015-04-03 17:00:00,0.700000020001,0.008923858297334678,0,train
2015-04-03 18:00:00,1.1,0.009133514384514953,0,train
2015-04-03 19:00:00,0.800000020001,0.009056868127773286,0,train
2015-04-03 20:00:00,0.800000020001,0.008714911104835554,0,train
2015-04-03 21:00:00,1.00000003,0.008324915353547369,0,train
2015-04-03 22:00:00,0.700000020001,0.008086445075502005,0,train
2015-04-03 23:00:00,0.80000001,0.008155610729169255,0,train
2015-04-04 00:00:00,1.30000001,0.008966720198455885,0,train
2015-04-04 01:00:00,1.20000004,0.009039639932463825,0,train
2015-04-04 02:00:00,1.5,0.008667102201557822,0,train
2015-04-04 03:00:00,1.30000001,0.008538786947036798,0,train
2015-04-04 04:00:00,1.5,0.008827748064151373,0,train
2015-04-04 05:00:00,1.30000001,0.009303712150506545,0,train
2015-04-04 06:00:00,1.39999998,0.009696031219776056,0,train
2015-04-04 07:00:00,1.5,0.00985897537204543,0,train
2015-04-04 08:00:00,1.60000002,0.010094758587375392,0,train
2015-04-04 09:00:00,1.5,0.01059842583078102,0,train
2015-04-04 10:00:00,1.5,0.009858396779056462,0,train
2015-04-04 11:00:00,0.90000003,0.009472844129251213,0,train
2015-04-04 12:00:00,0.90000001,0.00821429354527096,0,train
2015-04-04 13:00:00,0.90000001,0.008219107274314201,0,train
2015-04-04 14:00:00,0.700000020001,0.007955846090102497,0,train
2015-04-04 15:00:00,0.800000020001,0.006428957282188133,0,train
2015-04-04 16:00:00,0.90000001,0.006562592176839834,0,train
2015-04-04 17:00:00,0.80000001,0.007016385282557108,0,train
2015-04-04 18:00:00,0.800000020001,0.007374058145795491,0,train
2015-04-04 19:00:00,0.90000001,0.007408390071535469,0,train
2015-04-04 20:00:00,0.80000001,0.00713531036119052,0,train
2015-04-04 21:00:00,0.700000020001,0.0067602579714976475,0,train
2015-04-04 22:00:00,1.00000003,0.00666354816044077,0,train
2015-04-04 23:00:00,0.60000002,0.007801115952750431,0,train
2015-04-05 00:00:00,0.700000020001,0.00880700173723564,0,train
2015-04-05 01:00:00,0.800000020001,0.008708259393239944,0,train
2015-04-05 02:00:00,0.800000020001,0.008289052340481887,0,train
2015-04-05 03:00:00,0.700000020001,0.008100548240181357,0,train
2015-04-05 04:00:00,0.800000020001,0.008412975235349163,0,train
2015-04-05 05:00:00,0.800000020001,0.009935725871567595,0,train
2015-04-05 06:00:00,0.700000020001,0.011434452237340942,0,train
2015-04-05 07:00:00,1.00000003,0.011025279805278338,0,train
2015-04-05 08:00:00,1.30000001,0.009239951070633504,0,train
2015-04-05 09:00:00,1.69999999,0.0073865482757223214,0,train
2015-04-05 10:00:00,1.30000001,0.0060294598246501485,0,train
2015-04-05 11:00:00,1.30000001,0.005209422577077893,0,train
2015-04-05 12:00:00,0.800000020001,0.0049321234404160145,0,train
2015-04-05 13:00:00,0.80000001,0.0051279317467409855,0,train
2015-04-05 14:00:00,0.90000001,0.005710613406495024,0,train
2015-04-05 15:00:00,0.800000020001,0.006457107724947731,0,train
2015-04-05 16:00:00,0.700000020001,0.007031788060912261,0,train
2015-04-05 17:00:00,1.0,0.0072420276707516875,0,train
2015-04-05 18:00:00,0.90000001,0.007207703986615299,0,train
2015-04-05 19:00:00,0.90000001,0.007049994487466959,0,train
2015-04-05 20:00:00,0.80000001,0.006681827255850848,0,train
2015-04-05 21:00:00,0.800000020001,0.006199397134171549,0,train
2015-04-05 22:00:00,0.700000020001,0.00629820886954487,0,train
2015-04-05 23:00:00,0.90000001,0.006932751923317944,0,train
2015-04-06 00:00:00,0.90000001,0.012087961459290014,0,train
2015-04-06 01:00:00,0.80000001,0.01445291132715639,0,train
2015-04-06 02:00:00,0.60000002,0.010492980635300752,0,train
2015-04-06 03:00:00,1.00000003,0.008393312535619396,0,train
2015-04-06 04:00:00,0.800000020001,0.007389176650821418,0,train
2015-04-06 05:00:00,0.80000001,0.006805633328248903,0,train
2015-04-06 06:00:00,0.80000001,0.006698087086465226,0,train
2015-04-06 07:00:00,0.80000001,0.0068792711403205505,0,train
2015-04-06 08:00:00,1.10000002,0.007160591833052211,0,train
2015-04-06 09:00:00,1.00000003,0.007741234898292033,0,train
2015-04-06 10:00:00,0.700000020001,0.008431806864531892,0,train
2015-04-06 11:00:00,0.90000001,0.009346722524933206,0,train
2015-04-06 12:00:00,0.80000001,0.010021360835671617,0,train
2015-04-06 13:00:00,0.90000001,0.010390202498399179,0,train
2015-04-06 14:00:00,0.700000020001,0.010500566370615005,0,train
2015-04-06 15:00:00,1.0,0.010301358543330126,0,train
2015-04-06 16:00:00,0.700000020001,0.01022146067095571,0,train
2015-04-06 17:00:00,0.90000001,0.010543885332683238,0,train
2015-04-06 18:00:00,0.800000020001,0.011162986795838024,0,train
2015-04-06 19:00:00,1.00000003,0.01164694685082677,0,train
2015-04-06 20:00:00,0.800000020001,0.011515950620304216,0,train
2015-04-06 21:00:00,0.90000001,0.010960612946160048,0,train
2015-04-06 22:00:00,0.90000001,0.009831145539114622,0,train
2015-04-06 23:00:00,0.700000020001,0.008156814031340463,0,train
2015-04-07 00:00:00,0.90000001,0.007502534945486041,0,train
2015-04-07 01:00:00,0.90000001,0.006956395765216364,0,train
2015-04-07 02:00:00,0.700000020001,0.00673269142583781,0,train
2015-04-07 03:00:00,0.90000001,0.006777221683970819,0,train
2015-04-07 04:00:00,0.700000020001,0.006918904221548818,0,train
2015-04-07 05:00:00,1.0,0.007021487660866022,0,train
2015-04-07 06:00:00,0.700000020001,0.0069558323723607875,0,train
2015-04-07 07:00:00,1.0,0.0067462314960797425,0,train
2015-04-07 08:00:00,1.0,0.006827238211037098,0,train
2015-04-07 09:00:00,0.800000020001,0.006908819904311174,0,train
2015-04-07 10:00:00,1.0,0.007030534343963735,0,train
2015-04-07 11:00:00,0.60000002,0.007114987839604958,0,train
2015-04-07 12:00:00,0.90000001,0.007632906258642786,0,train
2015-04-07 13:00:00,0.90000003,0.008327909485561308,0,train
2015-04-07 14:00:00,0.80000001,0.008787880697752522,0,train
2015-04-07 15:00:00,0.800000020001,0.009245805323695547,0,train
2015-04-07 16:00:00,0.800000020001,0.009533995814777206,0,train
2015-04-07 17:00:00,0.90000001,0.009570393598985635,0,train
2015-04-07 18:00:00,1.00000003,0.009483250739059762,0,train
2015-04-07 19:00:00,0.800000020001,0.009298847082665193,0,train
2015-04-07 20:00:00,0.80000001,0.008932258201143706,0,train
2015-04-07 21:00:00,0.700000020001,0.008243518301397948,0,train
2015-04-07 22:00:00,0.90000001,0.007195014450220185,0,train
2015-04-07 23:00:00,0.800000020001,0.006157037104307015,0,train
2015-04-08 00:00:00,0.700000020001,0.00616030024835803,0,train
2015-04-08 01:00:00,0.700000020001,0.006237547734817555,0,train
2015-04-08 02:00:00,0.90000001,0.006167636241271728,0,train
2015-04-08 03:00:00,0.700000020001,0.006181592243176703,0,train
2015-04-08 04:00:00,0.800000020001,0.006371244906093595,0,train
2015-04-08 05:00:00,0.90000001,0.006526582687721882,0,train
2015-04-08 06:00:00,0.700000020001,0.006469836705698674,0,train
2015-04-08 07:00:00,0.90000003,0.005991600364328699,0,train
2015-04-08 08:00:00,1.0,0.005861401441757265,0,train
2015-04-08 09:00:00,0.90000001,0.005934612300359909,0,train
2015-04-08 10:00:00,0.800000020001,0.005931405246981597,0,train
2015-04-08 11:00:00,0.90000001,0.006024815682090546,0,train
2015-04-08 12:00:00,0.800000020001,0.0062813382673006886,0,train
2015-04-08 13:00:00,0.90000001,0.006567036300295151,0,train
2015-04-08 14:00:00,0.800000020001,0.006846223987170061,0,train
2015-04-08 15:00:00,1.0,0.007274319448930367,0,train
2015-04-08 16:00:00,0.60000002,0.007763811719381975,0,train
2015-04-08 17:00:00,0.90000001,0.008229226239942329,0,train
2015-04-08 18:00:00,1.00000003,0.008518336193772374,0,train
2015-04-08 19:00:00,0.90000001,0.008569753689635905,0,train
2015-04-08 20:00:00,0.700000020001,0.008322711869671989,0,train
2015-04-08 21:00:00,1.0,0.007758625911072426,0,train
2015-04-08 22:00:00,0.800000020001,0.006984689297172489,0,train
2015-04-08 23:00:00,0.800000020001,0.006331864020100609,0,train
2015-04-09 00:00:00,1.00000003,0.006190815406964927,0,train
2015-04-09 01:00:00,0.800000020001,0.005798204519376546,0,train
2015-04-09 02:00:00,0.80000001,0.00552234710347568,0,train
2015-04-09 03:00:00,1.0,0.005815409864748245,0,train
2015-04-09 04:00:00,0.60000002,0.00626775330109708,0,train
2015-04-09 05:00:00,0.90000001,0.006548468691900926,0,train
2015-04-09 06:00:00,0.80000001,0.006639967845192614,0,train
2015-04-09 07:00:00,0.90000001,0.006329662335059707,0,train
2015-04-09 08:00:00,0.90000001,0.0060507351725052755,0,train
2015-04-09 09:00:00,1.0,0.006021209768916509,0,train
2015-04-09 10:00:00,0.80000001,0.00587819381671702,0,train
2015-04-09 11:00:00,0.800000020001,0.00572987471271163,0,train
2015-04-09 12:00:00,0.700000020001,0.005904432818183416,0,train
2015-04-09 13:00:00,0.90000003,0.006177060396672344,0,train
2015-04-09 14:00:00,0.800000020001,0.00655483085844264,0,train
2015-04-09 15:00:00,1.0,0.007145700271085909,0,train
2015-04-09 16:00:00,0.80000001,0.007916768430738502,0,train
2015-04-09 17:00:00,0.90000001,0.00860786545194398,0,train
2015-04-09 18:00:00,0.90000001,0.009009260430715893,0,train
2015-04-09 19:00:00,1.00000003,0.009037967862703883,0,train
2015-04-09 20:00:00,0.800000020001,0.008701166937722674,0,train
2015-04-09 21:00:00,0.90000001,0.008121071150739135,0,train
2015-04-09 22:00:00,0.80000001,0.007576149895362864,0,train
2015-04-09 23:00:00,0.700000020001,0.007356494167166038,0,train
2015-04-10 00:00:00,0.90000001,0.0071722114338155655,0,train
2015-04-10 01:00:00,0.90000001,0.006780857930211861,0,train
2015-04-10 02:00:00,0.800000020001,0.006330766622728255,0,train
2015-04-10 03:00:00,0.90000001,0.0060977178865079945,0,train
2015-04-10 04:00:00,0.700000020001,0.006231456360509432,0,train
2015-04-10 05:00:00,0.90000001,0.006422692450820085,0,train
2015-04-10 06:00:00,0.800000020001,0.006507873884665717,0,train
2015-04-10 07:00:00,0.90000003,0.006493226516733657,0,train
2015-04-10 08:00:00,1.0,0.006436045435272764,0,train
2015-04-10 09:00:00,1.0,0.006388394674342491,0,train
2015-04-10 10:00:00,0.800000020001,0.006263782722525476,0,train
2015-04-10 11:00:00,1.0,0.006348094096882084,0,train
2015-04-10 12:00:00,0.60000002,0.006518990807884404,0,train
2015-04-10 13:00:00,0.90000001,0.006793459452901847,0,train
2015-04-10 14:00:00,0.90000001,0.007228895734708095,0,train
2015-04-10 15:00:00,0.800000020001,0.007807935361809428,0,train
2015-04-10 16:00:00,0.90000001,0.008319076169789849,0,train
2015-04-10 17:00:00,0.90000001,0.008722081758296469,0,train
2015-04-10 18:00:00,0.800000020001,0.008821480112691604,0,train
2015-04-10 19:00:00,1.00000003,0.008708347632589594,0,train
2015-04-10 20:00:00,0.80000001,0.008460404162648252,0,train
2015-04-10 21:00:00,0.80000001,0.008186865296652862,0,train
2015-04-10 22:00:00,0.800000020001,0.00801101282447761,0,train
2015-04-10 23:00:00,0.80000001,0.008062453128082316,0,train
2015-04-11 00:00:00,0.700000020001,0.008626764121286224,0,train
2015-04-11 01:00:00,0.700000020001,0.008362164262865332,0,train
2015-04-11 02:00:00,0.90000001,0.008061935957527041,0,train
2015-04-11 03:00:00,0.80000001,0.007647457106088112,0,train
2015-04-11 04:00:00,0.800000020001,0.007450906613577866,0,train
2015-04-11 05:00:00,0.700000020001,0.007356165285766473,0,train
2015-04-11 06:00:00,0.90000003,0.007257867329458856,0,train
2015-04-11 07:00:00,0.80000001,0.007168896837663555,0,train
2015-04-11 08:00:00,1.0,0.007217938223043624,0,train
2015-04-11 09:00:00,1.0,0.007126311690279561,0,train
2015-04-11 10:00:00,0.800000020001,0.007075188874464899,0,train
2015-04-11 11:00:00,0.800000020001,0.007076814019603451,0,train
2015-04-11 12:00:00,0.90000001,0.007137398914165911,0,train
2015-04-11 13:00:00,0.700000020001,0.007279992635514466,0,train
2015-04-11 14:00:00,0.800000020001,0.007358184295464933,0,train
2015-04-11 15:00:00,0.90000001,0.00715653564821825,0,train
2015-04-11 16:00:00,0.80000001,0.007362983661691987,0,train
2015-04-11 17:00:00,0.800000020001,0.007912268249404648,0,train
2015-04-11 18:00:00,0.90000003,0.008339959383295249,0,train
2015-04-11 19:00:00,0.90000001,0.00836637348381322,0,train
2015-04-11 20:00:00,0.800000020001,0.008097708903920633,0,train
2015-04-11 21:00:00,0.700000020001,0.007773717271233857,0,train
2015-04-11 22:00:00,0.90000001,0.007704447242556261,0,train
2015-04-11 23:00:00,0.800000020001,0.008551386463808546,0,train
2015-04-12 00:00:00,1.19999999,0.009280068543044188,0,train
2015-04-12 01:00:00,0.60000002,0.009420991832629982,0,train
2015-04-12 02:00:00,0.700000020001,0.008965913590664175,0,train
2015-04-12 03:00:00,0.80000001,0.008335322552347974,0,train
2015-04-12 04:00:00,0.800000020001,0.007787275866714863,0,train
2015-04-12 05:00:00,0.700000020001,0.007467036674932717,0,train
2015-04-12 06:00:00,0.800000020001,0.007332869721538369,0,train
2015-04-12 07:00:00,0.800000020001,0.0072251814194640536,0,train
2015-04-12 08:00:00,1.10000002,0.007336491826657085,0,train
2015-04-12 09:00:00,0.90000001,0.007333678242684287,0,train
2015-04-12 10:00:00,0.90000001,0.007079345317746932,0,train
2015-04-12 11:00:00,0.80000001,0.006816007280155066,0,train
2015-04-12 12:00:00,0.800000020001,0.006797840393075052,0,train
2015-04-12 13:00:00,0.700000020001,0.007165072896330842,0,train
2015-04-12 14:00:00,0.80000001,0.007874972256555937,0,train
2015-04-12 15:00:00,0.800000020001,0.008729616782014383,0,train
2015-04-12 16:00:00,0.90000001,0.009494638193762452,0,train
2015-04-12 17:00:00,0.800000020001,0.009910853441944756,0,train
2015-04-12 18:00:00,0.90000001,0.009963129043703426,0,train
2015-04-12 19:00:00,1.00000003,0.009714705913393238,0,train
2015-04-12 20:00:00,0.700000020001,0.009211234441603823,0,train
2015-04-12 21:00:00,0.60000002,0.008789015261347925,0,train
2015-04-12 22:00:00,1.00000003,0.008803426325913263,0,train
2015-04-12 23:00:00,0.700000020001,0.009231571370062289,0,train
2015-04-13 00:00:00,1.00000003,0.013985040550633406,0,train
2015-04-13 01:00:00,0.700000020001,0.016239191452423453,0,train
2015-04-13 02:00:00,0.90000001,0.012484317226928528,0,train
2015-04-13 03:00:00,0.80000001,0.010206529512293887,0,train
2015-04-13 04:00:00,0.800000020001,0.00886686096635623,0,train
2015-04-13 05:00:00,1.0,0.007971161914846576,0,train
2015-04-13 06:00:00,0.700000020001,0.007600563844805259,0,train
2015-04-13 07:00:00,3.2,0.007785616753895616,0,train
2015-04-13 08:00:00,3.8,0.008436011000610413,0,train
2015-04-13 09:00:00,8.8000002,0.010694142215711964,0,train
2015-04-13 10:00:00,8.9000001,0.014132093952136828,0,train
2015-04-13 11:00:00,10.5,0.01827268419066256,0,train
2015-04-13 12:00:00,6.5625,0.02169346946582944,1,train
2015-04-13 13:00:00,10.6999998,0.02511041605301838,1,train
2015-04-13 14:00:00,8.9999998,0.0288183439369234,1,train
2015-04-13 15:00:00,4.2,0.03206321284844749,1,train
2015-04-13 16:00:00,1.89999998,0.03469649927873276,1,train
2015-04-13 17:00:00,1.20000004,0.036669656432703646,1,train
2015-04-13 18:00:00,1.30000001,0.03718586808020062,1,train
2015-04-13 19:00:00,1.10000002,0.03719195012118287,1,train
2015-04-13 20:00:00,1.10000002,0.036652340536644665,1,train
2015-04-13 21:00:00,1.00000003,0.035540241460839,1,train
2015-04-13 22:00:00,1.10000002,0.033586277505231014,1,train
2015-04-13 23:00:00,1.0,0.03108146740821176,1,train
2015-04-14 00:00:00,1.10000002,0.030146588533467886,1,train
2015-04-14 01:00:00,1.10000002,0.029289142858374372,1,train
2015-04-14 02:00:00,1.0,0.02862217173343779,1,train
2015-04-14 03:00:00,1.00000003,0.02814609211867185,1,train
2015-04-14 04:00:00,1.1,0.028016741597491648,1,train
2015-04-14 05:00:00,0.90000001,0.0279831302707786,1,train
2015-04-14 06:00:00,1.0,0.027846866201901833,1,train
2015-04-14 07:00:00,1.69999999,0.02775333338789958,1,train
2015-04-14 08:00:00,4.1000001,0.02783186508842303,1,train
2015-04-14 09:00:00,7.3,0.02793706341813662,1,train
2015-04-14 10:00:00,6.0,0.027662768566191556,1,train
2015-04-14 11:00:00,10.2000003,0.02752207688462423,1,train
2015-04-14 12:00:00,11.5999999,0.027843304186058876,1,train
2015-04-14 13:00:00,5.2775,0.028613600017984752,1,train
2015-04-14 14:00:00,6.4175,0.028013579529313045,1,train
2015-04-14 15:00:00,4.7,0.02729008498306384,1,train
2015-04-14 16:00:00,2.2,0.027271028823529095,1,train
2015-04-14 17:00:00,1.5,0.027652720300885274,1,train
2015-04-14 18:00:00,1.19999999,0.02810258922284073,1,train
2015-04-14 19:00:00,1.19999999,0.02823081315980412,1,train
2015-04-14 20:00:00,1.20000004,0.02812076501318266,1,train
2015-04-14 21:00:00,1.10000002,0.02810363116971025,1,train
2015-04-14 22:00:00,1.30000001,0.027898723540148027,1,train
2015-04-14 23:00:00,1.0,0.027280821002652365,1,train
2015-04-15 00:00:00,1.19999999,0.026335209899048872,1,train
2015-04-15 01:00:00,1.10000002,0.025145440868373763,1,train
2015-04-15 02:00:00,1.30000001,0.024106435972271904,1,train
2015-04-15 03:00:00,0.90000001,0.02331369841300224,1,train
2015-04-15 04:00:00,1.10000002,0.023008437394467274,1,train
2015-04-15 05:00:00,1.00000003,0.022133604761260896,1,train
2015-04-15 06:00:00,1.10000002,0.02122239097510327,0,train
2015-04-15 07:00:00,2.30000001,0.020463406166374706,0,train
2015-04-15 08:00:00,3.3999999,0.01977772661115034,0,train
2015-04-15 09:00:00,8.8000002,0.019115848950004483,0,train
2015-04-15 10:00:00,9.0999999,0.018832630257466506,0,train
2015-04-15 11:00:00,11.5,0.018289722858342617,0,train
2015-04-15 12:00:00,11.7000003,0.017809352896095965,0,train
2015-04-15 13:00:00,11.5,0.016800634982056403,0,train
2015-04-15 14:00:00,10.8000002,0.01741569117411377,0,train
2015-04-15 15:00:00,4.0999999,0.01816529653639627,0,train
2015-04-15 16:00:00,2.5,0.01834856039647725,0,train
2015-04-15 17:00:00,1.40000003,0.0188118347894529,0,train
2015-04-15 18:00:00,1.39999998,0.01937106390278658,0,train
2015-04-15 19:00:00,1.19999999,0.01977586977661066,0,train
2015-04-15 20:00:00,1.10000002,0.020085832015227626,0,train
2015-04-15 21:00:00,1.19999999,0.020312023673265116,0,train
2015-04-15 22:00:00,1.0,0.020234041011599556,0,train
2015-04-15 23:00:00,1.00000003,0.019519599146460266,0,train
2015-04-16 00:00:00,1.10000002,0.019429940829860215,0,train
2015-04-16 01:00:00,1.10000002,0.019178240318279277,0,train
2015-04-16 02:00:00,1.19999999,0.01880915630731406,0,train
2015-04-16 03:00:00,1.00000003,0.01867468671303499,0,train
2015-04-16 04:00:00,0.90000001,0.01871210818645522,0,train
2015-04-16 05:00:00,1.10000002,0.018693814706810398,0,train
2015-04-16 06:00:00,1.30000001,0.018448249348775394,0,train
2015-04-16 07:00:00,1.39999998,0.018345001798049234,0,train
2015-04-16 08:00:00,3.7999999,0.018587151285159656,0,train
2015-04-16 09:00:00,7.4000001,0.018838599723872747,0,train
2015-04-16 10:00:00,6.2000001,0.019500096655320338,0,train
2015-04-16 11:00:00,10.2999997,0.01964031182982545,0,train
2015-04-16 12:00:00,12.3000002,0.019245752197040347,0,train
2015-04-16 13:00:00,3.0025,0.020129566428898675,0,train
2015-04-16 14:00:00,11.8000002,0.019973060329804164,0,train
2015-04-16 15:00:00,5.2000001,0.019153107885769263,0,train
2015-04-16 16:00:00,2.7,0.018710825569321597,0,train
2015-04-16 17:00:00,1.99999998,0.018447982122547345,0,train
2015-04-16 18:00:00,1.69999999,0.018446591348205043,0,train
2015-04-16 19:00:00,1.30000001,0.0185991193979737,0,train
2015-04-16 20:00:00,1.5,0.018639498470621962,0,train
2015-04-16 21:00:00,1.30000001,0.018492469261291434,0,train
2015-04-16 22:00:00,1.5,0.018243989642062346,0,train
2015-04-16 23:00:00,1.39999998,0.01795503524763091,0,train
2015-04-17 00:00:00,1.30000001,0.018167452446859366,0,train
2015-04-17 01:00:00,1.20000004,0.018001233333416997,0,train
2015-04-17 02:00:00,1.60000002,0.017488860455226827,0,train
2015-04-17 03:00:00,1.30000001,0.017149164136158662,0,train
2015-04-17 04:00:00,1.10000002,0.017205032697779916,0,train
2015-04-17 05:00:00,1.5,0.016806804227345953,0,train
2015-04-17 06:00:00,1.39999998,0.015852363888936988,0,train
2015-04-17 07:00:00,1.69999999,0.015059807923302884,0,train
2015-04-17 08:00:00,3.3,0.014835198169615923,0,train
2015-04-17 09:00:00,6.7,0.014856395507360306,0,train
2015-04-17 10:00:00,6.2,0.01555320065034541,0,train
2015-04-17 11:00:00,11.0999999,0.015670780749356798,0,train
2015-04-17 12:00:00,12.1999998,0.015102801296757345,0,train
2015-04-17 13:00:00,5.175,0.014548247945671538,0,train
2015-04-17 14:00:00,11.6999998,0.014052464165369854,0,train
2015-04-17 15:00:00,3.8,0.013347542428437402,0,train
2015-04-17 16:00:00,1.80000001,0.013176638504037427,0,train
2015-04-17 17:00:00,1.5,0.013278574082685563,0,train
2015-04-17 18:00:00,1.60000002,0.013524970920058905,0,train
2015-04-17 19:00:00,1.30000001,0.013738174057104133,0,train
2015-04-17 20:00:00,1.39999998,0.013867479063934016,0,train
2015-04-17 21:00:00,1.30000001,0.01401316547483568,0,train
2015-04-17 22:00:00,1.40000003,0.01427951001192235,0,train
2015-04-17 23:00:00,1.20000004,0.014730939809695998,0,train
2015-04-18 00:00:00,1.40000003,0.016431799614947923,0,train
2015-04-18 01:00:00,1.19999999,0.016694453513871967,0,train
2015-04-18 02:00:00,1.30000001,0.01618026786677389,0,train
2015-04-18 03:00:00,1.20000004,0.016029374824786388,0,train
2015-04-18 04:00:00,1.39999998,0.015912303446847968,0,train
2015-04-18 05:00:00,1.19999999,0.015512513841902768,0,train
2015-04-18 06:00:00,1.19999999,0.015551666647142514,0,train
2015-04-18 07:00:00,1.20000004,0.014721854469554277,0,train
2015-04-18 08:00:00,1.5,0.013983080733200181,0,train
2015-04-18 09:00:00,1.10000002,0.013763915533641638,0,train
2015-04-18 10:00:00,1.30000001,0.014649402784498744,0,train
2015-04-18 11:00:00,1.20000004,0.013629529297863326,0,train
2015-04-18 12:00:00,1.10000002,0.011533956060891254,0,train
2015-04-18 13:00:00,1.5,0.011112865542809514,0,train
2015-04-18 14:00:00,1.30000001,0.009389124325800078,0,train
2015-04-18 15:00:00,1.30000001,0.007928996118213976,0,train
2015-04-18 16:00:00,1.30000001,0.00797202712565228,0,train
2015-04-18 17:00:00,1.5,0.008127056609362499,0,train
2015-04-18 18:00:00,1.30000001,0.008396510143983802,0,train
2015-04-18 19:00:00,1.40000003,0.008614128012242327,0,train
2015-04-18 20:00:00,1.10000002,0.008570339783525517,0,train
2015-04-18 21:00:00,1.5,0.008209341630370277,0,train
2015-04-18 22:00:00,1.20000004,0.007759445836497267,0,train
2015-04-18 23:00:00,1.20000004,0.007877465851833463,0,train
2015-04-19 00:00:00,1.30000001,0.008266544770550836,0,train
2015-04-19 01:00:00,1.30000001,0.008111199181293934,0,train
2015-04-19 02:00:00,1.10000002,0.007767656493436128,0,train
2015-04-19 03:00:00,1.19999999,0.007487366378725814,0,train
2015-04-19 04:00:00,1.20000004,0.007317903636702879,0,train
2015-04-19 05:00:00,1.19999999,0.007198526353131373,0,train
2015-04-19 06:00:00,1.30000001,0.007121027940249935,0,train
2015-04-19 07:00:00,1.20000004,0.007305156325217641,0,train
2015-04-19 08:00:00,1.19999999,0.007854753962008703,0,train
2015-04-19 09:00:00,1.19999999,0.008237037119680476,0,train
2015-04-19 10:00:00,1.30000001,0.008339848270609867,0,train
2015-04-19 11:00:00,1.30000001,0.007117595972031535,0,train
2015-04-19 12:00:00,1.10000002,0.005909663413329349,0,train
2015-04-19 13:00:00,1.19999999,0.0063319429638381995,0,train
2015-04-19 14:00:00,1.30000001,0.00502664830510293,0,train
2015-04-19 15:00:00,1.30000001,0.0052775314896086195,0,train
2015-04-19 16:00:00,1.40000003,0.0057824666050079855,0,train
2015-04-19 17:00:00,1.19999999,0.0061756668577509785,0,train
2015-04-19 18:00:00,1.19999999,0.006818859501665761,0,train
2015-04-19 19:00:00,1.40000003,0.007152947228767653,0,train
2015-04-19 20:00:00,1.19999999,0.006782620484580791,0,train
2015-04-19 21:00:00,1.30000001,0.006421931156465261,0,train
2015-04-19 22:00:00,1.10000002,0.006452071138557389,0,train
2015-04-19 23:00:00,1.39999998,0.0069613853156360065,0,train
2015-04-20 00:00:00,1.10000002,0.01299120274193688,0,train
2015-04-20 01:00:00,1.19999999,0.017358027539887806,0,train
2015-04-20 02:00:00,1.10000002,0.012761344557062548,0,train
2015-04-20 03:00:00,1.19999999,0.008316746233644002,0,train
2015-04-20 04:00:00,1.20000004,0.006965004377356195,0,train
2015-04-20 05:00:00,1.30000001,0.006505187734346881,0,train
2015-04-20 06:00:00,1.10000002,0.006280140530726073,0,train
2015-04-20 07:00:00,2.5,0.006110092546472672,0,train
2015-04-20 08:00:00,3.1,0.006078178783984744,0,train
2015-04-20 09:00:00,5.5,0.00644544670595953,0,train
2015-04-20 10:00:00,5.6000001,0.006742939384796814,0,train
2015-04-20 11:00:00,10.8999996,0.0075217211961081335,0,train
2015-04-20 12:00:00,11.0,0.00791712595965306,0,train
2015-04-20 13:00:00,11.6999998,0.008364053077863108,0,train
2015-04-20 14:00:00,8.8000002,0.008591211013170987,0,train
2015-04-20 15:00:00,3.7,0.008709076021332432,0,train
2015-04-20 16:00:00,1.89999998,0.009402251315303735,0,train
2015-04-20 17:00:00,1.60000002,0.01088854333738531,0,train
2015-04-20 18:00:00,1.59999997,0.010787206690909544,0,train
2015-04-20 19:00:00,1.5,0.010101650959282503,0,train
2015-04-20 20:00:00,1.30000001,0.010186630266788274,0,train
2015-04-20 21:00:00,1.19999999,0.010557444367969647,0,train
2015-04-20 22:00:00,1.30000001,0.010216706112440103,0,train
2015-04-20 23:00:00,1.40000003,0.008588203455436656,0,train
2015-04-21 00:00:00,1.30000001,0.008551073831383744,0,train
2015-04-21 01:00:00,1.19999999,0.00838369377488329,0,train
2015-04-21 02:00:00,1.5,0.008420355411421967,0,train
2015-04-21 03:00:00,1.10000002,0.009055374102408129,0,train
2015-04-21 04:00:00,1.19999999,0.00962142751070998,0,train
2015-04-21 05:00:00,1.40000003,0.009956517183604309,0,train
2015-04-21 06:00:00,1.30000001,0.009332173726067006,0,train
2015-04-21 07:00:00,1.79999999,0.008570581233981875,0,train
2015-04-21 08:00:00,3.5,0.008410471048159729,0,train
2015-04-21 09:00:00,6.4000001,0.008521448949337039,0,train
2015-04-21 10:00:00,8.3000002,0.008889839501194449,0,train
2015-04-21 11:00:00,9.0,0.009013632352068918,0,train
2015-04-21 12:00:00,11.7000003,0.009381366552372206,0,train
2015-04-21 13:00:00,10.7000003,0.008181091894109361,0,train
2015-04-21 14:00:00,8.8999999,0.007278392004078991,0,train
2015-04-21 15:00:00,3.4999999,0.007150285821429523,0,train
2015-04-21 16:00:00,2.1,0.006830905315848483,0,train
2015-04-21 17:00:00,1.89999998,0.006462975267307634,0,train
2015-04-21 18:00:00,1.69999999,0.006286921708243813,0,train
2015-04-21 19:00:00,1.60000002,0.006294710388512131,0,train
2015-04-21 20:00:00,1.5,0.006390341507959659,0,train
2015-04-21 21:00:00,1.30000001,0.006526340687767021,0,train
2015-04-21 22:00:00,1.59999997,0.006386635867757118,0,train
2015-04-21 23:00:00,1.20000004,0.0061423693225494975,0,train
2015-04-22 00:00:00,1.39999998,0.006494633710659538,0,train
2015-04-22 01:00:00,1.30000001,0.006924079764705305,0,train
2015-04-22 02:00:00,1.40000003,0.006964848585031934,0,train
2015-04-22 03:00:00,1.10000002,0.006873714159838875,0,train
2015-04-22 04:00:00,1.30000001,0.0067462961343614045,0,train
2015-04-22 05:00:00,1.20000004,0.007029956498561724,0,train
2015-04-22 06:00:00,1.59999997,0.007414685879080525,0,train
2015-04-22 07:00:00,1.5,0.007232895402393855,0,train
2015-04-22 08:00:00,3.0,0.00703298224944554,0,train
2015-04-22 09:00:00,5.4000001,0.007398168105513721,0,train
2015-04-22 10:00:00,6.8999999,0.008270183111975358,0,train
2015-04-22 11:00:00,9.4000001,0.00867093831742235,0,train
2015-04-22 12:00:00,12.0,0.008480209995007563,0,train
2015-04-22 13:00:00,12.0,0.008353031793292663,0,train
2015-04-22 14:00:00,11.6999998,0.0089664360039334,0,train
2015-04-22 15:00:00,4.3,0.009470349320251696,0,train
2015-04-22 16:00:00,2.10000001,0.009165613723636687,0,train
2015-04-22 17:00:00,1.79999996,0.008879709985404986,0,train
2015-04-22 18:00:00,1.60000002,0.008789339433014477,0,train
2015-04-22 19:00:00,1.39999998,0.008794684037710674,0,train
2015-04-22 20:00:00,1.40000003,0.008815966319179056,0,train
2015-04-22 21:00:00,1.30000001,0.00892274863215557,0,train
2015-04-22 22:00:00,1.5,0.008732637289202611,0,train
2015-04-22 23:00:00,1.20000004,0.008219661940234524,0,train
2015-04-23 00:00:00,1.20000004,0.008489389897005081,0,train
2015-04-23 01:00:00,1.30000001,0.008584005531026975,0,train
2015-04-23 02:00:00,1.20000004,0.008554345000432072,0,train
2015-04-23 03:00:00,1.30000001,0.00870113172249263,0,train
2015-04-23 04:00:00,1.5,0.008693969823313295,0,train
2015-04-23 05:00:00,1.20000004,0.008787077601878196,0,train
2015-04-23 06:00:00,1.39999998,0.008774833215771601,0,train
2015-04-23 07:00:00,1.60000002,0.00870683011844054,0,train
2015-04-23 08:00:00,3.6,0.008642148160949803,0,train
2015-04-23 09:00:00,6.7,0.008821387915394678,0,train
2015-04-23 10:00:00,8.5,0.009541686532106552,0,train
2015-04-23 11:00:00,10.1999998,0.010486469426693146,0,train
2015-04-23 12:00:00,10.9000001,0.011224545411940129,0,train
2015-04-23 13:00:00,3.2875,0.011828427362581596,0,train
2015-04-23 14:00:00,6.205,0.010799144360000236,0,train
2015-04-23 15:00:00,3.6,0.009465382730294106,0,train
2015-04-23 16:00:00,2.3,0.00921376880814275,0,train
2015-04-23 17:00:00,1.60000002,0.00905000323761676,0,train
2015-04-23 18:00:00,1.80000001,0.009104747628582826,0,train
2015-04-23 19:00:00,1.39999998,0.009224120360171645,0,train
2015-04-23 20:00:00,1.40000003,0.009222240497598034,0,train
2015-04-23 21:00:00,1.30000001,0.009078952312195594,0,train
2015-04-23 22:00:00,1.5,0.00898701818193608,0,train
2015-04-23 23:00:00,1.5,0.008946382390545318,0,train
2015-04-24 00:00:00,1.19999999,0.009298409398935783,0,train
2015-04-24 01:00:00,1.40000003,0.00940840750898472,0,train
2015-04-24 02:00:00,1.30000001,0.009292955805721752,0,train
2015-04-24 03:00:00,1.30000001,0.009348726971662889,0,train
2015-04-24 04:00:00,1.40000003,0.009523251121980806,0,train
2015-04-24 05:00:00,1.19999999,0.009414658626321173,0,train
2015-04-24 06:00:00,1.5,0.008706333183210168,0,train
2015-04-24 07:00:00,1.69999999,0.00811060587898856,0,train
2015-04-24 08:00:00,3.3,0.007950504796379624,0,train
2015-04-24 09:00:00,6.8000002,0.008323511008005748,0,train
2015-04-24 10:00:00,7.2000003,0.009385061901015429,0,train
2015-04-24 11:00:00,7.0175,0.010115635738922735,0,train
2015-04-24 12:00:00,7.4625,0.00939195563627675,0,train
2015-04-24 13:00:00,11.8000002,0.009045590959537431,0,train
2015-04-24 14:00:00,8.7999999,0.008298783344421974,0,train
2015-04-24 15:00:00,3.6,0.008365028161255375,0,train
2015-04-24 16:00:00,1.60000002,0.008429135149776498,0,train
2015-04-24 17:00:00,1.20000004,0.008557534522781466,0,train
2015-04-24 18:00:00,1.30000001,0.008664809768215148,0,train
2015-04-24 19:00:00,1.10000002,0.008661692344879433,0,train
2015-04-24 20:00:00,1.10000002,0.008596887736524448,0,train
2015-04-24 21:00:00,1.10000002,0.008544323258375676,0,train
2015-04-24 22:00:00,1.10000002,0.008651779586462603,0,train
2015-04-24 23:00:00,1.10000002,0.009005569286979372,0,train
2015-04-25 00:00:00,1.30000001,0.010508803828597415,0,train
2015-04-25 01:00:00,1.0,0.01066738406985783,0,train
2015-04-25 02:00:00,1.1,0.010258093980978425,0,train
2015-04-25 03:00:00,1.10000002,0.010166400397040221,0,train
2015-04-25 04:00:00,1.10000002,0.01100620003210711,0,train
2015-04-25 05:00:00,1.10000002,0.011152672940363614,0,train
2015-04-25 06:00:00,1.10000002,0.011535856450402383,0,train
2015-04-25 07:00:00,1.30000001,0.010662306475563396,0,train
2015-04-25 08:00:00,1.20000004,0.010071812488313472,0,train
2015-04-25 09:00:00,1.10000002,0.010195393256507014,0,train
2015-04-25 10:00:00,1.00000003,0.011401966890997818,0,train
2015-04-25 11:00:00,1.10000002,0.010216836136993635,0,train
2015-04-25 12:00:00,1.10000002,0.009182426168058578,0,train
2015-04-25 13:00:00,1.0,0.009391665359793829,0,train
2015-04-25 14:00:00,1.30000001,0.006623908562917731,0,train
2015-04-25 15:00:00,1.1,0.006013529370038807,0,train
2015-04-25 16:00:00,1.10000002,0.006067838917273312,0,train
2015-04-25 17:00:00,1.30000001,0.006252880755634826,0,train
2015-04-25 18:00:00,1.19999999,0.006614685290706306,0,train
2015-04-25 19:00:00,1.10000002,0.0069285981138566535,0,train
2015-04-25 20:00:00,1.10000002,0.006977012124280223,0,train
2015-04-25 21:00:00,1.20000004,0.006680143978466027,0,train
2015-04-25 22:00:00,0.90000001,0.006299190534386396,0,train
2015-04-25 23:00:00,1.10000002,0.006503852827234202,0,train
2015-04-26 00:00:00,1.30000001,0.006900034803027623,0,train
2015-04-26 01:00:00,1.00000003,0.006807032312339025,0,train
2015-04-26 02:00:00,1.0,0.006538230965344397,0,train
2015-04-26 03:00:00,1.10000002,0.006337044682898185,0,train
2015-04-26 04:00:00,1.20000004,0.0061864207767979434,0,train
2015-04-26 05:00:00,1.0,0.005972545846189405,0,train
2015-04-26 06:00:00,1.10000002,0.0057686380918443745,0,train
2015-04-26 07:00:00,1.40000003,0.005793484117471979,0,train
2015-04-26 08:00:00,1.10000002,0.0061133646443717595,0,train
2015-04-26 09:00:00,1.0,0.0061803444838187845,0,train
2015-04-26 10:00:00,1.19999999,0.006122763108564224,0,train
2015-04-26 11:00:00,1.0,0.006221414571961998,0,train
2015-04-26 12:00:00,1.10000002,0.006361274080350659,0,train
2015-04-26 13:00:00,1.10000002,0.005408681363180947,0,train
2015-04-26 14:00:00,1.10000002,0.005034856325537207,0,train
2015-04-26 15:00:00,1.10000002,0.005394782044833141,0,train
2015-04-26 16:00:00,1.0,0.005951805695432905,0,train
2015-04-26 17:00:00,1.30000001,0.006285757288205206,0,train
2015-04-26 18:00:00,1.20000004,0.006908924973203356,0,train
2015-04-26 19:00:00,1.20000002,0.00720421505180533,0,train
2015-04-26 20:00:00,0.90000001,0.006774581492444169,0,train
2015-04-26 21:00:00,1.19999999,0.006364534913656534,0,train
2015-04-26 22:00:00,1.0,0.0063444312241260035,0,train
2015-04-26 23:00:00,1.10000002,0.006790179975620324,0,train
2015-04-27 00:00:00,1.19999999,0.0127528542461654,0,train
2015-04-27 01:00:00,1.0,0.016775137020544763,0,train
2015-04-27 02:00:00,1.0,0.0120155310742042,0,train
2015-04-27 03:00:00,1.20000004,0.007974976497204512,0,train
2015-04-27 04:00:00,0.800000020001,0.0067708565752555225,0,train
2015-04-27 05:00:00,1.30000001,0.006312166131165321,0,train
2015-04-27 06:00:00,0.90000001,0.0060542264770608485,0,train
2015-04-27 07:00:00,1.69999999,0.005917003907249761,0,train
2015-04-27 08:00:00,2.2,0.005958761483238745,0,train
2015-04-27 09:00:00,5.6,0.006183109232738712,0,train
2015-04-27 10:00:00,10.0,0.006830045867579908,0,train
2015-04-27 11:00:00,9.7000003,0.0076496094051043285,0,train
2015-04-27 12:00:00,10.5,0.008131468686997875,0,train
2015-04-27 13:00:00,5.3975,0.008613855170889135,0,train
2015-04-27 14:00:00,10.5,0.008887869507118075,0,train
2015-04-27 15:00:00,3.5,0.009273978889540511,0,train
2015-04-27 16:00:00,1.59999997,0.009851798667907441,0,train
2015-04-27 17:00:00,1.5,0.011209063626261917,0,train
2015-04-27 18:00:00,1.60000002,0.011394764565560727,0,train
2015-04-27 19:00:00,1.40000003,0.010681733260134094,0,train
2015-04-27 20:00:00,1.20000004,0.010693587250420845,0,train
2015-04-27 21:00:00,1.10000002,0.010960916691638505,0,train
2015-04-27 22:00:00,1.19999999,0.01052888622597671,0,train
2015-04-27 23:00:00,1.19999999,0.008876196831132584,0,train
2015-04-28 00:00:00,1.20000004,0.008805349869898,0,train
2015-04-28 01:00:00,1.20000004,0.008610085839211494,0,train
2015-04-28 02:00:00,1.30000001,0.008601200140321954,0,train
2015-04-28 03:00:00,1.30000001,0.00919446517770978,0,train
2015-04-28 04:00:00,1.10000002,0.009415860887525418,0,train
2015-04-28 05:00:00,1.19999999,0.009622527974244337,0,train
2015-04-28 06:00:00,1.99999998,0.009127401451834966,0,train
2015-04-28 07:00:00,2.3,0.008528475594896626,0,train
2015-04-28 08:00:00,2.9,0.008521445538163159,0,train
2015-04-28 09:00:00,6.8000002,0.009018135536652067,0,train
2015-04-28 10:00:00,5.5,0.009630099927724567,0,train
2015-04-28 11:00:00,9.9000001,0.009313442844884064,0,train
2015-04-28 12:00:00,11.8000002,0.008832242093353189,0,train
2015-04-28 13:00:00,6.1175,0.008041086556252961,0,train
2015-04-28 14:00:00,11.1999998,0.008233339465945195,0,train
2015-04-28 15:00:00,3.9999999,0.008055020804837804,0,train
2015-04-28 16:00:00,1.80000001,0.007695775533398891,0,train
2015-04-28 17:00:00,1.69999999,0.0073678989354501335,0,train
2015-04-28 18:00:00,1.69999999,0.007266394758973835,0,train
2015-04-28 19:00:00,1.40000003,0.007339016694458539,0,train
2015-04-28 20:00:00,1.39999998,0.007459871411490019,0,train
2015-04-28 21:00:00,1.5,0.007616998568943173,0,train
2015-04-28 22:00:00,1.20000004,0.007469433363259889,0,train
2015-04-28 23:00:00,1.30000001,0.007111836486998084,0,train
2015-04-29 00:00:00,1.30000001,0.007325629478550046,0,train
2015-04-29 01:00:00,1.39999998,0.007568174209798532,0,train
2015-04-29 02:00:00,1.30000001,0.007529029196404373,0,train
2015-04-29 03:00:00,1.30000001,0.007494142727053515,0,train
2015-04-29 04:00:00,1.20000004,0.0075362453105489524,0,train
2015-04-29 05:00:00,1.5,0.007523030229939776,0,train
2015-04-29 06:00:00,1.19999999,0.007735827764094212,0,train
2015-04-29 07:00:00,2.7,0.007742628859006093,0,train
2015-04-29 08:00:00,3.4,0.0077708296565950465,0,train
2015-04-29 09:00:00,7.1999998,0.008049892485572413,0,train
2015-04-29 10:00:00,7.8000002,0.008335832921838041,0,train
2015-04-29 11:00:00,9.6999998,0.008543216399878144,0,train
2015-04-29 12:00:00,11.9000001,0.008038883825281106,0,train
2015-04-29 13:00:00,6.9975,0.008092543905495525,0,train
2015-04-29 14:00:00,7.4125,0.0076859855245539396,0,train
2015-04-29 15:00:00,3.5,0.006771623755042703,0,train
2015-04-29 16:00:00,1.40000003,0.006551899648131263,0,train
2015-04-29 17:00:00,1.5,0.006446033000389259,0,train
2015-04-29 18:00:00,1.30000001,0.006502803463383206,0,train
2015-04-29 19:00:00,1.40000003,0.0065593120194949485,0,train
2015-04-29 20:00:00,1.5,0.006566284287059786,0,train
2015-04-29 21:00:00,1.10000002,0.00662886111037153,0,train
2015-04-29 22:00:00,1.30000001,0.006396908611395657,0,train
2015-04-29 23:00:00,1.19999999,0.005851559916244654,0,train
2015-04-30 00:00:00,1.10000002,0.006167990756682583,0,train
2015-04-30 01:00:00,1.20000004,0.006210121490719622,0,train
2015-04-30 02:00:00,1.30000001,0.005984892542749361,0,train
2015-04-30 03:00:00,1.10000002,0.005975327323725964,0,train
2015-04-30 04:00:00,1.19999999,0.006045788980206784,0,train
2015-04-30 05:00:00,1.30000001,0.006179759004850908,0,train
2015-04-30 06:00:00,1.20000002,0.005988039087376971,0,train
2015-04-30 07:00:00,2.29999998,0.005857041742989191,0,train
2015-04-30 08:00:00,2.4,0.006009625842624372,0,train
2015-04-30 09:00:00,6.5,0.006526675347115327,0,train
2015-04-30 10:00:00,8.7000003,0.0076001287211382275,0,train
2015-04-30 11:00:00,9.3999996,0.008364071448000809,0,train
2015-04-30 12:00:00,10.3000002,0.007829824396376393,0,train
2015-04-30 13:00:00,3.505,0.007867789243692714,0,train
2015-04-30 14:00:00,9.1999998,0.006544045548325835,0,train
2015-04-30 15:00:00,3.7,0.0064906158825722435,0,train
2015-04-30 16:00:00,1.59999997,0.006418992472302291,0,train
2015-04-30 17:00:00,1.69999999,0.006488667970278379,0,train
2015-04-30 18:00:00,1.39999998,0.00673567099231845,0,train
2015-04-30 19:00:00,1.59999997,0.006996288433221399,0,train
2015-04-30 20:00:00,1.5,0.0070714810448137665,0,train
2015-04-30 21:00:00,1.30000001,0.006928268679396256,0,train
2015-04-30 22:00:00,1.40000003,0.006744083482022986,0,train
2015-04-30 23:00:00,1.40000003,0.006712864289296556,0,train
2015-05-01 00:00:00,1.19999999,0.007255513396126536,0,train
2015-05-01 01:00:00,1.39999998,0.007435109970140836,0,train
2015-05-01 02:00:00,1.40000003,0.007295105387196291,0,train
2015-05-01 03:00:00,1.20000004,0.007391490515499506,0,train
2015-05-01 04:00:00,1.40000003,0.007974182334733073,0,train
2015-05-01 05:00:00,1.30000001,0.007932980054307258,0,train
2015-05-01 06:00:00,1.19999999,0.0072806616316536486,0,train
2015-05-01 07:00:00,1.79999996,0.006816612205371814,0,train
2015-05-01 08:00:00,2.9,0.0069978471720901995,0,train
2015-05-01 09:00:00,6.4000001,0.007667984090204765,0,train
2015-05-01 10:00:00,6.8,0.008427246126074267,0,train
2015-05-01 11:00:00,9.4000001,0.008341242049424075,0,train
2015-05-01 12:00:00,9.5,0.0068440502540692985,0,train
2015-05-01 13:00:00,10.5999999,0.007426128365503841,0,train
2015-05-01 14:00:00,8.2999999,0.007353314212775134,0,train
2015-05-01 15:00:00,2.9,0.006831393815881573,0,train
2015-05-01 16:00:00,1.59999997,0.006835292879100587,0,train
2015-05-01 17:00:00,1.19999999,0.00693547348534788,0,train
2015-05-01 18:00:00,1.19999999,0.007042611001020284,0,train
2015-05-01 19:00:00,1.40000003,0.007087115658263826,0,train
2015-05-01 20:00:00,1.0,0.007095539512257421,0,train
2015-05-01 21:00:00,1.40000003,0.007104607860639275,0,train
2015-05-01 22:00:00,1.10000002,0.007242484886051299,0,train
2015-05-01 23:00:00,1.19999999,0.007595173401813742,0,train
2015-05-02 00:00:00,1.1,0.009092307750168819,0,train
2015-05-02 01:00:00,1.10000002,0.009364265274275975,0,train
2015-05-02 02:00:00,1.10000002,0.009113473792112733,0,train
2015-05-02 03:00:00,1.40000003,0.00929386035120686,0,train
2015-05-02 04:00:00,0.90000001,0.009427812236034375,0,train
2015-05-02 05:00:00,0.90000001,0.009846465813404292,0,train
2015-05-02 06:00:00,1.69999999,0.010148288063240906,0,train
2015-05-02 07:00:00,1.69999999,0.009687981954479062,0,train
2015-05-02 08:00:00,1.79999996,0.009331122851426711,0,train
2015-05-02 09:00:00,1.80000001,0.009401685611228689,0,train
2015-05-02 10:00:00,1.30000001,0.010364268128389701,0,train
2015-05-02 11:00:00,1.10000002,0.010153204755327026,0,train
2015-05-02 12:00:00,0.80000001,0.009779026192872407,0,train
2015-05-02 13:00:00,1.20000004,0.008351733120955626,0,train
2015-05-02 14:00:00,0.800000020001,0.006519751600358418,0,train
2015-05-02 15:00:00,1.19999999,0.006099345261402023,0,train
2015-05-02 16:00:00,1.10000002,0.006127768037304105,0,train
2015-05-02 17:00:00,1.0,0.006282055702491844,0,train
2015-05-02 18:00:00,1.1,0.006575919110395214,0,train
2015-05-02 19:00:00,1.10000002,0.006875978303725122,0,train
2015-05-02 20:00:00,1.0,0.00698672814770213,0,train
2015-05-02 21:00:00,1.0,0.006808264940886214,0,train
2015-05-02 22:00:00,0.90000001,0.006563875541858998,0,train
2015-05-02 23:00:00,1.1,0.006959526716958011,0,train
2015-05-03 00:00:00,1.10000002,0.007425554132891831,0,train
2015-05-03 01:00:00,1.30000001,0.007265690421715086,0,train
2015-05-03 02:00:00,1.59999997,0.006836308416205456,0,train
2015-05-03 03:00:00,1.69999999,0.00633656946688786,0,train
2015-05-03 04:00:00,1.5,0.005982469184093039,0,train
2015-05-03 05:00:00,1.80000001,0.005722279999328059,0,train
2015-05-03 06:00:00,1.5,0.005561656263565213,0,train
2015-05-03 07:00:00,1.99999998,0.005701907181421,0,train
2015-05-03 08:00:00,1.80000001,0.006127470789720368,0,train
2015-05-03 09:00:00,1.69999999,0.006392832860556226,0,train
2015-05-03 10:00:00,1.20000004,0.006521995739206572,0,train
2015-05-03 11:00:00,1.0,0.006191804628062789,0,train
2015-05-03 12:00:00,0.90000001,0.005954955526555382,0,train
2015-05-03 13:00:00,1.1,0.005275867948920355,0,train
2015-05-03 14:00:00,1.10000002,0.004831392224087958,0,train
2015-05-03 15:00:00,1.0,0.005107604189845128,0,train
2015-05-03 16:00:00,1.20000004,0.005641926208848805,0,train
2015-05-03 17:00:00,1.0,0.005960404230273187,0,train
2015-05-03 18:00:00,1.10000002,0.006551444775251388,0,train
2015-05-03 19:00:00,1.10000002,0.0069824358754241094,0,train
2015-05-03 20:00:00,0.800000020001,0.006773683429178554,0,train
2015-05-03 21:00:00,1.20000004,0.0064327470096613324,0,train
2015-05-03 22:00:00,0.90000001,0.00651460460955466,0,train
2015-05-03 23:00:00,1.0,0.007070430865208779,0,train
2015-05-04 00:00:00,0.90000001,0.01327848702428826,0,train
2015-05-04 01:00:00,1.0,0.01844227850309997,0,train
2015-05-04 02:00:00,1.0,0.014739298695578041,0,train
2015-05-04 03:00:00,1.00000003,0.008367196180911307,0,train
2015-05-04 04:00:00,1.1,0.0066811685997726945,0,train
2015-05-04 05:00:00,1.00000003,0.006257333641544972,0,train
2015-05-04 06:00:00,1.19999999,0.0060213144604106495,0,train
2015-05-04 07:00:00,1.30000001,0.005927084460077997,0,train
2015-05-04 08:00:00,1.20000004,0.006091414673619558,0,train
2015-05-04 09:00:00,1.10000002,0.006602231008308111,0,train
2015-05-04 10:00:00,1.20000004,0.007825883983922744,0,train
2015-05-04 11:00:00,1.10000002,0.009099276199092154,0,train
2015-05-04 12:00:00,1.0,0.010623569969734539,0,train
2015-05-04 13:00:00,1.30000001,0.01190536149138463,0,train
2015-05-04 14:00:00,1.10000002,0.013252979321009169,0,train
2015-05-04 15:00:00,1.10000002,0.0139443584284395,0,train
2015-05-04 16:00:00,1.30000001,0.014612357012287606,0,train
2015-05-04 17:00:00,1.0,0.015430260595972991,0,train
2015-05-04 18:00:00,1.20000004,0.016453561342171512,0,train
2015-05-04 19:00:00,1.10000002,0.01728622112818421,0,train
2015-05-04 20:00:00,0.90000001,0.01778795998050252,0,train
2015-05-04 21:00:00,1.19999999,0.017909680774414207,0,train
2015-05-04 22:00:00,1.00000003,0.017257166235700647,0,train
2015-05-04 23:00:00,1.0,0.015872360041310367,0,train
2015-05-05 00:00:00,1.40000003,0.015825077232083717,0,train
2015-05-05 01:00:00,0.90000001,0.015711698211204207,0,train
2015-05-05 02:00:00,1.10000002,0.015577662844783423,0,train
2015-05-05 03:00:00,1.10000002,0.014538746962253725,0,train
2015-05-05 04:00:00,1.0,0.013510120498842877,0,train
2015-05-05 05:00:00,1.10000002,0.012665630814440696,0,train
2015-05-05 06:00:00,1.10000002,0.012485306953084186,0,train
2015-05-05 07:00:00,1.39999998,0.01247208135958279,0,train
2015-05-05 08:00:00,3.8,0.012595800190722452,0,train
2015-05-05 09:00:00,6.7000001,0.01300289832149425,0,train
2015-05-05 10:00:00,5.2999999,0.012569570934616891,0,train
2015-05-05 11:00:00,8.8000002,0.012266285576841137,0,train
2015-05-05 12:00:00,9.0999999,0.01246655959464198,0,train
2015-05-05 13:00:00,10.3000002,0.013645694888315978,0,train
2015-05-05 14:00:00,8.4000001,0.01495155028338606,0,train
2015-05-05 15:00:00,3.6999999,0.015238787270167106,0,train
2015-05-05 16:00:00,2.2,0.014295417390485739,0,train
2015-05-05 17:00:00,1.39999998,0.013169867155740225,0,train
2015-05-05 18:00:00,1.60000002,0.012490762364296266,0,train
2015-05-05 19:00:00,1.30000001,0.012255571321753733,0,train
2015-05-05 20:00:00,1.39999998,0.012178652266644288,0,train
2015-05-05 21:00:00,1.39999998,0.012065704407115723,0,train
2015-05-05 22:00:00,1.40000003,0.01161679916534603,0,train
2015-05-05 23:00:00,1.30000001,0.010651094725616284,0,train
2015-05-06 00:00:00,1.40000003,0.010911607290617112,0,train
2015-05-06 01:00:00,1.30000001,0.010896996689682114,0,train
2015-05-06 02:00:00,1.5,0.011259442100207344,0,train
2015-05-06 03:00:00,1.20000004,0.010292316866438975,0,train
2015-05-06 04:00:00,1.60000002,0.009806037641728138,0,train
2015-05-06 05:00:00,1.10000002,0.009367949420072082,0,train
2015-05-06 06:00:00,1.39999998,0.008659768222868255,0,train
2015-05-06 07:00:00,1.60000002,0.007907269080828701,0,train
2015-05-06 08:00:00,3.6,0.007455230254396023,0,train
2015-05-06 09:00:00,6.8999999,0.007361425044518992,0,train
2015-05-06 10:00:00,6.2999999,0.007403197801288567,0,train
2015-05-06 11:00:00,7.8000002,0.007060638474177792,0,train
2015-05-06 12:00:00,9.5999999,0.006602819137352427,0,train
2015-05-06 13:00:00,11.8000002,0.006800968175751915,0,train
2015-05-06 14:00:00,7.395,0.005867458281772051,0,train
2015-05-06 15:00:00,4.1000001,0.00545112518687262,0,train
2015-05-06 16:00:00,2.10000001,0.005346919254690927,0,train
2015-05-06 17:00:00,1.60000002,0.0053762406515802524,0,train
2015-05-06 18:00:00,1.69999999,0.005593146147252312,0,train
2015-05-06 19:00:00,1.30000001,0.005805742335519193,0,train
2015-05-06 20:00:00,1.30000001,0.0059628539732098276,0,train
2015-05-06 21:00:00,1.69999999,0.0061023214022842415,0,train
2015-05-06 22:00:00,1.30000001,0.005972595553544997,0,train
2015-05-06 23:00:00,1.30000001,0.0053523616018280465,0,train
2015-05-07 00:00:00,1.20000004,0.005458116946752245,0,train
2015-05-07 01:00:00,1.20000004,0.005384507462906508,0,train
2015-05-07 02:00:00,1.30000001,0.005156295977529713,0,train
2015-05-07 03:00:00,1.30000001,0.005143046457988701,0,train
2015-05-07 04:00:00,1.20000004,0.005263678573982809,0,train
2015-05-07 05:00:00,1.30000001,0.005351917656218576,0,train
2015-05-07 06:00:00,1.40000003,0.005214814784136179,0,train
2015-05-07 07:00:00,1.69999999,0.005207955396265644,0,train
2015-05-07 08:00:00,3.9,0.0054788901159168535,0,train
2015-05-07 09:00:00,7.7000001,0.005845692618486122,0,train
2015-05-07 10:00:00,8.4000001,0.006626071880668976,0,train
2015-05-07 11:00:00,9.5,0.007239499927448216,0,train
2015-05-07 12:00:00,10.5,0.007336050351806595,0,train
2015-05-07 13:00:00,3.53,0.007615104227773364,0,train
2015-05-07 14:00:00,11.8000002,0.007293262088214848,0,train
2015-05-07 15:00:00,3.3,0.00797845259854477,0,train
2015-05-07 16:00:00,1.5,0.007992820587535837,0,train
2015-05-07 17:00:00,1.60000002,0.008168706715703118,0,train
2015-05-07 18:00:00,1.59999997,0.008523926483293,0,train
2015-05-07 19:00:00,1.39999998,0.008866311511949087,0,train
2015-05-07 20:00:00,1.30000001,0.008991435049318253,0,train
2015-05-07 21:00:00,1.59999997,0.008886616769805362,0,train
2015-05-07 22:00:00,1.20000004,0.008708553249184434,0,train
2015-05-07 23:00:00,1.60000002,0.008658396476119424,0,train
2015-05-08 00:00:00,1.19999999,0.008955678869422697,0,train
2015-05-08 01:00:00,1.39999998,0.009036589252156436,0,train
2015-05-08 02:00:00,1.30000001,0.00898533254666845,0,train
2015-05-08 03:00:00,1.60000002,0.009137469712288232,0,train
2015-05-08 04:00:00,1.20000004,0.009705122717623879,0,train
2015-05-08 05:00:00,1.5,0.009620878633732892,0,train
2015-05-08 06:00:00,1.39999998,0.009274892133108009,0,train
2015-05-08 07:00:00,1.60000002,0.009010185293014472,0,train
2015-05-08 08:00:00,3.3,0.009269184298735878,0,train
2015-05-08 09:00:00,6.5999999,0.009784703231483088,0,train
2015-05-08 10:00:00,6.0,0.010398287156784067,0,train
2015-05-08 11:00:00,7.4375,0.010931269182876362,0,train
2015-05-08 12:00:00,7.9225,0.010279175591730888,0,train
2015-05-08 13:00:00,5.735,0.009985569468029452,0,train
2015-05-08 14:00:00,10.1999998,0.00911291012292853,0,train
2015-05-08 15:00:00,2.7,0.008005150869088302,0,train
2015-05-08 16:00:00,1.79999996,0.008068982026748071,0,train
2015-05-08 17:00:00,1.30000001,0.008343617859694175,0,train
2015-05-08 18:00:00,1.10000002,0.008741301396550888,0,train
2015-05-08 19:00:00,1.5,0.009066916966237506,0,train
2015-05-08 20:00:00,1.0,0.009273344492334683,0,train
2015-05-08 21:00:00,1.20000004,0.00939304884908762,0,train
2015-05-08 22:00:00,1.30000001,0.009510606582446852,0,train
2015-05-08 23:00:00,1.10000002,0.009793245358585959,0,train
2015-05-09 00:00:00,1.19999999,0.011298813081091718,0,train
2015-05-09 01:00:00,1.19999999,0.011792024162849085,0,train
2015-05-09 02:00:00,1.10000002,0.01193572246964952,0,train
2015-05-09 03:00:00,1.20000004,0.012706629331046989,0,train
2015-05-09 04:00:00,1.19999999,0.013246016490182762,0,train
2015-05-09 05:00:00,1.00000003,0.013193782456033858,0,train
2015-05-09 06:00:00,1.10000002,0.01414030042585725,0,train
2015-05-09 07:00:00,1.20000004,0.014065772850418235,0,train
2015-05-09 08:00:00,1.10000002,0.013534674684115547,0,train
2015-05-09 09:00:00,1.19999999,0.012917299968352773,0,train
2015-05-09 10:00:00,1.1,0.012472932957056045,0,train
2015-05-09 11:00:00,1.1,0.011041770899311487,0,train
2015-05-09 12:00:00,1.0,0.009700768316707927,0,train
2015-05-09 13:00:00,1.00000003,0.008810432166632177,0,train
2015-05-09 14:00:00,1.19999999,0.0066033505375582505,0,train
2015-05-09 15:00:00,1.0,0.005444710114402743,0,train
2015-05-09 16:00:00,1.19999999,0.005544078916450753,0,train
2015-05-09 17:00:00,1.20000004,0.005865837186733978,0,train
2015-05-09 18:00:00,1.10000002,0.0063845972836877145,0,train
2015-05-09 19:00:00,1.20000004,0.006928198508532313,0,train
2015-05-09 20:00:00,1.00000003,0.007294351557819232,0,train
2015-05-09 21:00:00,1.10000002,0.007441379793921765,0,train
2015-05-09 22:00:00,1.1,0.007468676031371973,0,train
2015-05-09 23:00:00,1.0,0.007828388636176775,0,train
2015-05-10 00:00:00,1.10000002,0.008328134457569757,0,train
2015-05-10 01:00:00,1.0,0.00834774709166452,0,train
2015-05-10 02:00:00,1.0,0.00810018507925444,0,train
2015-05-10 03:00:00,1.19999999,0.007875448927100081,0,train
2015-05-10 04:00:00,1.00000003,0.007371238658722509,0,train
2015-05-10 05:00:00,1.00000003,0.006950530547232688,0,train
2015-05-10 06:00:00,1.30000001,0.006629229554159777,0,train
2015-05-10 07:00:00,1.0,0.006505997571715071,0,train
2015-05-10 08:00:00,1.20000004,0.006574044240487839,0,train
2015-05-10 09:00:00,1.0,0.00657906858960559,0,train
2015-05-10 10:00:00,0.90000001,0.006662391884422248,0,train
2015-05-10 11:00:00,1.20000004,0.006524803181431509,0,train
2015-05-10 12:00:00,0.90000001,0.0063882748337533895,0,train
2015-05-10 13:00:00,0.90000001,0.006602768082317867,0,train
2015-05-10 14:00:00,1.10000002,0.005654156261892045,0,train
2015-05-10 15:00:00,1.10000002,0.006014588676243776,0,train
2015-05-10 16:00:00,1.0,0.006497885586380106,0,train
2015-05-10 17:00:00,1.19999999,0.0066232331424796054,0,train
2015-05-10 18:00:00,1.30000001,0.006645189706916683,0,train
2015-05-10 19:00:00,0.90000001,0.0067084346896071805,0,train
2015-05-10 20:00:00,1.19999999,0.00628463181788184,0,train
2015-05-10 21:00:00,1.0,0.005770756155227549,0,train
2015-05-10 22:00:00,1.10000002,0.0055725969571185675,0,train
2015-05-10 23:00:00,1.00000003,0.005896014014084789,0,train
2015-05-11 00:00:00,1.30000001,0.012094255722403215,0,train
2015-05-11 01:00:00,0.90000001,0.01545371756435046,0,train
2015-05-11 02:00:00,1.10000002,0.010896755886283487,0,train
2015-05-11 03:00:00,1.00000003,0.007413190206179198,0,train
2015-05-11 04:00:00,1.20000004,0.0066282561658610305,0,train
2015-05-11 05:00:00,0.90000001,0.006585461545299171,0,train
2015-05-11 06:00:00,1.20000002,0.006680691356295245,0,train
2015-05-11 07:00:00,1.30000001,0.006746259974967041,0,train
2015-05-11 08:00:00,3.0,0.0068247904462018566,0,train
2015-05-11 09:00:00,7.1000001,0.007334473243711701,0,train
2015-05-11 10:00:00,6.7999997,0.007972115581767558,0,train
2015-05-11 11:00:00,10.7999997,0.00918304608145354,0,train
2015-05-11 12:00:00,6.455,0.010143419881606284,0,train
2015-05-11 13:00:00,4.685,0.010273353504633542,0,train
2015-05-11 14:00:00,11.0,0.011086486858880407,0,train
2015-05-11 15:00:00,3.8,0.011726308239479117,0,train
2015-05-11 16:00:00,1.89999998,0.011679218347908861,0,train
2015-05-11 17:00:00,1.5,0.012456320819321616,0,train
2015-05-11 18:00:00,1.69999999,0.012925175480788033,0,train
2015-05-11 19:00:00,1.69999999,0.012242003838641677,0,train
2015-05-11 20:00:00,1.40000003,0.012424307689351885,0,train
2015-05-11 21:00:00,1.30000001,0.012690845571957703,0,train
2015-05-11 22:00:00,1.5,0.012111932856770676,0,train
2015-05-11 23:00:00,1.40000003,0.010363773613496725,0,train
2015-05-12 00:00:00,1.5,0.010135353545863318,0,train
2015-05-12 01:00:00,1.30000001,0.009811947427823015,0,train
2015-05-12 02:00:00,1.40000003,0.009766535668707058,0,train
2015-05-12 03:00:00,1.30000001,0.00993985002979342,0,train
2015-05-12 04:00:00,1.30000001,0.009914337210971638,0,train
2015-05-12 05:00:00,1.20000004,0.009738125067021604,0,train
2015-05-12 06:00:00,1.39999998,0.009144498546699508,0,train
2015-05-12 07:00:00,2.39999998,0.008472101687566111,0,train
2015-05-12 08:00:00,3.9,0.008015096289461366,0,train
2015-05-12 09:00:00,7.3000002,0.007880525372760416,0,train
2015-05-12 10:00:00,7.7000003,0.007639728740615899,0,train
2015-05-12 11:00:00,10.1000004,0.007156367909628305,0,train
2015-05-12 12:00:00,12.1999998,0.0064626024047022635,0,train
2015-05-12 13:00:00,5.7275,0.007271195414278914,0,train
2015-05-12 14:00:00,7.02,0.007169256564854147,0,train
2015-05-12 15:00:00,4.1,0.006042470975026099,0,train
2015-05-12 16:00:00,1.90000001,0.005771312933768929,0,train
2015-05-12 17:00:00,1.89999998,0.005592720981218726,0,train
2015-05-12 18:00:00,1.69999999,0.0056225127353416145,0,train
2015-05-12 19:00:00,1.90000001,0.005730796382741376,0,train
2015-05-12 20:00:00,1.39999998,0.005836243527173312,0,train
2015-05-12 21:00:00,1.40000003,0.0059222470164834165,0,train
2015-05-12 22:00:00,1.5,0.005844774599319609,0,train
2015-05-12 23:00:00,1.30000001,0.0054840463579781205,0,train
2015-05-13 00:00:00,1.39999998,0.005515678038057025,0,train
2015-05-13 01:00:00,1.60000002,0.005561853743225367,0,train
2015-05-13 02:00:00,1.20000004,0.005508579231098043,0,train
2015-05-13 03:00:00,1.5,0.005541907314253381,0,train
2015-05-13 04:00:00,1.20000004,0.005610105954168561,0,train
2015-05-13 05:00:00,1.5,0.005814158347514079,0,train
2015-05-13 06:00:00,1.60000002,0.005975468699697571,0,train
2015-05-13 07:00:00,2.09999999,0.00587671963653328,0,train
2015-05-13 08:00:00,3.9,0.006020922123285922,0,train
2015-05-13 09:00:00,6.8999999,0.006296505447073808,0,train
2015-05-13 10:00:00,6.0,0.006956598044874742,0,train
2015-05-13 11:00:00,9.9000001,0.006879454619543338,0,train
2015-05-13 12:00:00,11.7000003,0.006637227595607368,0,train
2015-05-13 13:00:00,6.3725,0.006329153171252365,0,train
2015-05-13 14:00:00,10.2999997,0.005940629484641425,0,train
2015-05-13 15:00:00,2.9,0.006507880740137124,0,train
2015-05-13 16:00:00,1.60000002,0.0063759592870061485,0,train
2015-05-13 17:00:00,1.59999997,0.006328558597209296,0,train
2015-05-13 18:00:00,1.59999997,0.0064502638532309906,0,train
2015-05-13 19:00:00,1.80000001,0.006556139269214111,0,train
2015-05-13 20:00:00,1.40000003,0.006553808904563189,0,train
2015-05-13 21:00:00,1.5,0.006523013082936154,0,train
2015-05-13 22:00:00,1.39999998,0.006387781153976331,0,train
2015-05-13 23:00:00,1.39999998,0.0058890216765071085,0,train
2015-05-14 00:00:00,1.40000003,0.006116508564138944,0,train
2015-05-14 01:00:00,1.59999997,0.006100895883784499,0,train
2015-05-14 02:00:00,1.39999998,0.005881723529842973,0,train
2015-05-14 03:00:00,1.30000001,0.0058871850596481845,0,train
2015-05-14 04:00:00,1.30000001,0.0060484662878572595,0,train
2015-05-14 05:00:00,1.39999998,0.005965894771183529,0,train
2015-05-14 06:00:00,1.39999998,0.005794554793259084,0,train
2015-05-14 07:00:00,2.4,0.00569111843048806,0,train
2015-05-14 08:00:00,3.7,0.005821366285968692,0,train
2015-05-14 09:00:00,9.6999998,0.006558635687145691,0,train
2015-05-14 10:00:00,6.7225,0.00775766005809209,0,train
2015-05-14 11:00:00,7.765,0.008482734540411431,0,train
2015-05-14 12:00:00,9.0375,0.007971097752675767,0,train
2015-05-14 13:00:00,3.9225,0.007599983950598362,0,train
2015-05-14 14:00:00,6.73,0.007857467311312228,0,train
2015-05-14 15:00:00,4.9,0.00676755744512161,0,train
2015-05-14 16:00:00,1.60000002,0.006793375186409378,0,train
2015-05-14 17:00:00,1.80000001,0.006915517106761004,0,train
2015-05-14 18:00:00,1.80000001,0.007221261084765318,0,train
2015-05-14 19:00:00,1.5,0.007556474067566175,0,train
2015-05-14 20:00:00,1.60000002,0.007669208748156651,0,train
2015-05-14 21:00:00,1.69999999,0.007564226549203972,0,train
2015-05-14 22:00:00,1.40000003,0.007394973830287612,0,train
2015-05-14 23:00:00,1.60000002,0.007416903506227664,0,train
2015-05-15 00:00:00,1.40000003,0.007855127394661484,0,train
2015-05-15 01:00:00,1.69999999,0.008032383367375813,0,train
2015-05-15 02:00:00,1.40000003,0.007877058691410397,0,train
2015-05-15 03:00:00,1.59999997,0.007940635999618466,0,train
2015-05-15 04:00:00,1.30000001,0.008602361149104239,0,train
2015-05-15 05:00:00,1.69999999,0.008226281982101622,0,train
2015-05-15 06:00:00,1.59999997,0.007589902754552999,0,train
2015-05-15 07:00:00,2.29999998,0.007222536857470883,0,train
2015-05-15 08:00:00,2.30000001,0.007666238799277342,0,train
2015-05-15 09:00:00,6.8,0.007982821742509237,0,train
2015-05-15 10:00:00,4.9,0.008520601711620794,0,train
2015-05-15 11:00:00,9.8000002,0.008890942335151883,0,train
2015-05-15 12:00:00,10.6000002,0.007830903266519371,0,train
2015-05-15 13:00:00,5.3775,0.008566727706819165,0,train
2015-05-15 14:00:00,9.1999998,0.007403047281595441,0,train
2015-05-15 15:00:00,1.39999998,0.007897892793279697,0,train
2015-05-15 16:00:00,1.1,0.008063968681129938,0,train
2015-05-15 17:00:00,1.20000004,0.008359688695565736,0,train
2015-05-15 18:00:00,1.5,0.008624529233613409,0,train
2015-05-15 19:00:00,1.10000002,0.008743814489735045,0,train
2015-05-15 20:00:00,1.20000004,0.008729043143174863,0,train
2015-05-15 21:00:00,1.30000001,0.008690245895171258,0,train
2015-05-15 22:00:00,0.90000001,0.008758482776162663,0,train
2015-05-15 23:00:00,1.40000003,0.00907832734730251,0,train
2015-05-16 00:00:00,1.10000002,0.010441189682039869,0,train
2015-05-16 01:00:00,1.30000001,0.010796749538448544,0,train
2015-05-16 02:00:00,1.10000002,0.010681258366250678,0,train
2015-05-16 03:00:00,1.30000001,0.010973608925356154,0,train
2015-05-16 04:00:00,1.20000004,0.011070071764413885,0,train
2015-05-16 05:00:00,1.20000004,0.010794382766386801,0,train
2015-05-16 06:00:00,1.39999998,0.011042304254170451,0,train
2015-05-16 07:00:00,1.30000001,0.010355545646573596,0,train
2015-05-16 08:00:00,1.39999998,0.009935092478483565,0,train
2015-05-16 09:00:00,1.40000003,0.00924271879990746,0,train
2015-05-16 10:00:00,1.0,0.009901429219145918,0,train
2015-05-16 11:00:00,1.30000001,0.00957534655632548,0,train
2015-05-16 12:00:00,1.10000002,0.008342572489703553,0,train
2015-05-16 13:00:00,1.40000003,0.007965668891529993,0,train
2015-05-16 14:00:00,1.19999999,0.0066318510892727,0,train
2015-05-16 15:00:00,1.20000004,0.005710934453724304,0,train
2015-05-16 16:00:00,1.30000001,0.005695394608606734,0,train
2015-05-16 17:00:00,1.20000004,0.005893433720607398,0,train
2015-05-16 18:00:00,1.5,0.006283973713310007,0,train
2015-05-16 19:00:00,1.40000003,0.006642602009724341,0,train
2015-05-16 20:00:00,1.10000002,0.006735674947196513,0,train
2015-05-16 21:00:00,1.39999998,0.006574954507603524,0,train
2015-05-16 22:00:00,1.10000002,0.0063265157923194475,0,train
2015-05-16 23:00:00,1.20000004,0.006645504866935305,0,train
2015-05-17 00:00:00,1.40000003,0.006990428828741739,0,train
2015-05-17 01:00:00,1.19999999,0.0069140549603253845,0,train
2015-05-17 02:00:00,1.30000001,0.006620560607076941,0,train
2015-05-17 03:00:00,1.10000002,0.006259974412618786,0,train
2015-05-17 04:00:00,1.30000001,0.005976750065719513,0,train
2015-05-17 05:00:00,1.10000002,0.005724451195805236,0,train
2015-05-17 06:00:00,1.30000001,0.005504848606479754,0,train
2015-05-17 07:00:00,1.40000003,0.00551482144466015,0,train
2015-05-17 08:00:00,1.40000003,0.005762341251919562,0,train
2015-05-17 09:00:00,1.20000004,0.005831878641277557,0,train
2015-05-17 10:00:00,1.19999999,0.006104814581046169,0,train
2015-05-17 11:00:00,1.20000004,0.005640593412627801,0,train
2015-05-17 12:00:00,1.20000004,0.005045039371330014,0,train
2015-05-17 13:00:00,1.20000004,0.005404691103699977,0,train
2015-05-17 14:00:00,1.30000001,0.004729369038298676,0,train
2015-05-17 15:00:00,1.19999999,0.005067188566661901,0,train
2015-05-17 16:00:00,1.39999998,0.005579999316866369,0,train
2015-05-17 17:00:00,1.19999999,0.005839611706604025,0,train
2015-05-17 18:00:00,1.30000001,0.006350206548611859,0,train
2015-05-17 19:00:00,1.30000001,0.006721000628798406,0,train
2015-05-17 20:00:00,1.40000003,0.006484363791969559,0,train
2015-05-17 21:00:00,1.10000002,0.006176914279050527,0,train
2015-05-17 22:00:00,1.30000001,0.006234201459452931,0,train
2015-05-17 23:00:00,1.00000003,0.006741560545628462,0,train
2015-05-18 00:00:00,1.30000001,0.012897449769542834,0,train
2015-05-18 01:00:00,1.10000002,0.01773606529339292,0,train
2015-05-18 02:00:00,1.30000001,0.013825971967161812,0,train
2015-05-18 03:00:00,1.0,0.008260949090225322,0,train
2015-05-18 04:00:00,1.19999999,0.0065803054791622965,0,train
2015-05-18 05:00:00,1.20000004,0.006132729146538309,0,train
2015-05-18 06:00:00,1.39999998,0.005916478661847072,0,train
2015-05-18 07:00:00,2.4,0.005847086033635259,0,train
2015-05-18 08:00:00,3.8,0.0058359202332956125,0,train
2015-05-18 09:00:00,7.5999999,0.006263470908085155,0,train
2015-05-18 10:00:00,6.3,0.006568810528004198,0,train
2015-05-18 11:00:00,9.6999998,0.007138482541317462,0,train
2015-05-18 12:00:00,12.2999997,0.007683777749030986,0,train
2015-05-18 13:00:00,4.4,0.008287374900092286,0,train
2015-05-18 14:00:00,5.5075,0.00853880335493038,0,train
2015-05-18 15:00:00,3.2,0.008656157101659451,0,train
2015-05-18 16:00:00,1.90000001,0.009596451638117627,0,train
2015-05-18 17:00:00,1.30000001,0.011186420612328088,0,train
2015-05-18 18:00:00,1.90000001,0.010256708069521637,0,train
2015-05-18 19:00:00,1.30000001,0.009614916141255654,0,train
2015-05-18 20:00:00,1.59999997,0.00978298552727374,0,train
2015-05-18 21:00:00,1.5,0.009954183316727525,0,train
2015-05-18 22:00:00,1.20000004,0.009289244736967177,0,train
2015-05-18 23:00:00,1.5,0.007490914353298943,0,train
2015-05-19 00:00:00,1.10000002,0.007324570216291036,0,train
2015-05-19 01:00:00,1.5,0.007131164435067576,0,train
2015-05-19 02:00:00,1.40000003,0.007208943213929787,0,train
2015-05-19 03:00:00,1.5,0.007561821191872955,0,train
2015-05-19 04:00:00,1.5,0.007661259166079279,0,train
2015-05-19 05:00:00,1.40000003,0.007707650630065331,0,train
2015-05-19 06:00:00,1.5,0.007273339150239994,0,train
2015-05-19 07:00:00,1.5,0.0068768073943109445,0,train
2015-05-19 08:00:00,3.7,0.007018869263601466,0,train
2015-05-19 09:00:00,6.2,0.007288727127174988,0,train
2015-05-19 10:00:00,4.9,0.007814732696677,0,train
2015-05-19 11:00:00,9.7999997,0.00783095901398315,0,train
2015-05-19 12:00:00,11.5,0.007600388913641878,0,train
2015-05-19 13:00:00,5.3675,0.006990287234443611,0,train
2015-05-19 14:00:00,11.5,0.007015460170150581,0,train
2015-05-19 15:00:00,3.6,0.007816801967763933,0,train
2015-05-19 16:00:00,1.79999999,0.007601326309649976,0,train
2015-05-19 17:00:00,1.40000003,0.007412347687666462,0,train
2015-05-19 18:00:00,1.59999997,0.007455897804612239,0,train
2015-05-19 19:00:00,1.30000001,0.007603793276359739,0,train
2015-05-19 20:00:00,1.5,0.00775038508340904,0,train
2015-05-19 21:00:00,1.20000004,0.007886707566013158,0,train
2015-05-19 22:00:00,1.10000002,0.007861717048169998,0,train
2015-05-19 23:00:00,1.39999998,0.00753123567328841,0,train
2015-05-20 00:00:00,1.20000004,0.007525239393270787,0,train
2015-05-20 01:00:00,1.10000002,0.00752179070804401,0,train
2015-05-20 02:00:00,1.30000001,0.007493663102690731,0,train
2015-05-20 03:00:00,1.0,0.0075132985134245015,0,train
2015-05-20 04:00:00,1.30000001,0.0075496287786103,0,train
2015-05-20 05:00:00,1.20000004,0.007792190581169145,0,train
2015-05-20 06:00:00,1.30000001,0.007904708229844468,0,train
2015-05-20 07:00:00,1.5,0.007825062356467367,0,train
2015-05-20 08:00:00,3.4999999,0.0078117660706057915,0,train
2015-05-20 09:00:00,5.1999999,0.007979078797279644,0,train
2015-05-20 10:00:00,4.9,0.008842805945786585,0,train
2015-05-20 11:00:00,10.0999999,0.008923717833281577,0,train
2015-05-20 12:00:00,11.3000002,0.0073077833514623965,0,train
2015-05-20 13:00:00,5.9025,0.0074978746499792795,0,train
2015-05-20 14:00:00,8.7999999,0.007638043070575288,0,train
2015-05-20 15:00:00,3.8,0.006723109160213906,0,train
2015-05-20 16:00:00,1.5,0.006621033778615239,0,train
2015-05-20 17:00:00,1.5,0.006596282438260078,0,train
2015-05-20 18:00:00,1.5,0.006728713406139781,0,train
2015-05-20 19:00:00,1.39999998,0.006844273596700866,0,train
2015-05-20 20:00:00,1.30000001,0.006948766998392724,0,train
2015-05-20 21:00:00,1.30000001,0.007099604244631676,0,train
2015-05-20 22:00:00,1.30000001,0.007063456861320951,0,train
2015-05-20 23:00:00,1.30000001,0.006471872597211561,0,train
2015-05-21 00:00:00,1.20000004,0.006538757958890906,0,train
2015-05-21 01:00:00,1.39999998,0.006522698188474635,0,train
2015-05-21 02:00:00,1.30000001,0.0063888950305140664,0,train
2015-05-21 03:00:00,1.20000004,0.006387670960424986,0,train
2015-05-21 04:00:00,1.19999999,0.00644057761294904,0,train
2015-05-21 05:00:00,1.40000003,0.0063949175246441285,0,train
2015-05-21 06:00:00,1.30000001,0.006249598366010774,0,train
2015-05-21 07:00:00,1.69999999,0.006115795413524903,0,train
2015-05-21 08:00:00,3.0,0.006161762092191119,0,train
2015-05-21 09:00:00,6.0,0.006805384173216918,0,train
2015-05-21 10:00:00,8.8999996,0.008017265370154028,0,train
2015-05-21 11:00:00,8.9000001,0.008111978060734947,0,train
2015-05-21 12:00:00,11.0999999,0.0069451684593767075,0,train
2015-05-21 13:00:00,3.7725,0.008001885570182759,0,train
2015-05-21 14:00:00,11.0999999,0.007267318453160112,0,train
2015-05-21 15:00:00,2.8,0.0075227542664593906,0,train
2015-05-21 16:00:00,1.59999997,0.007535458317319756,0,train
2015-05-21 17:00:00,1.59999997,0.007628156655940543,0,train
2015-05-21 18:00:00,1.30000001,0.007903255493960462,0,train
2015-05-21 19:00:00,1.60000002,0.008193310225902296,0,train
2015-05-21 20:00:00,1.30000001,0.008272152713399497,0,train
2015-05-21 21:00:00,1.30000001,0.00811286736410383,0,train
2015-05-21 22:00:00,1.20000004,0.007886590175620179,0,train
2015-05-21 23:00:00,1.39999998,0.007854361061940974,0,train
2015-05-22 00:00:00,1.10000002,0.008040402539878425,0,train
2015-05-22 01:00:00,1.5,0.00808081643538633,0,train
2015-05-22 02:00:00,1.0,0.008053839339629222,0,train
2015-05-22 03:00:00,1.5,0.008196406509685379,0,train
2015-05-22 04:00:00,1.20000004,0.008472853575202409,0,train
2015-05-22 05:00:00,1.30000001,0.008191993758862237,0,train
2015-05-22 06:00:00,1.19999999,0.007756895622754792,0,train
2015-05-22 07:00:00,1.69999999,0.00748211268251088,0,train
2015-05-22 08:00:00,2.5,0.007755347094432887,0,train
2015-05-22 09:00:00,5.7999999,0.00794023377217888,0,train
2015-05-22 10:00:00,7.5,0.008831959430220413,0,train
2015-05-22 11:00:00,9.8999996,0.009204686317350825,0,train
2015-05-22 12:00:00,11.0999999,0.008740446849983907,0,train
2015-05-22 13:00:00,4.9425,0.009375522291827998,0,train
2015-05-22 14:00:00,11.9000001,0.009593496718153073,0,train
2015-05-22 15:00:00,2.8,0.009277269767881091,0,train
2015-05-22 16:00:00,1.10000002,0.009364407548023847,0,train
2015-05-22 17:00:00,1.19999999,0.009496035679950932,0,train
2015-05-22 18:00:00,0.90000001,0.009635925351966862,0,train
2015-05-22 19:00:00,1.00000003,0.009744109432559062,0,train
2015-05-22 20:00:00,0.90000001,0.009811710641163868,0,train
2015-05-22 21:00:00,1.0,0.009911773874979116,0,train
2015-05-22 22:00:00,0.90000001,0.010136818016090478,0,train
2015-05-22 23:00:00,0.90000001,0.010593304530156463,0,train
2015-05-23 00:00:00,0.800000020001,0.012121414457638643,0,train
2015-05-23 01:00:00,0.800000020001,0.012366334649580922,0,train
2015-05-23 02:00:00,1.00000003,0.012061513691230636,0,train
2015-05-23 03:00:00,0.80000001,0.012235307316000069,0,train
2015-05-23 04:00:00,1.0,0.012287636652391963,0,train
2015-05-23 05:00:00,0.700000020001,0.01253494945450894,0,train
2015-05-23 06:00:00,1.10000002,0.012661213467239942,0,train
2015-05-23 07:00:00,1.00000003,0.012071431916263432,0,train
2015-05-23 08:00:00,1.10000002,0.011804052825618602,0,train
2015-05-23 09:00:00,0.80000001,0.012102134299507641,0,train
2015-05-23 10:00:00,1.00000003,0.013415664381181974,0,train
2015-05-23 11:00:00,0.90000001,0.013017540785797359,0,train
2015-05-23 12:00:00,0.800000020001,0.011237234895004038,0,train
2015-05-23 13:00:00,0.90000001,0.011420085981173382,0,train
2015-05-23 14:00:00,1.00000003,0.009398111255240118,0,train
2015-05-23 15:00:00,0.90000001,0.007745533758520533,0,train
2015-05-23 16:00:00,0.90000001,0.007690032225158555,0,train
2015-05-23 17:00:00,0.90000001,0.0077798997269666915,0,train
2015-05-23 18:00:00,1.1,0.008084585422055899,0,train
2015-05-23 19:00:00,0.800000020001,0.008372963651368456,0,train
2015-05-23 20:00:00,1.10000002,0.008424004213225837,0,train
2015-05-23 21:00:00,0.800000020001,0.008210683126775092,0,train
2015-05-23 22:00:00,0.90000001,0.007911169256644328,0,train
2015-05-23 23:00:00,0.90000001,0.008084708480120486,0,train
2015-05-24 00:00:00,0.90000001,0.008381845804558023,0,train
2015-05-24 01:00:00,0.90000001,0.008339965965616534,0,train
2015-05-24 02:00:00,0.800000020001,0.008108401845934065,0,train
2015-05-24 03:00:00,0.90000003,0.007917094351948064,0,train
2015-05-24 04:00:00,1.00000003,0.007721117619542941,0,train
2015-05-24 05:00:00,0.80000001,0.007508172230471861,0,train
2015-05-24 06:00:00,0.90000003,0.007268093034692236,0,train
2015-05-24 07:00:00,1.20000004,0.007241982152252231,0,train
2015-05-24 08:00:00,1.0,0.0074622503438052535,0,train
2015-05-24 09:00:00,1.1,0.00754759547218416,0,train
2015-05-24 10:00:00,0.800000020001,0.0073333121423038135,0,train
2015-05-24 11:00:00,0.800000020001,0.006762310901684143,0,train
2015-05-24 12:00:00,1.0,0.00604098684804455,0,train
2015-05-24 13:00:00,0.800000020001,0.006505624396130762,0,train
2015-05-24 14:00:00,1.0,0.005245910801336352,0,train
2015-05-24 15:00:00,0.800000020001,0.0056490249667933545,0,train
2015-05-24 16:00:00,1.00000003,0.006177695186989135,0,train
2015-05-24 17:00:00,0.90000001,0.006383262779892608,0,train
2015-05-24 18:00:00,1.10000002,0.006790123679530749,0,train
2015-05-24 19:00:00,0.800000020001,0.007082523053934877,0,train
2015-05-24 20:00:00,0.90000001,0.006704999273142478,0,train
2015-05-24 21:00:00,0.90000001,0.006253471412552877,0,train
2015-05-24 22:00:00,0.800000020001,0.006144540912685844,0,train
2015-05-24 23:00:00,1.10000002,0.006464341770467364,0,train
2015-05-25 00:00:00,0.800000020001,0.012432001894548716,0,train
2015-05-25 01:00:00,0.800000020001,0.016041601777505635,0,train
2015-05-25 02:00:00,1.00000003,0.011310046774919688,0,train
2015-05-25 03:00:00,0.90000001,0.007685832372399656,0,train
2015-05-25 04:00:00,0.90000001,0.006746600148345886,0,train
2015-05-25 05:00:00,1.1,0.0064310426183979245,0,train
2015-05-25 06:00:00,0.80000001,0.0062881634012419176,0,train
2015-05-25 07:00:00,1.10000002,0.006228764646901209,0,train
2015-05-25 08:00:00,1.10000002,0.006305625487650446,0,train
2015-05-25 09:00:00,1.0,0.006800483963184194,0,train
2015-05-25 10:00:00,0.800000020001,0.007471365662328981,0,train
2015-05-25 11:00:00,1.10000002,0.008582743986703074,0,train
2015-05-25 12:00:00,0.90000001,0.010192913345084587,0,train
2015-05-25 13:00:00,0.90000001,0.011127746208468871,0,train
2015-05-25 14:00:00,0.90000001,0.011823888863504085,0,train
2015-05-25 15:00:00,1.0,0.012342804248783337,0,train
2015-05-25 16:00:00,1.00000003,0.012844879936259608,0,train
2015-05-25 17:00:00,1.0,0.01344393464564856,0,train
2015-05-25 18:00:00,0.800000020001,0.014252265016782435,0,train
2015-05-25 19:00:00,1.0,0.014960247137435321,0,train
2015-05-25 20:00:00,0.90000001,0.015484037677649021,0,train
2015-05-25 21:00:00,0.800000020001,0.015559857081504827,0,train
2015-05-25 22:00:00,1.1,0.014767048195361345,0,train
2015-05-25 23:00:00,0.700000020001,0.01334494162252455,0,train
2015-05-26 00:00:00,0.80000001,0.013208841357743405,0,train
2015-05-26 01:00:00,1.20000004,0.013140617910669611,0,train
2015-05-26 02:00:00,0.700000020001,0.012773571302838493,0,train
2015-05-26 03:00:00,0.90000001,0.0117867344639251,0,train
2015-05-26 04:00:00,1.0,0.010915117065738427,0,train
2015-05-26 05:00:00,0.800000020001,0.01031049014786771,0,train
2015-05-26 06:00:00,0.90000001,0.010258407626862734,0,train
2015-05-26 07:00:00,1.10000002,0.010404535074827127,0,train
2015-05-26 08:00:00,1.19999999,0.010418164072682621,0,train
2015-05-26 09:00:00,0.800000020001,0.010202243281874664,0,train
2015-05-26 10:00:00,0.90000001,0.010168124648282517,0,train
2015-05-26 11:00:00,1.10000002,0.009506476999017922,0,train
2015-05-26 12:00:00,0.90000001,0.008448318765196906,0,train
2015-05-26 13:00:00,0.800000020001,0.008432094345508925,0,train
2015-05-26 14:00:00,1.0,0.009527402169145386,0,train
2015-05-26 15:00:00,0.90000001,0.009956906630849204,0,train
2015-05-26 16:00:00,0.90000001,0.010561541233903817,0,train
2015-05-26 17:00:00,0.800000020001,0.011115925507751286,0,train
2015-05-26 18:00:00,1.1,0.01154520832201247,0,train
2015-05-26 19:00:00,0.90000001,0.011766343871276827,0,train
2015-05-26 20:00:00,0.90000001,0.011681022701385317,0,train
2015-05-26 21:00:00,1.10000002,0.011218457361005478,0,train
2015-05-26 22:00:00,0.90000001,0.010350009541200666,0,train
2015-05-26 23:00:00,0.90000001,0.00948455175011877,0,train
2015-05-27 00:00:00,0.700000020001,0.009861159241462948,0,train
2015-05-27 01:00:00,1.00000003,0.010232001067161108,0,train
2015-05-27 02:00:00,0.80000001,0.010638275539136391,0,train
2015-05-27 03:00:00,0.800000020001,0.009763522271670133,0,train
2015-05-27 04:00:00,0.800000020001,0.0094625095226025,0,train
2015-05-27 05:00:00,1.10000002,0.009464898811407272,0,train
2015-05-27 06:00:00,0.700000020001,0.009589610537564033,0,train
2015-05-27 07:00:00,1.20000004,0.009772658010059923,0,train
2015-05-27 08:00:00,1.20000004,0.009644721744053121,0,train
2015-05-27 09:00:00,0.800000020001,0.00933460660852637,0,train
2015-05-27 10:00:00,1.1,0.009264411861022141,0,train
2015-05-27 11:00:00,0.90000001,0.009125389193117468,0,train
2015-05-27 12:00:00,0.800000020001,0.00872813412258959,0,train
2015-05-27 13:00:00,1.00000003,0.008787623134245703,0,train
2015-05-27 14:00:00,1.00000003,0.00793924467753806,0,train
2015-05-27 15:00:00,0.90000001,0.008026705595012975,0,train
2015-05-27 16:00:00,0.90000001,0.008255883249837415,0,train
2015-05-27 17:00:00,1.10000002,0.008557111620905732,0,train
2015-05-27 18:00:00,0.90000001,0.008820565424651329,0,train
2015-05-27 19:00:00,1.1,0.008949879581894664,0,train
2015-05-27 20:00:00,0.800000020001,0.008789686100444435,0,train
2015-05-27 21:00:00,0.800000020001,0.008257560603030973,0,train
2015-05-27 22:00:00,0.90000001,0.007433119251118547,0,train
2015-05-27 23:00:00,0.90000001,0.006648205628192319,0,train
2015-05-28 00:00:00,0.800000020001,0.006857217350236024,0,train
2015-05-28 01:00:00,1.10000002,0.006914396259257239,0,train
2015-05-28 02:00:00,0.700000020001,0.007023410885353196,0,train
2015-05-28 03:00:00,0.800000020001,0.007074797899506576,0,train
2015-05-28 04:00:00,1.0,0.007146914386960119,0,train
2015-05-28 05:00:00,0.700000020001,0.007324987734830312,0,train
2015-05-28 06:00:00,0.90000001,0.007448303175577176,0,train
2015-05-28 07:00:00,1.30000001,0.007445590802774009,0,train
2015-05-28 08:00:00,1.0,0.0073800032749281866,0,train
2015-05-28 09:00:00,1.0,0.00726894737237634,0,train
2015-05-28 10:00:00,1.00000003,0.007757277690388479,0,train
2015-05-28 11:00:00,0.90000001,0.007399550526601586,0,train
2015-05-28 12:00:00,1.0,0.007197905627687986,0,train
2015-05-28 13:00:00,1.0,0.00731261772626009,0,train
2015-05-28 14:00:00,0.800000020001,0.007873342078538174,0,train
2015-05-28 15:00:00,0.90000001,0.008202049258244136,0,train
2015-05-28 16:00:00,1.1,0.008776342584133298,0,train
2015-05-28 17:00:00,1.00000003,0.009409914118337118,0,train
2015-05-28 18:00:00,0.90000001,0.009845525989940667,0,train
2015-05-28 19:00:00,1.0,0.009938755477722305,0,train
2015-05-28 20:00:00,0.90000001,0.009634251314523515,0,train
2015-05-28 21:00:00,0.800000020001,0.00901770422980876,0,train
2015-05-28 22:00:00,1.10000002,0.00834233955264919,0,train
2015-05-28 23:00:00,0.800000020001,0.007968164639258705,0,train
2015-05-29 00:00:00,1.0,0.007879678338545857,0,train
2015-05-29 01:00:00,0.800000020001,0.0077102605638365105,0,train
2015-05-29 02:00:00,1.00000003,0.007566509126156862,0,train
2015-05-29 03:00:00,0.90000001,0.007541359465495009,0,train
2015-05-29 04:00:00,0.90000001,0.0077250641538470334,0,train
2015-05-29 05:00:00,0.90000001,0.007980019488172467,0,train
2015-05-29 06:00:00,0.90000001,0.008061254081322362,0,train
2015-05-29 07:00:00,1.0,0.00810297660927243,0,train
2015-05-29 08:00:00,1.10000002,0.008140423239058463,0,train
2015-05-29 09:00:00,0.90000001,0.008186238102393203,0,train
2015-05-29 10:00:00,1.0,0.007896919741401614,0,train
2015-05-29 11:00:00,0.90000001,0.008059878913996055,0,train
2015-05-29 12:00:00,1.0,0.007991417598351768,0,train
2015-05-29 13:00:00,0.800000020001,0.008375580507003072,0,train
2015-05-29 14:00:00,1.0,0.00861959031074627,0,train
2015-05-29 15:00:00,1.0,0.00909808537611553,0,train
2015-05-29 16:00:00,0.800000020001,0.00965147826808571,0,train
2015-05-29 17:00:00,0.90000003,0.010038271096765932,0,train
2015-05-29 18:00:00,1.1,0.010121835835628994,0,train
2015-05-29 19:00:00,0.800000020001,0.009904461528203772,0,train
2015-05-29 20:00:00,1.0,0.00954150607906958,0,train
2015-05-29 21:00:00,0.90000001,0.009263119906651344,0,train
2015-05-29 22:00:00,0.800000020001,0.009065563885993229,0,train
2015-05-29 23:00:00,0.90000001,0.009121337485258993,0,train
2015-05-30 00:00:00,1.00000003,0.010115091952846727,0,train
2015-05-30 01:00:00,0.80000001,0.010054303518026941,0,train
2015-05-30 02:00:00,1.0,0.009721260534058118,0,train
2015-05-30 03:00:00,0.700000020001,0.00944529841367772,0,train
2015-05-30 04:00:00,0.90000001,0.009576403638806727,0,train
2015-05-30 05:00:00,0.90000001,0.009932391151320741,0,train
2015-05-30 06:00:00,0.90000001,0.010346385079734306,0,train
2015-05-30 07:00:00,1.00000003,0.010820867729074628,0,train
2015-05-30 08:00:00,1.19999999,0.011416927250240608,0,train
2015-05-30 09:00:00,0.800000020001,0.011456332987264334,0,train
2015-05-30 10:00:00,1.00000003,0.011044236683403196,0,train
2015-05-30 11:00:00,1.00000003,0.010003821136314884,0,train
2015-05-30 12:00:00,0.700000020001,0.00862352240293931,0,train
2015-05-30 13:00:00,0.90000001,0.008694149414469587,0,train
2015-05-30 14:00:00,1.0,0.0066572245802098765,0,train
2015-05-30 15:00:00,0.80000001,0.006524484899427483,0,train
2015-05-30 16:00:00,0.80000001,0.006888712790796436,0,train
2015-05-30 17:00:00,1.10000002,0.0074973504361757325,0,train
2015-05-30 18:00:00,1.00000003,0.007885264971586184,0,train
2015-05-30 19:00:00,0.80000001,0.007855398467029038,0,train
2015-05-30 20:00:00,0.800000020001,0.007548943642886309,0,train
2015-05-30 21:00:00,1.10000002,0.007199983919027404,0,train
2015-05-30 22:00:00,0.800000020001,0.007134690984182804,0,train
2015-05-30 23:00:00,1.00000003,0.00802916145003841,0,train
2015-05-31 00:00:00,0.80000001,0.008904884293511732,0,train
2015-05-31 01:00:00,0.90000001,0.00908861913888345,0,train
2015-05-31 02:00:00,0.700000020001,0.008596017466246624,0,train
2015-05-31 03:00:00,1.1,0.007940963904992474,0,train
2015-05-31 04:00:00,0.700000020001,0.007409537566508191,0,train
2015-05-31 05:00:00,0.90000001,0.007135481310874894,0,train
2015-05-31 06:00:00,1.10000002,0.007147829437741781,0,train
2015-05-31 07:00:00,0.90000001,0.00746313629222251,0,train
2015-05-31 08:00:00,1.0,0.007662093979044625,0,train
2015-05-31 09:00:00,1.1,0.007208926530202686,0,train
2015-05-31 10:00:00,0.700000020001,0.006434873072671469,0,train
2015-05-31 11:00:00,1.0,0.005812360735967757,0,train
2015-05-31 12:00:00,1.00000003,0.005601434471407476,0,train
2015-05-31 13:00:00,0.700000020001,0.0058573369928352735,0,train
2015-05-31 14:00:00,0.90000001,0.0064972686251944705,0,train
2015-05-31 15:00:00,0.90000001,0.007315850228282471,0,train
2015-05-31 16:00:00,1.0,0.008064066180947195,0,train
2015-05-31 17:00:00,0.90000001,0.008506950289352373,0,train
2015-05-31 18:00:00,1.00000003,0.008625806198171349,0,train
2015-05-31 19:00:00,1.0,0.008469529196692128,0,train
2015-05-31 20:00:00,0.700000020001,0.00803800553915146,0,train
2015-05-31 21:00:00,0.90000001,0.0076208396864848975,0,train
2015-05-31 22:00:00,0.90000001,0.007650500928088133,0,train
2015-05-31 23:00:00,0.90000001,0.008156120423446697,0,train
2015-06-01 00:00:00,0.90000001,0.013123613250337675,0,train
2015-06-01 01:00:00,0.90000001,0.015712573184919004,0,train
2015-06-01 02:00:00,0.800000020001,0.011890802073950013,0,train
2015-06-01 03:00:00,1.0,0.009405542872286734,0,train
2015-06-01 04:00:00,0.800000020001,0.008128215174611231,0,train
2015-06-01 05:00:00,0.90000001,0.007213141042266792,0,train
2015-06-01 06:00:00,0.90000003,0.006797515305537993,0,train
2015-06-01 07:00:00,1.10000002,0.006815407404329335,0,train
2015-06-01 08:00:00,1.30000001,0.007144833687549331,0,train
2015-06-01 09:00:00,2.4,0.007742230932893266,0,train
2015-06-01 10:00:00,1.79999996,0.008510892210287531,0,train
2015-06-01 11:00:00,2.3,0.009298139938292845,0,train
2015-06-01 12:00:00,3.4,0.01026248390044623,0,train
2015-06-01 13:00:00,4.2999999,0.011137348693533878,0,train
2015-06-01 14:00:00,3.5,0.011381544068881987,0,train
2015-06-01 15:00:00,1.0,0.010927502887129422,0,train
2015-06-01 16:00:00,1.00000003,0.010426852061941999,0,train
2015-06-01 17:00:00,1.00000003,0.010471648664958628,0,train
2015-06-01 18:00:00,1.0,0.011142984904550415,0,train
2015-06-01 19:00:00,0.800000020001,0.011272805605193894,0,train
2015-06-01 20:00:00,0.700000020001,0.01100928239367525,0,train
2015-06-01 21:00:00,1.10000002,0.010371243632958264,0,train
2015-06-01 22:00:00,0.80000001,0.009353930079266897,0,train
2015-06-01 23:00:00,0.800000020001,0.008006506605903413,0,train
2015-06-02 00:00:00,1.10000002,0.007994887252126654,0,train
2015-06-02 01:00:00,0.800000020001,0.00807386740683719,0,train
2015-06-02 02:00:00,0.700000020001,0.008291754232100117,0,train
2015-06-02 03:00:00,1.0,0.008475031872136897,0,train
2015-06-02 04:00:00,0.800000020001,0.008660808419379723,0,train
2015-06-02 05:00:00,0.800000020001,0.008770085499894822,0,train
2015-06-02 06:00:00,0.90000001,0.008638350760095514,0,train
2015-06-02 07:00:00,1.40000003,0.00827929907031165,0,train
2015-06-02 08:00:00,2.7,0.008141124437276336,0,train
2015-06-02 09:00:00,8.1000002,0.009272356441855506,0,train
2015-06-02 10:00:00,6.5,0.010765181365361039,0,train
2015-06-02 11:00:00,10.4000001,0.013179526973031373,0,train
2015-06-02 12:00:00,11.4000001,0.017350474732666,0,train
2015-06-02 13:00:00,4.5525,0.021188794639152173,0,train
2015-06-02 14:00:00,11.2000003,0.025220273884862674,1,train
2015-06-02 15:00:00,2.9,0.028696849674367624,1,train
2015-06-02 16:00:00,1.30000001,0.029894390032717034,1,train
2015-06-02 17:00:00,1.19999999,0.03075946477488968,1,train
2015-06-02 18:00:00,1.39999998,0.03106699559030601,1,train
2015-06-02 19:00:00,1.0,0.030478973827167254,1,train
2015-06-02 20:00:00,1.10000002,0.02923367457477021,1,train
2015-06-02 21:00:00,1.10000002,0.027934639111324735,1,train
2015-06-02 22:00:00,1.10000002,0.026717126945711333,1,train
2015-06-02 23:00:00,1.10000002,0.025562491955932142,1,train
2015-06-03 00:00:00,1.10000002,0.02522860791217488,1,train
2015-06-03 01:00:00,1.10000002,0.02494081202824878,1,train
2015-06-03 02:00:00,1.20000004,0.024198424120147645,1,train
2015-06-03 03:00:00,1.10000002,0.022852349461834183,1,train
2015-06-03 04:00:00,1.00000003,0.02237316128952597,1,train
2015-06-03 05:00:00,1.10000002,0.0219469467446549,1,train
2015-06-03 06:00:00,1.30000001,0.021740706234930122,1,train
2015-06-03 07:00:00,2.20000001,0.021719183686041955,1,train
2015-06-03 08:00:00,4.0,0.02175901783845089,1,train
2015-06-03 09:00:00,8.5,0.022123803879970434,1,train
2015-06-03 10:00:00,8.1000002,0.02255545284222965,1,train
2015-06-03 11:00:00,9.5,0.022846101597794734,1,train
2015-06-03 12:00:00,11.6000004,0.022789192133569555,1,train
2015-06-03 13:00:00,4.97,0.022993264077692543,1,train
2015-06-03 14:00:00,10.9000001,0.023363837520226367,1,train
2015-06-03 15:00:00,3.8,0.02274110866705129,1,train
2015-06-03 16:00:00,1.30000001,0.02302571100900863,1,train
2015-06-03 17:00:00,1.30000001,0.023485409356990287,1,train
2015-06-03 18:00:00,1.10000002,0.023826563301464578,1,train
2015-06-03 19:00:00,1.39999998,0.023909963062220853,1,train
2015-06-03 20:00:00,1.10000002,0.0239730277305323,1,train
2015-06-03 21:00:00,1.0,0.02397356635466471,1,train
2015-06-03 22:00:00,1.0,0.023468664019466606,1,train
2015-06-03 23:00:00,1.19999999,0.0225528485973297,1,train
2015-06-04 00:00:00,1.19999999,0.021798404632606603,1,train
2015-06-04 01:00:00,1.0,0.021071601899336795,0,train
2015-06-04 02:00:00,1.10000002,0.020436815879470563,0,train
2015-06-04 03:00:00,1.10000002,0.020109714674192907,0,train
2015-06-04 04:00:00,1.0,0.020156622537843682,0,train
2015-06-04 05:00:00,1.19999999,0.019949642438885532,0,train
2015-06-04 06:00:00,1.0,0.019693540197443134,0,train
2015-06-04 07:00:00,2.19999998,0.019420822935737454,0,train
2015-06-04 08:00:00,2.4,0.01933595805746647,0,train
2015-06-04 09:00:00,4.8,0.019040765012500183,0,train
2015-06-04 10:00:00,3.5,0.019441445740411574,0,train
2015-06-04 11:00:00,8.8000002,0.01931668252115172,0,train
2015-06-04 12:00:00,12.0,0.01826559043032532,0,train
2015-06-04 13:00:00,4.1725,0.01865168323718046,0,train
2015-06-04 14:00:00,11.8000002,0.01828278364625204,0,train
2015-06-04 15:00:00,2.70000001,0.017957915771150815,0,train
2015-06-04 16:00:00,1.0,0.01801166832935451,0,train
2015-06-04 17:00:00,1.39999998,0.018371174141182767,0,train
2015-06-04 18:00:00,1.20000004,0.01896836822664771,0,train
2015-06-04 19:00:00,1.10000002,0.019703380386924155,0,train
2015-06-04 20:00:00,1.0,0.02021128571616642,0,train
2015-06-04 21:00:00,1.30000001,0.020252389081543757,0,train
2015-06-04 22:00:00,1.10000002,0.019853818943346604,0,train
2015-06-04 23:00:00,1.0,0.019272206797029023,0,train
2015-06-05 00:00:00,1.20000004,0.01902884003068333,0,train
2015-06-05 01:00:00,1.0,0.018437682715295483,0,train
2015-06-05 02:00:00,1.10000002,0.017880839289832556,0,train
2015-06-05 03:00:00,1.19999999,0.01775462099803344,0,train
2015-06-05 04:00:00,0.90000001,0.018004710943000282,0,train
2015-06-05 05:00:00,1.0,0.017985744959964647,0,train
2015-06-05 06:00:00,1.19999999,0.017532006638267972,0,train
2015-06-05 07:00:00,2.4,0.016744506874708007,0,train
2015-06-05 08:00:00,4.0999999,0.016404249191047483,0,train
2015-06-05 09:00:00,6.3000002,0.016459226728703195,0,train
2015-06-05 10:00:00,6.3999998,0.017223089448337968,0,train
2015-06-05 11:00:00,10.0,0.01737721605466742,0,train
2015-06-05 12:00:00,11.0999999,0.016463987595111383,0,train
2015-06-05 13:00:00,4.2625,0.016340563791487905,0,train
2015-06-05 14:00:00,11.1999998,0.015406684102873653,0,train
2015-06-05 15:00:00,2.8,0.014260003243224165,0,train
2015-06-05 16:00:00,1.80000001,0.014401087409458472,0,train
2015-06-05 17:00:00,1.20000004,0.014874452348992626,0,train
2015-06-05 18:00:00,1.5,0.015544158190017341,0,train
2015-06-05 19:00:00,1.30000001,0.01610143393779403,0,train
2015-06-05 20:00:00,1.5,0.016375283956046368,0,train
2015-06-05 21:00:00,1.10000002,0.016427619105761397,0,train
2015-06-05 22:00:00,1.40000003,0.016396223871382138,0,train
2015-06-05 23:00:00,1.0,0.0164394048361479,0,train
2015-06-06 00:00:00,1.20000004,0.017736201796415763,0,train
2015-06-06 01:00:00,1.20000004,0.017998266319362997,0,train
2015-06-06 02:00:00,1.20000004,0.017848208656594408,0,train
2015-06-06 03:00:00,1.10000002,0.017744919071387522,0,train
2015-06-06 04:00:00,1.30000001,0.0178641584848304,0,train
2015-06-06 05:00:00,0.90000001,0.01759310730275284,0,train
2015-06-06 06:00:00,1.30000001,0.017151220876743326,0,train
2015-06-06 07:00:00,1.30000001,0.016491721207418843,0,train
2015-06-06 08:00:00,1.40000003,0.01573786035823197,0,train
2015-06-06 09:00:00,1.0,0.015719621001197052,0,train
2015-06-06 10:00:00,1.30000001,0.015801437916171616,0,train
2015-06-06 11:00:00,1.00000003,0.014570311849264434,0,train
2015-06-06 12:00:00,1.19999999,0.012102457124008873,0,train
2015-06-06 13:00:00,1.39999998,0.011441921852207227,0,train
2015-06-06 14:00:00,1.10000002,0.00956298223787478,0,train
2015-06-06 15:00:00,1.10000002,0.008006085170367048,0,train
2015-06-06 16:00:00,1.30000001,0.007925066389516164,0,train
2015-06-06 17:00:00,1.10000002,0.008072385597328657,0,train
2015-06-06 18:00:00,1.39999998,0.008401266342955111,0,train
2015-06-06 19:00:00,1.30000001,0.008769755886476776,0,train
2015-06-06 20:00:00,1.20000004,0.009062749231573576,0,train
2015-06-06 21:00:00,1.19999999,0.00923877366217008,0,train
2015-06-06 22:00:00,1.19999999,0.009276019302352268,0,train
2015-06-06 23:00:00,1.10000002,0.009342699813422981,0,train
2015-06-07 00:00:00,0.5,0.009788293484403954,0,train
2015-06-07 01:00:00,1.0,0.009882395404383884,0,train
2015-06-07 02:00:00,1.0225,0.009730231772459793,0,train
2015-06-07 03:00:00,1.095,0.009552658824415245,0,train
2015-06-07 04:00:00,1.0825,0.00937479304886658,0,train
2015-06-07 05:00:00,1.085,0.009236755177654682,0,train
2015-06-07 06:00:00,1.135,0.008913773454356129,0,train
2015-06-07 07:00:00,1.195,0.008640075200104094,0,train
2015-06-07 08:00:00,1.18,0.008556596231288708,0,train
2015-06-07 09:00:00,1.125,0.008447491647808386,0,train
2015-06-07 10:00:00,1.0125,0.008384133304940639,0,train
2015-06-07 11:00:00,1.0175,0.007723328200184043,0,train
2015-06-07 12:00:00,1.015,0.006743269933904163,0,train
2015-06-07 13:00:00,0.9875,0.006988604781308264,0,train
2015-06-07 14:00:00,1.0325,0.005558485469137181,0,train
2015-06-07 15:00:00,1.005,0.005738924086901382,0,train
2015-06-07 16:00:00,1.0425,0.006093298949169681,0,train
2015-06-07 17:00:00,1.0975,0.006340192529676665,0,train
2015-06-07 18:00:00,1.17,0.0064131697936594045,0,train
2015-06-07 19:00:00,1.1375,0.006584266663085523,0,train
2015-06-07 20:00:00,1.06,0.0062956886497746055,0,train
2015-06-07 21:00:00,1.04,0.0058439068057937315,0,train
2015-06-07 22:00:00,1.01,0.005671646739773618,0,train
2015-06-07 23:00:00,1.0225,0.005958337731460726,0,train
2015-06-08 00:00:00,1.015,0.012200701817109442,0,train
2015-06-08 01:00:00,1.01,0.01634829713462857,0,train
2015-06-08 02:00:00,1.0475,0.011997495023532301,0,train
2015-06-08 03:00:00,1.0675,0.007588689024593612,0,train
2015-06-08 04:00:00,1.0925,0.006642010241660445,0,train
2015-06-08 05:00:00,1.085,0.006670959347315468,0,train
2015-06-08 06:00:00,1.0875,0.0069291378545155505,0,train
2015-06-08 07:00:00,1.5325,0.007121157562320085,0,train
2015-06-08 08:00:00,1.8375,0.007198707456517426,0,train
2015-06-08 09:00:00,3.57,0.007214964591839794,0,train
2015-06-08 10:00:00,4.4075,0.007317601175270806,0,train
2015-06-08 11:00:00,5.715,0.007476414811957728,0,train
2015-06-08 12:00:00,6.4275,0.007523243254847511,0,train
2015-06-08 13:00:00,3.995,0.007442656735440891,0,train
2015-06-08 14:00:00,5.25,0.007295959046655386,0,train
2015-06-08 15:00:00,3.2125,0.0071881097369306465,0,train
2015-06-08 16:00:00,1.73,0.0070373679050256795,0,train
2015-06-08 17:00:00,1.345,0.007543244877240728,0,train
2015-06-08 18:00:00,1.28,0.008145587682074665,0,train
2015-06-08 19:00:00,1.2125,0.007961999674002657,0,train
2015-06-08 20:00:00,1.1375,0.008003625297584124,0,train
2015-06-08 21:00:00,1.135,0.00828156519388189,0,train
2015-06-08 22:00:00,1.1175,0.007872119248330327,0,train
2015-06-08 23:00:00,1.14,0.006581110498866263,0,train
2015-06-09 00:00:00,1.105,0.0065779048117026,0,train
2015-06-09 01:00:00,1.1125,0.006384301463208381,0,train
2015-06-09 02:00:00,1.135,0.006320876357771474,0,train
2015-06-09 03:00:00,1.185,0.006046789494284652,0,train
2015-06-09 04:00:00,1.2,0.005786620168821044,0,train
2015-06-09 05:00:00,1.2,0.005568616164061627,0,train
2015-06-09 06:00:00,1.2525,0.005410720879463244,0,train
2015-06-09 07:00:00,1.675,0.0056648620285901135,0,train
2015-06-09 08:00:00,2.6425,0.006026526982452436,0,train
2015-06-09 09:00:00,4.6375,0.006621936381027632,0,train
2015-06-09 10:00:00,5.3375,0.006818825415836602,0,train
2015-06-09 11:00:00,6.6175,0.007217052846579245,0,train
2015-06-09 12:00:00,7.975,0.007256171085619034,0,train
2015-06-09 13:00:00,4.2625,0.006686565736484095,0,train
2015-06-09 14:00:00,6.5425,0.007287956045605641,0,train
2015-06-09 15:00:00,4.0075,0.007120858467834599,0,train
2015-06-09 16:00:00,1.8075,0.007024748133945146,0,train
2015-06-09 17:00:00,1.37,0.007057897523704764,0,train
2015-06-09 18:00:00,1.3825,0.007337239374132091,0,train
2015-06-09 19:00:00,1.265,0.007714812945897483,0,train
2015-06-09 20:00:00,1.2125,0.007904307481624784,0,train
2015-06-09 21:00:00,1.195,0.00781449714925507,0,train
2015-06-09 22:00:00,1.1675,0.007362387408899085,0,train
2015-06-09 23:00:00,1.175,0.006607965246231628,0,train
2015-06-10 00:00:00,1.21,0.006646268943994616,0,train
2015-06-10 01:00:00,1.175,0.006472575627948473,0,train
2015-06-10 02:00:00,1.2125,0.006684102016604643,0,train
2015-06-10 03:00:00,1.1775,0.006363883240742501,0,train
2015-06-10 04:00:00,1.2125,0.0064359580259143725,0,train
2015-06-10 05:00:00,1.2225,0.006563637662743579,0,train
2015-06-10 06:00:00,1.265,0.006625286112041867,0,train
2015-06-10 07:00:00,1.7525,0.006740354328095092,0,train
2015-06-10 08:00:00,3.08,0.006984554105172659,0,train
2015-06-10 09:00:00,5.255,0.007207144938981578,0,train
2015-06-10 10:00:00,5.5125,0.007535848316537982,0,train
2015-06-10 11:00:00,6.6225,0.007210823838053494,0,train
2015-06-10 12:00:00,7.735,0.006495188043884978,0,train
2015-06-10 13:00:00,4.625,0.006783097119996671,0,train
2015-06-10 14:00:00,6.5775,0.006406393437453977,0,train
2015-06-10 15:00:00,4.03,0.006344486084066287,0,train
2015-06-10 16:00:00,1.9925,0.0064910757556700385,0,train
2015-06-10 17:00:00,1.515,0.006804512389460971,0,train
2015-06-10 18:00:00,1.4275,0.007176889764333493,0,train
2015-06-10 19:00:00,1.3675,0.007451764536780856,0,train
2015-06-10 20:00:00,1.275,0.007548088582848572,0,train
2015-06-10 21:00:00,1.235,0.007393546045560054,0,train
2015-06-10 22:00:00,1.215,0.006890787023845217,0,train
2015-06-10 23:00:00,1.21,0.006161668488789958,0,train
2015-06-11 00:00:00,1.2025,0.006257262682598286,0,train
2015-06-11 01:00:00,1.215,0.005959381401573746,0,train
2015-06-11 02:00:00,1.22,0.005565396646098081,0,train
2015-06-11 03:00:00,1.205,0.005543683934513636,0,train
2015-06-11 04:00:00,1.1925,0.0059129256619979455,0,train
2015-06-11 05:00:00,1.2125,0.0059589395129727,0,train
2015-06-11 06:00:00,1.265,0.006006544465364949,0,train
2015-06-11 07:00:00,1.775,0.00609201964206173,0,train
2015-06-11 08:00:00,2.6225,0.006404829717159557,0,train
2015-06-11 09:00:00,4.5,0.0065268051044827914,0,train
2015-06-11 10:00:00,5.4775,0.00683601592116462,0,train
2015-06-11 11:00:00,6.355,0.006508458828531234,0,train
2015-06-11 12:00:00,7.605,0.0055884634171973575,0,train
2015-06-11 13:00:00,4.625,0.006092850524636765,0,train
2015-06-11 14:00:00,7.345,0.005746893473078013,0,train
2015-06-11 15:00:00,5.0125,0.005641911589787508,0,train
2015-06-11 16:00:00,2.5425,0.005965026887549681,0,train
2015-06-11 17:00:00,2.0075,0.0065862139951287915,0,train
2015-06-11 18:00:00,2.015,0.007533197019409287,0,train
2015-06-11 19:00:00,1.82,0.008485524244013663,0,train
2015-06-11 20:00:00,1.6825,0.008975627534169464,0,train
2015-06-11 21:00:00,1.6075,0.00880625122322085,0,train
2015-06-11 22:00:00,1.485,0.008150623439523852,0,train
2015-06-11 23:00:00,1.375,0.0073929263986721614,0,train
2015-06-12 00:00:00,1.2975,0.0075772692556861625,0,train
2015-06-12 01:00:00,1.3025,0.007383509962372085,0,train
2015-06-12 02:00:00,1.2575,0.006994230162478717,0,train
2015-06-12 03:00:00,1.3075,0.006975867926091519,0,train
2015-06-12 04:00:00,1.2475,0.007695638587942722,0,train
2015-06-12 05:00:00,1.2425,0.008227920584884732,0,train
2015-06-12 06:00:00,1.28,0.008203081107438509,0,train
2015-06-12 07:00:00,1.785,0.007667598988700319,0,train
2015-06-12 08:00:00,2.1675,0.007382434985575396,0,train
2015-06-12 09:00:00,4.0475,0.007689838806783257,0,train
2015-06-12 10:00:00,5.0925,0.00816148238026216,0,train
2015-06-12 11:00:00,6.5675,0.00807901075676182,0,train
2015-06-12 12:00:00,7.7525,0.006988347173920336,0,train
2015-06-12 13:00:00,4.0625,0.007477956900155931,0,train
2015-06-12 14:00:00,6.08,0.0066195165855031214,0,train
2015-06-12 15:00:00,3.47,0.006352257477337308,0,train
2015-06-12 16:00:00,1.66,0.006706767074102505,0,train
2015-06-12 17:00:00,1.3425,0.007571621439288637,0,train
2015-06-12 18:00:00,1.315,0.00842402219584692,0,train
2015-06-12 19:00:00,1.185,0.008911980214005903,0,train
2015-06-12 20:00:00,1.1175,0.008969644838392198,0,train
2015-06-12 21:00:00,1.0875,0.008726279002115707,0,train
2015-06-12 22:00:00,1.05,0.008418091074839127,0,train
2015-06-12 23:00:00,1.0325,0.008260032032563201,0,train
2015-06-13 00:00:00,1.045,0.00980021580358061,0,train
2015-06-13 01:00:00,1.02,0.01027178168958002,0,train
2015-06-13 02:00:00,1.0475,0.010905783759358285,0,train
2015-06-13 03:00:00,1.015,0.011838170994941019,0,train
2015-06-13 04:00:00,1.03,0.013218319872088977,0,train
2015-06-13 05:00:00,0.995,0.014245539357269533,0,train
2015-06-13 06:00:00,1.0925,0.015201628294876542,0,train
2015-06-13 07:00:00,1.1675,0.015772834068033325,0,train
2015-06-13 08:00:00,1.2175,0.015166669952223318,0,train
2015-06-13 09:00:00,1.095,0.013758305742574124,0,train
2015-06-13 10:00:00,1.0275,0.013206023408152325,0,train
2015-06-13 11:00:00,0.9975,0.011462030698777364,0,train
2015-06-13 12:00:00,0.9525,0.008836327816432397,0,train
2015-06-13 13:00:00,1.0,0.00784781119432465,0,train
2015-06-13 14:00:00,0.9975,0.005979092017558398,0,train
2015-06-13 15:00:00,0.9525,0.005714310659258533,0,train
2015-06-13 16:00:00,0.9625,0.00594047951012765,0,train
2015-06-13 17:00:00,1.0375,0.0064775106511156776,0,train
2015-06-13 18:00:00,1.1275,0.007290121810538132,0,train
2015-06-13 19:00:00,1.06,0.008187925031438231,0,train
2015-06-13 20:00:00,1.03,0.009053820535076177,0,train
2015-06-13 21:00:00,1.0525,0.009828836129301854,0,train
2015-06-13 22:00:00,1.03,0.009775488914856039,0,train
2015-06-13 23:00:00,1.035,0.010078940508825903,0,train
2015-06-14 00:00:00,1.0025,0.010687819851545549,0,train
2015-06-14 01:00:00,1.005,0.010794237087948605,0,train
2015-06-14 02:00:00,1.0025,0.010783708380169208,0,train
2015-06-14 03:00:00,1.06,0.010747628805171543,0,train
2015-06-14 04:00:00,1.035,0.010581453406018964,0,train
2015-06-14 05:00:00,1.0425,0.010334441791438978,0,train
2015-06-14 06:00:00,1.095,0.009968227554930618,0,train
2015-06-14 07:00:00,1.17,0.009951839671415962,0,train
2015-06-14 08:00:00,1.2125,0.00996524564069043,0,train
2015-06-14 09:00:00,1.1675,0.009701762643056002,0,train
2015-06-14 10:00:00,1.045,0.00887913524873119,0,train
2015-06-14 11:00:00,1.0475,0.007797709171030535,0,train
2015-06-14 12:00:00,1.0525,0.006828091511702039,0,train
2015-06-14 13:00:00,1.05,0.0066772130071683965,0,train
2015-06-14 14:00:00,1.0575,0.006359204156569968,0,train
2015-06-14 15:00:00,1.0225,0.006603074271449169,0,train
2015-06-14 16:00:00,1.0475,0.006991001613256828,0,train
2015-06-14 17:00:00,1.0825,0.007242290275917776,0,train
2015-06-14 18:00:00,1.1425,0.007244099322067235,0,train
2015-06-14 19:00:00,1.115,0.007224028749334229,0,train
2015-06-14 20:00:00,1.025,0.006808040410819183,0,train
2015-06-14 21:00:00,1.015,0.006144357044321644,0,train
2015-06-14 22:00:00,1.0275,0.005695055857220247,0,train
2015-06-14 23:00:00,1.045,0.005767345339408975,0,train
2015-06-15 00:00:00,0.69999999,0.012039635150473078,0,train
2015-06-15 01:00:00,1.005,0.015464927480254298,0,train
2015-06-15 02:00:00,1.19999999,0.010926881669747925,0,train
2015-06-15 03:00:00,1.10000002,0.007306445209881429,0,train
2015-06-15 04:00:00,1.20000004,0.006652641530933669,0,train
2015-06-15 05:00:00,1.10000002,0.006950694234081558,0,train
2015-06-15 06:00:00,1.20000004,0.007421763002783227,0,train
2015-06-15 07:00:00,1.69999999,0.007682529424521837,0,train
2015-06-15 08:00:00,3.7,0.007780816359873538,0,train
2015-06-15 09:00:00,6.1999998,0.00801332450778544,0,train
2015-06-15 10:00:00,5.1,0.008180084180534446,0,train
2015-06-15 11:00:00,10.0999999,0.008937115761610515,0,train
2015-06-15 12:00:00,10.7000003,0.009940452084484854,0,train
2015-06-15 13:00:00,3.88,0.010539910514665931,0,train
2015-06-15 14:00:00,11.0999999,0.011451922599107099,0,train
2015-06-15 15:00:00,2.4,0.012220270954598956,0,train
2015-06-15 16:00:00,1.60000002,0.012284749403429468,0,train
2015-06-15 17:00:00,1.60000002,0.01326440021855536,0,train
2015-06-15 18:00:00,1.69999999,0.012418807176863349,0,train
2015-06-15 19:00:00,1.5,0.011820228865344925,0,train
2015-06-15 20:00:00,1.30000001,0.011978429255622742,0,train
2015-06-15 21:00:00,1.5,0.01206692754867612,0,train
2015-06-15 22:00:00,1.40000003,0.011258216012706958,0,train
2015-06-15 23:00:00,1.40000003,0.009392214511757075,0,train
2015-06-16 00:00:00,1.5,0.009023809695758883,0,train
2015-06-16 01:00:00,1.20000004,0.008566962934102418,0,train
2015-06-16 02:00:00,1.19999999,0.008528098563354219,0,train
2015-06-16 03:00:00,1.59999997,0.0085137891047741,0,train
2015-06-16 04:00:00,1.39999998,0.00855215553611596,0,train
2015-06-16 05:00:00,1.39999998,0.008650257664473995,0,train
2015-06-16 06:00:00,1.20000004,0.008425708017851294,0,train
2015-06-16 07:00:00,2.20000001,0.008068174479875467,0,train
2015-06-16 08:00:00,3.6999999,0.008000997359273296,0,train
2015-06-16 09:00:00,6.1000001,0.008311536072546878,0,train
2015-06-16 10:00:00,6.0,0.008767631707543928,0,train
2015-06-16 11:00:00,9.9000001,0.00888059605130118,0,train
2015-06-16 12:00:00,11.4000001,0.00832236870863119,0,train
2015-06-16 13:00:00,4.0425,0.008670483971239656,0,train
2015-06-16 14:00:00,11.5,0.009308999851211816,0,train
2015-06-16 15:00:00,4.4,0.008730043141539554,0,train
2015-06-16 16:00:00,1.69999999,0.008616174387766613,0,train
2015-06-16 17:00:00,1.59999997,0.008656801397204192,0,train
2015-06-16 18:00:00,1.80000001,0.00891142264051038,0,train
2015-06-16 19:00:00,1.40000003,0.009209640039872926,0,train
2015-06-16 20:00:00,1.5,0.009445941852483633,0,train
2015-06-16 21:00:00,1.5,0.009628522306630556,0,train
2015-06-16 22:00:00,1.5,0.009543480753362027,0,train
2015-06-16 23:00:00,1.60000002,0.009213358904132671,0,train
2015-06-17 00:00:00,1.20000004,0.008848837980098185,0,train
2015-06-17 01:00:00,1.10000002,0.008586550450528236,0,train
2015-06-17 02:00:00,1.60000002,0.008466420708146979,0,train
2015-06-17 03:00:00,1.30000001,0.008326493274190726,0,train
2015-06-17 04:00:00,1.39999998,0.008322489224248782,0,train
2015-06-17 05:00:00,1.5,0.00849566995427427,0,train
2015-06-17 06:00:00,1.30000001,0.008530371203140886,0,train
2015-06-17 07:00:00,1.79999996,0.008365112186827468,0,train
2015-06-17 08:00:00,4.3,0.008322986402607039,0,train
2015-06-17 09:00:00,6.5999999,0.008447032753981483,0,train
2015-06-17 10:00:00,4.8000002,0.00909247203327068,0,train
2015-06-17 11:00:00,9.8000002,0.009001222429062138,0,train
2015-06-17 12:00:00,7.545,0.0077700379002186345,0,train
2015-06-17 13:00:00,4.2325,0.007846214017924173,0,train
2015-06-17 14:00:00,11.5999999,0.007539491130074356,0,train
2015-06-17 15:00:00,4.1,0.007182200037639893,0,train
2015-06-17 16:00:00,3.4,0.0070693080385604064,0,train
2015-06-17 17:00:00,2.00000001,0.007155060754534058,0,train
2015-06-17 18:00:00,1.5,0.007409299714932667,0,train
2015-06-17 19:00:00,1.39999998,0.007633125045266229,0,train
2015-06-17 20:00:00,1.5,0.007770551656061475,0,train
2015-06-17 21:00:00,1.30000001,0.007864563574001003,0,train
2015-06-17 22:00:00,1.59999997,0.00772786284061289,0,train
2015-06-17 23:00:00,1.5,0.007312435771501505,0,train
2015-06-18 00:00:00,1.39999998,0.007267294658950942,0,train
2015-06-18 01:00:00,1.30000001,0.0071262794019586575,0,train
2015-06-18 02:00:00,1.40000003,0.006903976628046926,0,train
2015-06-18 03:00:00,1.30000001,0.006858321847414612,0,train
2015-06-18 04:00:00,1.40000003,0.006950899347808293,0,train
2015-06-18 05:00:00,1.30000001,0.006782364104322501,0,train
2015-06-18 06:00:00,1.5,0.006555866770699384,0,train
2015-06-18 07:00:00,2.0,0.006398633251418637,0,train
2015-06-18 08:00:00,4.1,0.006451158368552298,0,train
2015-06-18 09:00:00,5.9000001,0.006713042429512708,0,train
2015-06-18 10:00:00,10.2000003,0.007637497922441963,0,train
2015-06-18 11:00:00,8.5,0.007312012183924311,0,train
2015-06-18 12:00:00,11.1999998,0.006406554454457634,0,train
2015-06-18 13:00:00,4.705,0.008025384000589249,0,train
2015-06-18 14:00:00,11.6000004,0.007562194258611517,0,train
2015-06-18 15:00:00,3.5,0.007143910086746164,0,train
2015-06-18 16:00:00,1.69999999,0.00722226469107152,0,train
2015-06-18 17:00:00,1.60000002,0.007425053047741798,0,train
2015-06-18 18:00:00,1.89999998,0.007804509952006566,0,train
2015-06-18 19:00:00,1.60000002,0.008164693811492329,0,train
2015-06-18 20:00:00,1.30000001,0.008303610552941697,0,train
2015-06-18 21:00:00,1.39999998,0.008162289702974498,0,train
2015-06-18 22:00:00,1.5,0.00792187474685195,0,train
2015-06-18 23:00:00,1.5,0.007827640931731073,0,train
2015-06-19 00:00:00,1.30000001,0.008055449412929344,0,train
2015-06-19 01:00:00,1.30000001,0.008037374983073858,0,train
2015-06-19 02:00:00,1.30000001,0.008002419291382937,0,train
2015-06-19 03:00:00,1.39999998,0.00816618347225854,0,train
2015-06-19 04:00:00,1.39999998,0.008213610606898,0,train
2015-06-19 05:00:00,1.30000001,0.008043745781869054,0,train
2015-06-19 06:00:00,1.5,0.007746515181397651,0,train
2015-06-19 07:00:00,2.30000001,0.00756078756733995,0,train
2015-06-19 08:00:00,2.5,0.007777444387748098,0,train
2015-06-19 09:00:00,4.6999998,0.008371401382295498,0,train
2015-06-19 10:00:00,10.3,0.00911940114146002,0,train
2015-06-19 11:00:00,8.9000001,0.009109021256564254,0,train
2015-06-19 12:00:00,11.8000002,0.009390301768667352,0,train
2015-06-19 13:00:00,3.77,0.010722627831404883,0,train
2015-06-19 14:00:00,9.7999997,0.00992720506091345,0,train
2015-06-19 15:00:00,2.7,0.008910673444337396,0,train
2015-06-19 16:00:00,1.59999997,0.008971610111326965,0,train
2015-06-19 17:00:00,1.40000003,0.009091060539859993,0,train
2015-06-19 18:00:00,1.5,0.0092774284938643,0,train
2015-06-19 19:00:00,1.30000001,0.009433077643051893,0,train
2015-06-19 20:00:00,1.20000004,0.009514139716488932,0,train
2015-06-19 21:00:00,1.1,0.009589191727000252,0,train
2015-06-19 22:00:00,1.20000004,0.009808642368184907,0,train
2015-06-19 23:00:00,1.39999998,0.010267710323279498,0,train
2015-06-20 00:00:00,1.20000004,0.011673573249513,0,train
2015-06-20 01:00:00,1.0,0.01184178141177354,0,train
2015-06-20 02:00:00,1.30000001,0.011532826631043883,0,train
2015-06-20 03:00:00,0.90000003,0.0112677597447775,0,train
2015-06-20 04:00:00,1.19999999,0.01142953331045758,0,train
2015-06-20 05:00:00,1.30000001,0.012062698346375668,0,train
2015-06-20 06:00:00,1.20000004,0.0118200668461755,0,train
2015-06-20 07:00:00,1.40000003,0.011237332630047295,0,train
2015-06-20 08:00:00,1.20000004,0.011007657522762924,0,train
2015-06-20 09:00:00,1.30000001,0.011687670593417411,0,train
2015-06-20 10:00:00,1.10000002,0.011671208330628801,0,train
2015-06-20 11:00:00,1.10000002,0.011236778358739324,0,train
2015-06-20 12:00:00,1.10000002,0.009418527735131767,0,train
2015-06-20 13:00:00,1.30000001,0.009005715422954495,0,train
2015-06-20 14:00:00,1.30000001,0.007569007026226808,0,train
2015-06-20 15:00:00,1.00000003,0.00667167116069435,0,train
2015-06-20 16:00:00,1.30000001,0.006676233397267853,0,train
2015-06-20 17:00:00,1.20000004,0.006809301415767732,0,train
2015-06-20 18:00:00,1.5,0.00712160599196304,0,train
2015-06-20 19:00:00,1.0,0.007414853966125726,0,train
2015-06-20 20:00:00,1.20000004,0.007511777580204199,0,train
2015-06-20 21:00:00,1.10000002,0.007371435482806594,0,train
2015-06-20 22:00:00,1.1,0.007169708001389893,0,train
2015-06-20 23:00:00,1.19999999,0.007358251502553988,0,train
2015-06-21 00:00:00,1.20000004,0.007647811560157855,0,train
2015-06-21 01:00:00,1.0,0.007515533696561571,0,train
2015-06-21 02:00:00,1.10000002,0.007268533188028815,0,train
2015-06-21 03:00:00,1.1,0.007034076808591776,0,train
2015-06-21 04:00:00,1.20000004,0.00681262563571733,0,train
2015-06-21 05:00:00,1.20000004,0.006575508480912824,0,train
2015-06-21 06:00:00,1.19999999,0.0063780684815421505,0,train
2015-06-21 07:00:00,1.20000004,0.006406670180895989,0,train
2015-06-21 08:00:00,1.30000001,0.006686835705538095,0,train
2015-06-21 09:00:00,1.19999999,0.006896362735658629,0,train
2015-06-21 10:00:00,1.1,0.006200136788313634,0,train
2015-06-21 11:00:00,1.30000001,0.005879887016818537,0,train
2015-06-21 12:00:00,1.0,0.004932197152917465,0,train
2015-06-21 13:00:00,1.10000002,0.005490472821222798,0,train
2015-06-21 14:00:00,1.5,0.004699226514590912,0,train
2015-06-21 15:00:00,1.0,0.004992527330806884,0,train
2015-06-21 16:00:00,1.19999999,0.005474000925564266,0,train
2015-06-21 17:00:00,1.30000001,0.00584476865348898,0,train
2015-06-21 18:00:00,1.30000001,0.00643769645336886,0,train
2015-06-21 19:00:00,1.30000001,0.007026447917737454,0,train
2015-06-21 20:00:00,1.30000001,0.007019426517032742,0,train
2015-06-21 21:00:00,1.0,0.006779974880410826,0,train
2015-06-21 22:00:00,1.10000002,0.006877249842313206,0,train
2015-06-21 23:00:00,1.10000002,0.007357645305669875,0,train
2015-06-22 00:00:00,0.69999999,0.013483569763211994,0,train
2015-06-22 01:00:00,1.0,0.018597402656863948,0,train
2015-06-22 02:00:00,1.0125,0.015148823357414895,0,train
2015-06-22 03:00:00,1.04,0.008696640775840314,0,train
2015-06-22 04:00:00,1.0725,0.0067873388420058986,0,train
2015-06-22 05:00:00,1.05,0.006326154345105743,0,train
2015-06-22 06:00:00,1.07,0.00617691877026295,0,train
2015-06-22 07:00:00,1.575,0.006159566769776701,0,train
2015-06-22 08:00:00,2.0625,0.006187886395132569,0,train
2015-06-22 09:00:00,3.925,0.006327153882229856,0,train
2015-06-22 10:00:00,4.705,0.006490647837401855,0,train
2015-06-22 11:00:00,5.865,0.006809068439284035,0,train
2015-06-22 12:00:00,6.7325,0.006979859618221585,0,train
2015-06-22 13:00:00,3.705,0.0071134351153476424,0,train
2015-06-22 14:00:00,5.25,0.007634711138515419,0,train
2015-06-22 15:00:00,3.33,0.007843156700369584,0,train
2015-06-22 16:00:00,1.77,0.008590663051798413,0,train
2015-06-22 17:00:00,1.3575,0.009844233833934563,0,train
2015-06-22 18:00:00,1.2975,0.010244950772765387,0,train
2015-06-22 19:00:00,1.225,0.00988796714171492,0,train
2015-06-22 20:00:00,1.17,0.010123539305455247,0,train
2015-06-22 21:00:00,1.16,0.01049147532951103,0,train
2015-06-22 22:00:00,1.1525,0.010114539081037082,0,train
2015-06-22 23:00:00,1.21,0.008709299200135351,0,train
2015-06-23 00:00:00,0.69999999,0.008710172637379726,0,train
2015-06-23 01:00:00,1.135,0.008577136713743445,0,train
2015-06-23 02:00:00,1.39999998,0.008663445017637729,0,train
2015-06-23 03:00:00,1.5,0.00859604122076153,0,train
2015-06-23 04:00:00,1.10000002,0.008446287357078171,0,train
2015-06-23 05:00:00,1.40000003,0.008393707674021443,0,train
2015-06-23 06:00:00,1.39999998,0.008486852914357738,0,train
2015-06-23 07:00:00,2.19999998,0.008821478365499819,0,train
2015-06-23 08:00:00,2.4,0.009348824074244816,0,train
2015-06-23 09:00:00,5.5,0.009805462691238663,0,train
2015-06-23 10:00:00,8.5,0.01029361882086174,0,train
2015-06-23 11:00:00,8.0,0.0101382183763566,0,train
2015-06-23 12:00:00,11.5999999,0.009704446975928965,0,train
2015-06-23 13:00:00,3.7925,0.010053268338976096,0,train
2015-06-23 14:00:00,10.9000001,0.01057824128727925,0,train
2015-06-23 15:00:00,2.7,0.011429335656276855,0,train
2015-06-23 16:00:00,1.59999997,0.011151394218870831,0,train
2015-06-23 17:00:00,1.80000001,0.010870623134721645,0,train
2015-06-23 18:00:00,1.79999996,0.010813445913638088,0,train
2015-06-23 19:00:00,1.69999999,0.010891391047587259,0,train
2015-06-23 20:00:00,1.59999997,0.01090123360810929,0,train
2015-06-23 21:00:00,1.40000003,0.010751488083764476,0,train
2015-06-23 22:00:00,1.30000001,0.01028500997177027,0,train
2015-06-23 23:00:00,1.5,0.00954513295268638,0,train
2015-06-24 00:00:00,1.80000001,0.009121590781051833,0,train
2015-06-24 01:00:00,1.30000001,0.008643570481677548,0,train
2015-06-24 02:00:00,1.39999998,0.008548845901220892,0,train
2015-06-24 03:00:00,1.30000001,0.008142251420136809,0,train
2015-06-24 04:00:00,1.59999997,0.008199589161145968,0,train
2015-06-24 05:00:00,1.30000001,0.00835636817777204,0,train
2015-06-24 06:00:00,1.39999998,0.008165089464774327,0,train
2015-06-24 07:00:00,2.49999998,0.007864780751065564,0,train
2015-06-24 08:00:00,4.0,0.007802016766973978,0,train
2015-06-24 09:00:00,7.0,0.007984943487112263,0,train
2015-06-24 10:00:00,9.6999998,0.00842094585351986,0,train
2015-06-24 11:00:00,8.3000002,0.008377269813609955,0,train
2015-06-24 12:00:00,10.8999996,0.007506127376972559,0,train
2015-06-24 13:00:00,3.9175,0.00804336789588046,0,train
2015-06-24 14:00:00,6.28,0.0075864356332672475,0,train
2015-06-24 15:00:00,3.3,0.006468262107542349,0,train
2015-06-24 16:00:00,1.59999997,0.006464173846729799,0,train
2015-06-24 17:00:00,1.80000001,0.006600741702998919,0,train
2015-06-24 18:00:00,1.89999998,0.006809597728151244,0,train
2015-06-24 19:00:00,1.69999999,0.006877696487057181,0,train
2015-06-24 20:00:00,1.69999999,0.006818883980875576,0,train
2015-06-24 21:00:00,1.59999997,0.006715823292200349,0,train
2015-06-24 22:00:00,1.39999998,0.006473452248195075,0,train
2015-06-24 23:00:00,1.30000001,0.0061141076904424425,0,train
2015-06-25 00:00:00,1.5,0.006214695677300162,0,train
2015-06-25 01:00:00,1.5,0.006132170714371025,0,train
2015-06-25 02:00:00,1.5,0.00592778460499721,0,train
2015-06-25 03:00:00,1.39999998,0.00597128586357917,0,train
2015-06-25 04:00:00,1.39999998,0.006254528042122906,0,train
2015-06-25 05:00:00,1.30000001,0.006159799668962522,0,train
2015-06-25 06:00:00,1.60000002,0.00602380369779711,0,train
2015-06-25 07:00:00,2.5,0.005956172527170625,0,train
2015-06-25 08:00:00,3.9999999,0.006124239459040419,0,train
2015-06-25 09:00:00,6.8,0.006597123518555443,0,train
2015-06-25 10:00:00,11.2999997,0.007540008057555119,0,train
2015-06-25 11:00:00,8.4000001,0.0076424906619211785,0,train
2015-06-25 12:00:00,8.5999999,0.006988284432986888,0,train
2015-06-25 13:00:00,12.2000003,0.0074008970051980556,0,train
2015-06-25 14:00:00,11.7000003,0.0072620064667042105,0,train
2015-06-25 15:00:00,4.7999999,0.008034572158194586,0,train
2015-06-25 16:00:00,2.19999998,0.0080991045383702,0,train
2015-06-25 17:00:00,1.60000002,0.008232265511795138,0,train
2015-06-25 18:00:00,1.90000001,0.008519745365468248,0,train
2015-06-25 19:00:00,1.69999999,0.008797963377407687,0,train
2015-06-25 20:00:00,1.69999999,0.008887237779105623,0,train
2015-06-25 21:00:00,1.5,0.008739356701400625,0,train
2015-06-25 22:00:00,1.30000001,0.008554220547671998,0,train
2015-06-25 23:00:00,1.40000003,0.008593550591739572,0,train
2015-06-26 00:00:00,1.5,0.008921078821240616,0,train
2015-06-26 01:00:00,1.60000002,0.009030098151499964,0,train
2015-06-26 02:00:00,1.5,0.009113440449335012,0,train
2015-06-26 03:00:00,1.5,0.00946278534850688,0,train
2015-06-26 04:00:00,1.30000001,0.00969331364568671,0,train
2015-06-26 05:00:00,1.60000002,0.009700590388318633,0,train
2015-06-26 06:00:00,1.69999999,0.009620384261431492,0,train
2015-06-26 07:00:00,2.5,0.009662651004819669,0,train
2015-06-26 08:00:00,3.6999999,0.010138032276018121,0,train
2015-06-26 09:00:00,6.5,0.01093167974572031,0,train
2015-06-26 10:00:00,8.4999998,0.010726737054281763,0,train
2015-06-26 11:00:00,6.595,0.011099886479258875,0,train
2015-06-26 12:00:00,7.72,0.011352607789205185,0,train
2015-06-26 13:00:00,3.64,0.012577624879604921,0,train
2015-06-26 14:00:00,8.5,0.011379373006857249,0,train
2015-06-26 15:00:00,1.99999998,0.010466002347654681,0,train
2015-06-26 16:00:00,1.39999998,0.010395077975136202,0,train
2015-06-26 17:00:00,1.20000004,0.010458070354191105,0,train
2015-06-26 18:00:00,1.69999999,0.010637215512346474,0,train
2015-06-26 19:00:00,1.30000001,0.010841446295485406,0,train
2015-06-26 20:00:00,1.20000004,0.011047334334377257,0,train
2015-06-26 21:00:00,1.60000002,0.011269759092379362,0,train
2015-06-26 22:00:00,1.10000002,0.011559334777040351,0,train
2015-06-26 23:00:00,1.00000003,0.012033779482327455,0,train
2015-06-27 00:00:00,1.00000003,0.013293518275787515,0,train
2015-06-27 01:00:00,1.20000004,0.013480877513087188,0,train
2015-06-27 02:00:00,1.19999999,0.013363602391642729,0,train
2015-06-27 03:00:00,1.30000001,0.013220258970958722,0,train
2015-06-27 04:00:00,1.10000002,0.01326816219249648,0,train
2015-06-27 05:00:00,1.10000002,0.014105368230745282,0,train
2015-06-27 06:00:00,1.39999998,0.01365298829123089,0,train
2015-06-27 07:00:00,1.20000004,0.012857548233001167,0,train
2015-06-27 08:00:00,1.5,0.01245605428535069,0,train
2015-06-27 09:00:00,1.20000004,0.012779636693946885,0,train
2015-06-27 10:00:00,1.10000002,0.011040968754775757,0,train
2015-06-27 11:00:00,1.19999999,0.01013834780488066,0,train
2015-06-27 12:00:00,1.30000001,0.008721951950926385,0,train
2015-06-27 13:00:00,1.10000002,0.00796432207435135,0,train
2015-06-27 14:00:00,1.30000001,0.005762069352928073,0,train
2015-06-27 15:00:00,1.39999998,0.004952448962273343,0,train
2015-06-27 16:00:00,1.19999999,0.0050010479807776655,0,train
2015-06-27 17:00:00,1.40000003,0.005266375214796275,0,train
2015-06-27 18:00:00,1.30000001,0.005738295462180012,0,train
2015-06-27 19:00:00,1.30000001,0.006225226352145748,0,train
2015-06-27 20:00:00,1.30000001,0.006550017388378101,0,train
2015-06-27 21:00:00,1.20000004,0.006641533134290672,0,train
2015-06-27 22:00:00,1.30000001,0.006403971696207754,0,train
2015-06-27 23:00:00,1.19999999,0.0065366178989781105,0,train
2015-06-28 00:00:00,1.39999998,0.006842369754009918,0,train
2015-06-28 01:00:00,1.19999999,0.00674454793503035,0,train
2015-06-28 02:00:00,1.20000004,0.006483477129841598,0,train
2015-06-28 03:00:00,1.40000003,0.006195037870767773,0,train
2015-06-28 04:00:00,1.10000002,0.005895065030824198,0,train
2015-06-28 05:00:00,1.0,0.005556141475061053,0,train
2015-06-28 06:00:00,1.30000001,0.005242206272741351,0,train
2015-06-28 07:00:00,1.30000001,0.005175377532005203,0,train
2015-06-28 08:00:00,1.39999998,0.005267116378729033,0,train
2015-06-28 09:00:00,1.30000001,0.005280821657375854,0,train
2015-06-28 10:00:00,1.20000004,0.004955636754085203,0,train
2015-06-28 11:00:00,1.10000002,0.00483740519048332,0,train
2015-06-28 12:00:00,1.1,0.004716173142986547,0,train
2015-06-28 13:00:00,1.39999998,0.005167763699218513,0,train
2015-06-28 14:00:00,1.10000002,0.0046292974817817144,0,train
2015-06-28 15:00:00,1.19999999,0.004950225811025099,0,train
2015-06-28 16:00:00,1.0,0.005435080952732894,0,train
2015-06-28 17:00:00,1.30000001,0.005726241987611219,0,train
2015-06-28 18:00:00,1.19999999,0.0061717366975762794,0,train
2015-06-28 19:00:00,1.40000003,0.0065948174707396185,0,train
2015-06-28 20:00:00,1.30000001,0.00651661253440761,0,train
2015-06-28 21:00:00,1.30000001,0.006282653560762899,0,train
2015-06-28 22:00:00,1.0,0.00637661407652894,0,train
2015-06-28 23:00:00,1.10000002,0.006858899116217594,0,train
2015-06-29 00:00:00,1.39999998,0.013053780105945632,0,train
2015-06-29 01:00:00,1.10000002,0.018168694011650294,0,train
2015-06-29 02:00:00,1.0,0.014804952088000426,0,train
2015-06-29 03:00:00,1.20000004,0.008463975193968885,0,train
2015-06-29 04:00:00,1.40000003,0.006550426047055567,0,train
2015-06-29 05:00:00,1.10000002,0.006149449470241756,0,train
2015-06-29 06:00:00,1.10000002,0.006084420979487786,0,train
2015-06-29 07:00:00,1.60000002,0.006134585894177018,0,train
2015-06-29 08:00:00,1.90000001,0.006220782722584341,0,train
2015-06-29 09:00:00,6.1000001,0.006455756186637109,0,train
2015-06-29 10:00:00,11.4000001,0.007595638290360257,0,train
2015-06-29 11:00:00,9.3000002,0.008538634798338378,0,train
2015-06-29 12:00:00,11.4000001,0.00909500065259445,0,train
2015-06-29 13:00:00,3.71,0.009796436129648698,0,train
2015-06-29 14:00:00,10.5,0.010495647675562367,0,train
2015-06-29 15:00:00,4.3,0.011435880798965495,0,train
2015-06-29 16:00:00,2.4,0.01283391055070816,0,train
2015-06-29 17:00:00,1.89999998,0.013317957644873491,0,train
2015-06-29 18:00:00,1.5,0.01215768511832521,0,train
2015-06-29 19:00:00,1.69999999,0.011421428205323032,0,train
2015-06-29 20:00:00,1.69999999,0.011554862842363156,0,train
2015-06-29 21:00:00,1.60000002,0.011876549816815341,0,train
2015-06-29 22:00:00,1.59999997,0.01136074943719632,0,train
2015-06-29 23:00:00,1.80000001,0.009579043027812068,0,train
2015-06-30 00:00:00,1.30000001,0.009449496301171142,0,train
2015-06-30 01:00:00,1.39999998,0.009279179524312717,0,train
2015-06-30 02:00:00,1.69999999,0.00943854859781538,0,train
2015-06-30 03:00:00,1.30000001,0.010194121131452604,0,train
2015-06-30 04:00:00,1.5,0.010570794022843309,0,train
2015-06-30 05:00:00,1.5,0.010715107246998737,0,train
2015-06-30 06:00:00,1.40000003,0.009940795022189029,0,train
2015-06-30 07:00:00,1.89999999,0.009018674110366108,0,train
2015-06-30 08:00:00,2.9,0.008766326669944209,0,train
2015-06-30 09:00:00,5.4,0.00895751597133984,0,train
2015-06-30 10:00:00,8.7000003,0.009120450138622055,0,train
2015-06-30 11:00:00,8.7999997,0.008627589095642627,0,train
2015-06-30 12:00:00,10.3999996,0.008229053702711795,0,train
2015-06-30 13:00:00,4.52,0.008129791171638973,0,train
2015-06-30 14:00:00,11.2999997,0.00902541121029578,0,train
2015-06-30 15:00:00,3.6999999,0.008985684270211892,0,train
2015-06-30 16:00:00,2.2,0.008749011847434693,0,train
2015-06-30 17:00:00,2.3,0.008584425878556096,0,train
2015-06-30 18:00:00,2.2,0.008571625037530943,0,train
2015-06-30 19:00:00,1.5,0.008660950924968361,0,train
2015-06-30 20:00:00,2.1,0.008777993252762867,0,train
2015-06-30 21:00:00,2.00000001,0.008884271398973787,0,train
2015-06-30 22:00:00,1.69999999,0.00880232020000029,0,train
2015-06-30 23:00:00,1.60000002,0.008591726968743161,0,train
2015-07-01 00:00:00,1.69999999,0.00872647211430655,0,train
2015-07-01 01:00:00,1.39999998,0.008946876524130166,0,train
2015-07-01 02:00:00,1.69999999,0.009014443556687318,0,train
2015-07-01 03:00:00,1.80000001,0.009129002538820397,0,train
2015-07-01 04:00:00,1.60000002,0.009124190992333994,0,train
2015-07-01 05:00:00,1.60000002,0.009503935342571263,0,train
2015-07-01 06:00:00,1.69999999,0.009742150426601927,0,train
2015-07-01 07:00:00,2.20000001,0.009547411133542138,0,train
2015-07-01 08:00:00,3.2,0.009310479433898433,0,train
2015-07-01 09:00:00,6.2,0.009512904739534343,0,train
2015-07-01 10:00:00,5.6925,0.009225278433407112,0,train
2015-07-01 11:00:00,6.945,0.009288631365173711,0,train
2015-07-01 12:00:00,8.0225,0.008227470092303076,0,train
2015-07-01 13:00:00,4.14,0.008962201558166911,0,train
2015-07-01 14:00:00,11.3000002,0.008278867833231318,0,train
2015-07-01 15:00:00,3.1,0.008066421855096022,0,train
2015-07-01 16:00:00,2.5,0.00804804720667832,0,train
2015-07-01 17:00:00,2.0,0.008134735269225852,0,train
2015-07-01 18:00:00,2.0,0.008364213850385641,0,train
2015-07-01 19:00:00,1.30000001,0.00854439698018443,0,train
2015-07-01 20:00:00,1.99999998,0.008620158117294835,0,train
2015-07-01 21:00:00,1.89999998,0.008616757515205482,0,train
2015-07-01 22:00:00,1.89999998,0.008471314891323299,0,train
2015-07-01 23:00:00,1.99999998,0.008282696983845575,0,train
2015-07-02 00:00:00,1.69999999,0.008395601961198883,0,train
2015-07-02 01:00:00,1.19999999,0.008346686702611442,0,train
2015-07-02 02:00:00,2.0,0.00824360426700755,0,train
2015-07-02 03:00:00,2.0,0.008318990091997408,0,train
2015-07-02 04:00:00,1.69999999,0.0084128015663261,0,train
2015-07-02 05:00:00,1.89999998,0.008315316092476257,0,train
2015-07-02 06:00:00,1.80000001,0.008147491013982523,0,train
2015-07-02 07:00:00,1.80000001,0.007996478869456109,0,train
2015-07-02 08:00:00,5.2999999,0.008122195973685685,0,train
2015-07-02 09:00:00,7.1,0.008431725000198618,0,train
2015-07-02 10:00:00,6.9000001,0.008765478375930131,0,train
2015-07-02 11:00:00,8.8000002,0.009034076591898359,0,train
2015-07-02 12:00:00,10.4000001,0.008252168314915853,0,train
2015-07-02 13:00:00,4.64,0.009945104750945658,0,train
2015-07-02 14:00:00,11.6999998,0.010151825318681987,0,train
2015-07-02 15:00:00,4.7,0.00968574235249718,0,train
2015-07-02 16:00:00,2.5,0.009678782444160589,0,train
2015-07-02 17:00:00,1.99999998,0.009777781092338437,0,train
2015-07-02 18:00:00,1.79999996,0.009968269239840262,0,train
2015-07-02 19:00:00,1.40000003,0.0100726033830353,0,train
2015-07-02 20:00:00,1.79999996,0.010023779548950104,0,train
2015-07-02 21:00:00,1.79999996,0.009763497982474405,0,train
2015-07-02 22:00:00,1.99999998,0.009416890084696972,0,train
2015-07-02 23:00:00,1.60000002,0.009226417586763947,0,train
2015-07-03 00:00:00,1.69999999,0.00932518868884003,0,train
2015-07-03 01:00:00,1.5,0.009249462272185363,0,train
2015-07-03 02:00:00,1.5,0.009167692813300116,0,train
2015-07-03 03:00:00,1.69999999,0.009304016657047134,0,train
2015-07-03 04:00:00,1.89999998,0.009222419638076,0,train
2015-07-03 05:00:00,1.5,0.009036541260981633,0,train
2015-07-03 06:00:00,1.5,0.00880367122362859,0,train
2015-07-03 07:00:00,2.29999998,0.008710758519021047,0,train
2015-07-03 08:00:00,3.5,0.008846325560190561,0,train
2015-07-03 09:00:00,6.4000001,0.00907183865809774,0,train
2015-07-03 10:00:00,6.0,0.008927813764152746,0,train
2015-07-03 11:00:00,11.3000002,0.009973573541682865,0,train
2015-07-03 12:00:00,11.7999997,0.0106018963478714,0,train
2015-07-03 13:00:00,3.6725,0.011460814770831553,0,train
2015-07-03 14:00:00,10.1999998,0.01041650951100984,0,train
2015-07-03 15:00:00,4.1,0.00969272068347833,0,train
2015-07-03 16:00:00,1.79999996,0.009746224509617027,0,train
2015-07-03 17:00:00,1.39999998,0.009836429278258186,0,train
2015-07-03 18:00:00,1.69999999,0.009929811953300501,0,train
2015-07-03 19:00:00,1.30000001,0.009949466151017656,0,train
2015-07-03 20:00:00,1.40000003,0.009956453474590187,0,train
2015-07-03 21:00:00,1.39999998,0.010000993104363882,0,train
2015-07-03 22:00:00,1.5,0.01018169093806262,0,train
2015-07-03 23:00:00,1.39999998,0.01061784719587134,0,train
2015-07-04 00:00:00,1.39999998,0.011874410597063826,0,train
2015-07-04 01:00:00,1.30000001,0.0117120815503376,0,train
2015-07-04 02:00:00,1.19999999,0.011281040502686147,0,train
2015-07-04 03:00:00,1.39999998,0.011017883236093285,0,train
2015-07-04 04:00:00,1.39999998,0.011703516905043336,0,train
2015-07-04 05:00:00,1.39999998,0.012772601023297404,0,train
2015-07-04 06:00:00,1.5,0.012675317045844221,0,train
2015-07-04 07:00:00,1.5,0.012308403813554122,0,train
2015-07-04 08:00:00,1.40000003,0.01226202548775579,0,train
2015-07-04 09:00:00,1.39999998,0.012196883169993055,0,train
2015-07-04 10:00:00,1.39999998,0.012269065268434126,0,train
2015-07-04 11:00:00,1.60000002,0.01199164137659253,0,train
2015-07-04 12:00:00,1.30000001,0.010135142477117595,0,train
2015-07-04 13:00:00,1.39999998,0.009851256598205849,0,train
2015-07-04 14:00:00,1.19999999,0.00818932442007907,0,train
2015-07-04 15:00:00,1.40000003,0.007388687028945126,0,train
2015-07-04 16:00:00,1.5,0.007446162047601462,0,train
2015-07-04 17:00:00,1.60000002,0.007589867936606965,0,train
2015-07-04 18:00:00,1.5,0.007851270170394962,0,train
2015-07-04 19:00:00,1.5,0.008121246897790119,0,train
2015-07-04 20:00:00,1.20000004,0.008270590671669723,0,train
2015-07-04 21:00:00,1.39999998,0.008274603712039079,0,train
2015-07-04 22:00:00,1.60000002,0.007939537528107771,0,train
2015-07-04 23:00:00,1.39999998,0.008183580381074612,0,train
2015-07-05 00:00:00,1.20000004,0.008490077066790619,0,train
2015-07-05 01:00:00,1.20000004,0.008254047039976814,0,train
2015-07-05 02:00:00,1.19999999,0.007863794676523761,0,train
2015-07-05 03:00:00,1.5,0.00751772264296868,0,train
2015-07-05 04:00:00,1.20000004,0.007252001721342963,0,train
2015-07-05 05:00:00,1.39999998,0.007047308084928572,0,train
2015-07-05 06:00:00,1.39999998,0.006993153750380228,0,train
2015-07-05 07:00:00,1.39999998,0.007010797094326961,0,train
2015-07-05 08:00:00,1.30000001,0.007272028530899289,0,train
2015-07-05 09:00:00,1.5,0.007425502902512026,0,train
2015-07-05 10:00:00,1.39999998,0.007538115080326229,0,train
2015-07-05 11:00:00,1.30000001,0.0065895718364654505,0,train
2015-07-05 12:00:00,1.40000003,0.0057424190794627995,0,train
2015-07-05 13:00:00,1.40000003,0.006451952022398573,0,train
2015-07-05 14:00:00,1.10000002,0.005577045306652017,0,train
2015-07-05 15:00:00,1.40000003,0.00573448074178503,0,train
2015-07-05 16:00:00,1.5,0.006198427207093669,0,train
2015-07-05 17:00:00,1.5,0.006709854869005506,0,train
2015-07-05 18:00:00,1.60000002,0.007532561712587936,0,train
2015-07-05 19:00:00,1.59999997,0.008494840427466222,0,train
2015-07-05 20:00:00,1.00000003,0.009059940211917103,0,train
2015-07-05 21:00:00,1.60000002,0.009122718610757266,0,train
2015-07-05 22:00:00,1.39999998,0.009410556541380974,0,train
2015-07-05 23:00:00,1.30000001,0.010068585617487455,0,train
2015-07-06 00:00:00,1.30000001,0.016340126912104517,0,train
2015-07-06 01:00:00,1.59999997,0.022230618625608628,1,train
2015-07-06 02:00:00,1.10000002,0.022569799950179933,1,train
2015-07-06 03:00:00,1.20000004,0.012658484589657135,0,train
2015-07-06 04:00:00,1.5,0.008454323294890119,0,train
2015-07-06 05:00:00,1.20000004,0.00768891488694149,0,train
2015-07-06 06:00:00,1.20000004,0.007509161671021425,0,train
2015-07-06 07:00:00,2.8,0.007462107524400069,0,train
2015-07-06 08:00:00,2.6,0.007437822885380721,0,train
2015-07-06 09:00:00,5.0,0.0074362511519631275,0,train
2015-07-06 10:00:00,6.9999998,0.008045110284210913,0,train
2015-07-06 11:00:00,9.5,0.008404995519425388,0,train
2015-07-06 12:00:00,11.8000002,0.009258291678454458,0,train
2015-07-06 13:00:00,3.325,0.010468452453588508,0,train
2015-07-06 14:00:00,4.84,0.011303641732703167,0,train
2015-07-06 15:00:00,3.7,0.012281613446227205,0,train
2015-07-06 16:00:00,1.90000001,0.014206686632321488,0,train
2015-07-06 17:00:00,1.69999999,0.013045126938366222,0,train
2015-07-06 18:00:00,1.69999999,0.011970199168383062,0,train
2015-07-06 19:00:00,1.5,0.011176307172419504,0,train
2015-07-06 20:00:00,1.40000003,0.011218826284376586,0,train
2015-07-06 21:00:00,1.5,0.011372601939167193,0,train
2015-07-06 22:00:00,1.30000001,0.010665294625177306,0,train
2015-07-06 23:00:00,1.69999999,0.00879286977074176,0,train
2015-07-07 00:00:00,1.30000001,0.008580446203793127,0,train
2015-07-07 01:00:00,1.39999998,0.008405558804055415,0,train
2015-07-07 02:00:00,1.5,0.008581850322466828,0,train
2015-07-07 03:00:00,1.40000003,0.009127396434607716,0,train
2015-07-07 04:00:00,1.30000001,0.009155076208013872,0,train
2015-07-07 05:00:00,1.59999997,0.009186628754332063,0,train
2015-07-07 06:00:00,1.69999999,0.00865795253330396,0,train
2015-07-07 07:00:00,2.6,0.008157778262737189,0,train
2015-07-07 08:00:00,3.1,0.008266514729464098,0,train
2015-07-07 09:00:00,5.7999999,0.008741220038821239,0,train
2015-07-07 10:00:00,6.5,0.008612456870067944,0,train
2015-07-07 11:00:00,9.0999999,0.00862165290561454,0,train
2015-07-07 12:00:00,11.7000003,0.007284437388247073,0,train
2015-07-07 13:00:00,3.2525,0.007257234379025096,0,train
2015-07-07 14:00:00,10.5,0.007947853116584126,0,train
2015-07-07 15:00:00,3.3,0.008553307120049657,0,train
2015-07-07 16:00:00,1.90000001,0.008371448620086904,0,train
2015-07-07 17:00:00,1.79999996,0.008257318473921268,0,train
2015-07-07 18:00:00,1.89999998,0.008361766247983654,0,train
2015-07-07 19:00:00,1.69999999,0.008577243170003744,0,train
2015-07-07 20:00:00,1.5,0.00870374539751928,0,train
2015-07-07 21:00:00,1.5,0.008763103129699102,0,train
2015-07-07 22:00:00,1.5,0.008599070133782446,0,train
2015-07-07 23:00:00,1.5,0.008324024763566959,0,train
2015-07-08 00:00:00,1.69999999,0.0081786265627466,0,train
2015-07-08 01:00:00,1.5,0.008095695642636305,0,train
2015-07-08 02:00:00,1.39999998,0.008135877898571568,0,train
2015-07-08 03:00:00,1.19999999,0.008164322544950798,0,train
2015-07-08 04:00:00,1.80000001,0.008427522482475715,0,train
2015-07-08 05:00:00,1.30000001,0.008932552084908538,0,train
2015-07-08 06:00:00,1.60000002,0.0089454933495846,0,train
2015-07-08 07:00:00,3.1,0.008633168516789722,0,train
2015-07-08 08:00:00,3.9,0.008412737357159581,0,train
2015-07-08 09:00:00,6.6999998,0.008626559350890387,0,train
2015-07-08 10:00:00,6.1000001,0.008964820445799188,0,train
2015-07-08 11:00:00,8.5999999,0.008871299966784658,0,train
2015-07-08 12:00:00,11.0999999,0.007422331588996599,0,train
2015-07-08 13:00:00,3.2525,0.008073951264355792,0,train
2015-07-08 14:00:00,11.0,0.008462099389767998,0,train
2015-07-08 15:00:00,3.2,0.008410160338500351,0,train
2015-07-08 16:00:00,2.1,0.00835356559078036,0,train
2015-07-08 17:00:00,1.5,0.008414909608981063,0,train
2015-07-08 18:00:00,1.79999996,0.008640540895579907,0,train
2015-07-08 19:00:00,1.69999999,0.008781865307148033,0,train
2015-07-08 20:00:00,1.5,0.008789306331386422,0,train
2015-07-08 21:00:00,1.40000003,0.00872074000420528,0,train
2015-07-08 22:00:00,1.60000002,0.008521275720334778,0,train
2015-07-08 23:00:00,1.40000003,0.00827643581876847,0,train
2015-07-09 00:00:00,1.80000001,0.008242719760724646,0,train
2015-07-09 01:00:00,1.5,0.008135824835715592,0,train
2015-07-09 02:00:00,1.59999997,0.008102520754368094,0,train
2015-07-09 03:00:00,1.39999998,0.008130608590500053,0,train
2015-07-09 04:00:00,1.39999998,0.008096024203625603,0,train
2015-07-09 05:00:00,1.30000001,0.008046256736023516,0,train
2015-07-09 06:00:00,1.80000001,0.007885045130029559,0,train
2015-07-09 07:00:00,2.5,0.007743507481308151,0,train
2015-07-09 08:00:00,2.8,0.007793593067006548,0,train
2015-07-09 09:00:00,5.5999999,0.00800959074397261,0,train
2015-07-09 10:00:00,5.8000001,0.008676660306318761,0,train
2015-07-09 11:00:00,8.5000002,0.009188057696554815,0,train
2015-07-09 12:00:00,11.3999998,0.008585686499546068,0,train
2015-07-09 13:00:00,4.1925,0.00954768401335016,0,train
2015-07-09 14:00:00,11.0999999,0.008964936709178374,0,train
2015-07-09 15:00:00,3.69999998,0.008513374437202532,0,train
2015-07-09 16:00:00,1.69999999,0.008510146726734896,0,train
2015-07-09 17:00:00,1.69999999,0.008589072705275832,0,train
2015-07-09 18:00:00,2.1,0.008820986816120776,0,train
2015-07-09 19:00:00,1.69999999,0.009071307128846346,0,train
2015-07-09 20:00:00,1.60000002,0.00917283344053029,0,train
2015-07-09 21:00:00,1.5,0.009044528219833628,0,train
2015-07-09 22:00:00,1.5,0.008819825143130183,0,train
2015-07-09 23:00:00,1.30000001,0.008700060833623149,0,train
2015-07-10 00:00:00,1.59999997,0.008873049345521513,0,train
2015-07-10 01:00:00,1.39999998,0.008869665017879813,0,train
2015-07-10 02:00:00,1.59999997,0.008863489309517173,0,train
2015-07-10 03:00:00,1.5,0.008969582196633035,0,train
2015-07-10 04:00:00,1.40000003,0.008840983845823236,0,train
2015-07-10 05:00:00,1.59999997,0.008568736443677649,0,train
2015-07-10 06:00:00,1.40000003,0.008280620667496791,0,train
2015-07-10 07:00:00,2.6,0.00812843417950269,0,train
2015-07-10 08:00:00,2.8,0.008194645551195263,0,train
2015-07-10 09:00:00,5.7,0.00830879615269014,0,train
2015-07-10 10:00:00,7.0000002,0.009158145102994387,0,train
2015-07-10 11:00:00,9.8000002,0.010105869283837962,0,train
2015-07-10 12:00:00,12.2999997,0.009768071143076162,0,train
2015-07-10 13:00:00,3.47,0.011466862919858448,0,train
2015-07-10 14:00:00,5.93,0.010141855898047485,0,train
2015-07-10 15:00:00,3.4,0.00893253081900735,0,train
2015-07-10 16:00:00,1.59999997,0.009046179091222132,0,train
2015-07-10 17:00:00,1.79999996,0.00920241082425727,0,train
2015-07-10 18:00:00,1.30000001,0.009361031326344766,0,train
2015-07-10 19:00:00,1.40000003,0.009453527818896294,0,train
2015-07-10 20:00:00,1.40000003,0.009487404025272712,0,train
2015-07-10 21:00:00,1.20000004,0.009512297554888282,0,train
2015-07-10 22:00:00,1.10000002,0.009628625841119332,0,train
2015-07-10 23:00:00,1.5,0.009946772716208505,0,train
2015-07-11 00:00:00,1.20000004,0.011165839939223873,0,train
2015-07-11 01:00:00,1.20000004,0.011154802549138766,0,train
2015-07-11 02:00:00,1.30000001,0.010856331113751,0,train
2015-07-11 03:00:00,1.20000004,0.010653574470524027,0,train
2015-07-11 04:00:00,1.20000004,0.011351018281753042,0,train
2015-07-11 05:00:00,1.40000003,0.01212600798003949,0,train
2015-07-11 06:00:00,1.39999998,0.011732693285784931,0,train
2015-07-11 07:00:00,1.40000003,0.011026675261565254,0,train
2015-07-11 08:00:00,1.39999998,0.010915735976391524,0,train
2015-07-11 09:00:00,1.30000001,0.011239425656085563,0,train
2015-07-11 10:00:00,1.10000002,0.012047665546137924,0,train
2015-07-11 11:00:00,1.5,0.011133962282087548,0,train
2015-07-11 12:00:00,1.30000001,0.00846634217372285,0,train
2015-07-11 13:00:00,1.30000001,0.0076337682634727835,0,train
2015-07-11 14:00:00,1.5,0.005958178368095785,0,train
2015-07-11 15:00:00,1.40000003,0.005809300555229757,0,train
2015-07-11 16:00:00,1.00000003,0.005828833854476903,0,train
2015-07-11 17:00:00,1.59999997,0.006015490846626566,0,train
2015-07-11 18:00:00,1.39999998,0.0063876539605303845,0,train
2015-07-11 19:00:00,1.30000001,0.006771004021234269,0,train
2015-07-11 20:00:00,1.39999998,0.007074920424596269,0,train
2015-07-11 21:00:00,1.30000001,0.007062400515303204,0,train
2015-07-11 22:00:00,1.20000004,0.006653723712026313,0,train
2015-07-11 23:00:00,1.30000001,0.006892754192145073,0,train
2015-07-12 00:00:00,1.20000004,0.007196704983241093,0,train
2015-07-12 01:00:00,1.30000001,0.007062998174991342,0,train
2015-07-12 02:00:00,1.40000003,0.00678643463290399,0,train
2015-07-12 03:00:00,1.10000002,0.006500179446627238,0,train
2015-07-12 04:00:00,1.0,0.00621642880589592,0,train
2015-07-12 05:00:00,1.59999997,0.005981540214508855,0,train
2015-07-12 06:00:00,1.20000004,0.005886806263760294,0,train
2015-07-12 07:00:00,1.5,0.005819021954694449,0,train
2015-07-12 08:00:00,1.39999998,0.005997883610833693,0,train
2015-07-12 09:00:00,1.30000001,0.0061749160831086275,0,train
2015-07-12 10:00:00,1.0,0.006182578738546364,0,train
2015-07-12 11:00:00,1.30000001,0.00560138069849994,0,train
2015-07-12 12:00:00,1.30000001,0.0043168813677579845,0,train
2015-07-12 13:00:00,1.30000001,0.004774513155621814,0,train
2015-07-12 14:00:00,1.30000001,0.004780035497607213,0,train
2015-07-12 15:00:00,1.20000004,0.005020393262905772,0,train
2015-07-12 16:00:00,1.30000001,0.005492166825479192,0,train
2015-07-12 17:00:00,1.30000001,0.005903722686007597,0,train
2015-07-12 18:00:00,1.59999997,0.006515964733807445,0,train
2015-07-12 19:00:00,1.30000001,0.007246796947287158,0,train
2015-07-12 20:00:00,1.20000004,0.007556220747511047,0,train
2015-07-12 21:00:00,1.20000004,0.007574722078488392,0,train
2015-07-12 22:00:00,1.10000002,0.007844832326696891,0,train
2015-07-12 23:00:00,1.5,0.00843435689102145,0,train
2015-07-13 00:00:00,1.30000001,0.014691950473412057,0,train
2015-07-13 01:00:00,1.19999999,0.020380425899211862,0,train
2015-07-13 02:00:00,1.19999999,0.019326087533573535,0,train
2015-07-13 03:00:00,1.30000001,0.010444068783451069,0,train
2015-07-13 04:00:00,1.20000004,0.007295739087105501,0,train
2015-07-13 05:00:00,1.10000002,0.006749571794695763,0,train
2015-07-13 06:00:00,1.60000002,0.006690608217930926,0,train
2015-07-13 07:00:00,2.9,0.006661490026811026,0,train
2015-07-13 08:00:00,4.0,0.006611328344401287,0,train
2015-07-13 09:00:00,7.0,0.0067501321745709235,0,train
2015-07-13 10:00:00,5.8999999,0.006954621596605955,0,train
2015-07-13 11:00:00,9.5,0.007324564290683495,0,train
2015-07-13 12:00:00,10.6999998,0.00804815956641241,0,train
2015-07-13 13:00:00,3.1025,0.008914772813952351,0,train
2015-07-13 14:00:00,10.2000003,0.009846679673101225,0,train
2015-07-13 15:00:00,4.5999999,0.011038256893169207,0,train
2015-07-13 16:00:00,2.5,0.012790446285842631,0,train
2015-07-13 17:00:00,1.80000001,0.011896400019470335,0,train
2015-07-13 18:00:00,1.79999996,0.010954387601829966,0,train
2015-07-13 19:00:00,1.59999997,0.010303343443950027,0,train
2015-07-13 20:00:00,1.5,0.010448110643617841,0,train
2015-07-13 21:00:00,1.5,0.010622877183179908,0,train
2015-07-13 22:00:00,1.39999998,0.009904298531594347,0,train
2015-07-13 23:00:00,1.79999999,0.008000752992331965,0,train
2015-07-14 00:00:00,1.5,0.007769503932122579,0,train
2015-07-14 01:00:00,1.59999997,0.00755386608054205,0,train
2015-07-14 02:00:00,1.30000001,0.007626507966127905,0,train
2015-07-14 03:00:00,1.5,0.008139364601391006,0,train
2015-07-14 04:00:00,1.79999996,0.008229285673570836,0,train
2015-07-14 05:00:00,1.19999999,0.008363765796981903,0,train
2015-07-14 06:00:00,1.60000002,0.007906038199105455,0,train
2015-07-14 07:00:00,2.6,0.007396087611514137,0,train
2015-07-14 08:00:00,3.9999999,0.007390556734619952,0,train
2015-07-14 09:00:00,7.5,0.00790148653934019,0,train
2015-07-14 10:00:00,9.4000001,0.008400867123791761,0,train
2015-07-14 11:00:00,9.8000002,0.008358925710876347,0,train
2015-07-14 12:00:00,12.0999999,0.007175909888202548,0,train
2015-07-14 13:00:00,3.1225,0.007889864791599536,0,train
2015-07-14 14:00:00,9.5999999,0.008801385190579446,0,train
2015-07-14 15:00:00,4.5,0.008434664698067617,0,train
2015-07-14 16:00:00,1.99999998,0.008257919865825847,0,train
2015-07-14 17:00:00,1.79999996,0.008133344934031369,0,train
2015-07-14 18:00:00,1.79999996,0.008219063943097162,0,train
2015-07-14 19:00:00,1.79999996,0.008381907641399828,0,train
2015-07-14 20:00:00,1.5,0.008485351289577583,0,train
2015-07-14 21:00:00,1.69999999,0.008544126033406504,0,train
2015-07-14 22:00:00,1.59999997,0.008392114937462466,0,train
2015-07-14 23:00:00,1.5,0.008232107412289946,0,train
2015-07-15 00:00:00,1.89999998,0.008152679782818374,0,train
2015-07-15 01:00:00,1.5,0.008231993864867419,0,train
2015-07-15 02:00:00,1.60000002,0.00826456363107186,0,train
2015-07-15 03:00:00,1.60000002,0.008309822714353661,0,train
2015-07-15 04:00:00,1.60000002,0.0085372770800875,0,train
2015-07-15 05:00:00,1.39999998,0.00910165129657288,0,train
2015-07-15 06:00:00,1.69999999,0.00928714292909015,0,train
2015-07-15 07:00:00,2.6,0.009144142498003773,0,train
2015-07-15 08:00:00,3.9999999,0.00909934214025985,0,train
2015-07-15 09:00:00,6.8,0.00934724654063312,0,train
2015-07-15 10:00:00,5.7999999,0.009837263997385576,0,train
2015-07-15 11:00:00,9.6000004,0.009638385461927726,0,train
2015-07-15 12:00:00,10.8000002,0.008269502179223334,0,train
2015-07-15 13:00:00,2.9,0.008804728165907915,0,train
2015-07-15 14:00:00,5.07,0.008304571106949044,0,train
2015-07-15 15:00:00,4.8000001,0.007772955142409905,0,train
2015-07-15 16:00:00,1.89999998,0.007807093680108054,0,train
2015-07-15 17:00:00,1.60000002,0.0079825397004749,0,train
2015-07-15 18:00:00,1.99999998,0.008249365551929184,0,train
2015-07-15 19:00:00,1.80000001,0.008371600111277768,0,train
2015-07-15 20:00:00,1.5,0.00827867722508755,0,train
2015-07-15 21:00:00,1.79999996,0.008124932479524076,0,train
2015-07-15 22:00:00,1.39999998,0.007877388162723896,0,train
2015-07-15 23:00:00,1.30000001,0.007653206334987476,0,train
2015-07-16 00:00:00,1.59999997,0.007728598833383526,0,train
2015-07-16 01:00:00,1.59999997,0.007701491590471159,0,train
2015-07-16 02:00:00,1.40000003,0.00755842265558588,0,train
2015-07-16 03:00:00,1.5,0.007637716029829856,0,train
2015-07-16 04:00:00,1.39999998,0.0077851358658097645,0,train
2015-07-16 05:00:00,1.5,0.007659336176354593,0,train
2015-07-16 06:00:00,1.69999999,0.00753263743211663,0,train
2015-07-16 07:00:00,2.3,0.007470745990013785,0,train
2015-07-16 08:00:00,3.7,0.007569399013659503,0,train
2015-07-16 09:00:00,7.8999998,0.007883530960484999,0,train
2015-07-16 10:00:00,6.9000001,0.00861297715326779,0,train
2015-07-16 11:00:00,8.5999999,0.008784435968119127,0,train
2015-07-16 12:00:00,11.6000004,0.007257886245051332,0,train
2015-07-16 13:00:00,3.7225,0.007959541239682077,0,train
2015-07-16 14:00:00,5.8025,0.00744971073128068,0,train
2015-07-16 15:00:00,5.1999998,0.007456141547536104,0,train
2015-07-16 16:00:00,2.6,0.007428957247195798,0,train
2015-07-16 17:00:00,1.69999999,0.007560555979605642,0,train
2015-07-16 18:00:00,1.90000001,0.007883550643062062,0,train
2015-07-16 19:00:00,1.5,0.008180117289687202,0,train
2015-07-16 20:00:00,1.59999997,0.008224364519580746,0,train
2015-07-16 21:00:00,1.5,0.008006741898959375,0,train
2015-07-16 22:00:00,1.59999997,0.0076865313944229265,0,train
2015-07-16 23:00:00,1.60000002,0.0075207486800103465,0,train
2015-07-17 00:00:00,1.20000002,0.007614238020004057,0,train
2015-07-17 01:00:00,1.60000002,0.007646788669728838,0,train
2015-07-17 02:00:00,1.5,0.007583821144326418,0,train
2015-07-17 03:00:00,1.40000003,0.0076482076217533265,0,train
2015-07-17 04:00:00,1.80000001,0.007537803876817279,0,train
2015-07-17 05:00:00,1.5,0.0072400896848018245,0,train
2015-07-17 06:00:00,1.5,0.006886492789095652,0,train
2015-07-17 07:00:00,2.7,0.006690824362520782,0,train
2015-07-17 08:00:00,4.3000001,0.006931095271818518,0,train
2015-07-17 09:00:00,8.5999999,0.007332176179521113,0,train
2015-07-17 10:00:00,8.4000001,0.008253038226017726,0,train
2015-07-17 11:00:00,11.0,0.008833236784624774,0,train
2015-07-17 12:00:00,11.2000003,0.007736611393801828,0,train
2015-07-17 13:00:00,2.8,0.008499065010822177,0,train
2015-07-17 14:00:00,6.8000001,0.008344076263320758,0,train
2015-07-17 15:00:00,2.69999998,0.008572888530204001,0,train
2015-07-17 16:00:00,1.10000002,0.008703253251929822,0,train
2015-07-17 17:00:00,0.90000001,0.008886274355536244,0,train
2015-07-17 18:00:00,1.30000001,0.009019600555620405,0,train
2015-07-17 19:00:00,0.90000001,0.009033212350224787,0,train
2015-07-17 20:00:00,0.90000001,0.00896813646453541,0,train
2015-07-17 21:00:00,0.90000001,0.008956367957946793,0,train
2015-07-17 22:00:00,1.10000002,0.009138966845279891,0,train
2015-07-17 23:00:00,0.90000001,0.009680057296807407,0,train
2015-07-18 00:00:00,0.90000001,0.010838292347946995,0,train
2015-07-18 01:00:00,0.90000001,0.010867507156927386,0,train
2015-07-18 02:00:00,1.0,0.010548663537203348,0,train
2015-07-18 03:00:00,1.00000003,0.010322333895220063,0,train
2015-07-18 04:00:00,1.00000003,0.011572701084769243,0,train
2015-07-18 05:00:00,1.0,0.01205157946053665,0,train
2015-07-18 06:00:00,1.0,0.011621882997088936,0,train
2015-07-18 07:00:00,1.10000002,0.01111390707359555,0,train
2015-07-18 08:00:00,1.0,0.011324927194271398,0,train
2015-07-18 09:00:00,1.20000004,0.011581157638521711,0,train
2015-07-18 10:00:00,0.90000001,0.01200151391945531,0,train
2015-07-18 11:00:00,0.90000001,0.01129978480215223,0,train
2015-07-18 12:00:00,0.800000020001,0.008431612892058475,0,train
2015-07-18 13:00:00,1.10000002,0.007710296482554817,0,train
2015-07-18 14:00:00,0.90000001,0.007530840482871093,0,train
2015-07-18 15:00:00,0.90000001,0.007195836124542503,0,train
2015-07-18 16:00:00,1.10000002,0.007166080135684834,0,train
2015-07-18 17:00:00,1.0,0.007256009617092684,0,train
2015-07-18 18:00:00,1.00000003,0.007524983663277579,0,train
2015-07-18 19:00:00,0.90000001,0.007846435704082708,0,train
2015-07-18 20:00:00,1.19999999,0.008017946375141539,0,train
2015-07-18 21:00:00,0.800000020001,0.00791012920580045,0,train
2015-07-18 22:00:00,0.90000001,0.00748416249222728,0,train
2015-07-18 23:00:00,1.0,0.007757792726581985,0,train
2015-07-19 00:00:00,0.90000001,0.00792769165885904,0,train
2015-07-19 01:00:00,1.00000003,0.007842018517384725,0,train
2015-07-19 02:00:00,0.90000001,0.0076820013438986395,0,train
2015-07-19 03:00:00,0.90000001,0.007511746926361051,0,train
2015-07-19 04:00:00,0.90000001,0.007340187693702293,0,train
2015-07-19 05:00:00,1.00000003,0.007178490052705592,0,train
2015-07-19 06:00:00,0.90000001,0.007117206004181361,0,train
2015-07-19 07:00:00,1.30000001,0.007132201109021646,0,train
2015-07-19 08:00:00,1.10000002,0.007296718447066748,0,train
2015-07-19 09:00:00,0.800000020001,0.007073361814858856,0,train
2015-07-19 10:00:00,0.90000001,0.006793185336801673,0,train
2015-07-19 11:00:00,1.10000002,0.005809197243068407,0,train
2015-07-19 12:00:00,0.90000001,0.004801416721942151,0,train
2015-07-19 13:00:00,1.0,0.005302196944054061,0,train
2015-07-19 14:00:00,1.00000003,0.005223586987902368,0,train
2015-07-19 15:00:00,0.800000020001,0.005535565885066139,0,train
2015-07-19 16:00:00,1.00000003,0.006004496883041251,0,train
2015-07-19 17:00:00,1.10000002,0.006422032055444662,0,train
2015-07-19 18:00:00,1.10000002,0.007064468821884418,0,train
2015-07-19 19:00:00,0.90000001,0.007816588922229735,0,train
2015-07-19 20:00:00,1.0,0.008077825013454727,0,train
2015-07-19 21:00:00,0.800000020001,0.007971097001333081,0,train
2015-07-19 22:00:00,1.20000004,0.00808890823519249,0,train
2015-07-19 23:00:00,0.90000001,0.008509842629201302,0,train
2015-07-20 00:00:00,1.19999999,0.014480390678033559,0,train
2015-07-20 01:00:00,0.90000001,0.019531790138497318,0,train
2015-07-20 02:00:00,0.90000001,0.0163233125128907,0,train
2015-07-20 03:00:00,1.10000002,0.009370904310972202,0,train
2015-07-20 04:00:00,0.800000020001,0.0073952195918305635,0,train
2015-07-20 05:00:00,1.00000003,0.006921412797467055,0,train
2015-07-20 06:00:00,0.90000001,0.00682315623825604,0,train
2015-07-20 07:00:00,1.10000002,0.006820288418329888,0,train
2015-07-20 08:00:00,1.10000002,0.006881492391467281,0,train
2015-07-20 09:00:00,1.10000002,0.0072481248045545305,0,train
2015-07-20 10:00:00,0.800000020001,0.007934387241408498,0,train
2015-07-20 11:00:00,0.800000020001,0.008974605994014001,0,train
2015-07-20 12:00:00,1.00000003,0.01034378019986788,0,train
2015-07-20 13:00:00,0.90000001,0.011490072111703158,0,train
2015-07-20 14:00:00,1.00000003,0.01279456206463664,0,train
2015-07-20 15:00:00,1.00000003,0.013583895541835797,0,train
2015-07-20 16:00:00,1.0,0.01451183374841111,0,train
2015-07-20 17:00:00,1.00000003,0.015678492220169205,0,train
2015-07-20 18:00:00,1.00000003,0.01671751208132241,0,train
2015-07-20 19:00:00,0.90000001,0.01676352109070542,0,train
2015-07-20 20:00:00,1.00000003,0.017019239371653186,0,train
2015-07-20 21:00:00,0.90000001,0.017269388691829094,0,train
2015-07-20 22:00:00,0.800000020001,0.016762314916463284,0,train
2015-07-20 23:00:00,0.90000001,0.015698667604249844,0,train
2015-07-21 00:00:00,0.800000020001,0.015638609005270903,0,train
2015-07-21 01:00:00,0.800000020001,0.015650472987567735,0,train
2015-07-21 02:00:00,0.800000020001,0.015482376588707446,0,train
2015-07-21 03:00:00,1.0,0.0143973800171858,0,train
2015-07-21 04:00:00,0.800000020001,0.013426900864743414,0,train
2015-07-21 05:00:00,1.00000003,0.012736408050147582,0,train
2015-07-21 06:00:00,1.00000003,0.012681421360107706,0,train
2015-07-21 07:00:00,1.10000002,0.013321840950547581,0,train
2015-07-21 08:00:00,1.00000003,0.013380477370670935,0,train
2015-07-21 09:00:00,1.1,0.013337031522330595,0,train
2015-07-21 10:00:00,1.00000003,0.013632611000362343,0,train
2015-07-21 11:00:00,0.800000020001,0.012817661678010892,0,train
2015-07-21 12:00:00,0.90000001,0.012148020714349516,0,train
2015-07-21 13:00:00,0.90000001,0.01195146535549721,0,train
2015-07-21 14:00:00,1.0,0.011523922375535539,0,train
2015-07-21 15:00:00,0.90000001,0.011639744128663209,0,train
2015-07-21 16:00:00,1.00000003,0.012008799954019938,0,train
2015-07-21 17:00:00,0.800000020001,0.012505793721008589,0,train
2015-07-21 18:00:00,1.10000002,0.013038193088136267,0,train
2015-07-21 19:00:00,0.90000001,0.013401833996935404,0,train
2015-07-21 20:00:00,0.90000001,0.013428238273158123,0,train
2015-07-21 21:00:00,1.10000002,0.01307204325917379,0,train
2015-07-21 22:00:00,0.800000020001,0.012345609610399218,0,train
2015-07-21 23:00:00,1.1,0.01165596772138823,0,train
2015-07-22 00:00:00,0.90000001,0.012137169268539623,0,train
2015-07-22 01:00:00,1.00000003,0.012979551614755922,0,train
2015-07-22 02:00:00,0.90000001,0.013352798913278532,0,train
2015-07-22 03:00:00,0.90000001,0.012012431043830991,0,train
2015-07-22 04:00:00,0.90000001,0.011594422985422844,0,train
2015-07-22 05:00:00,0.90000001,0.011529270142399364,0,train
2015-07-22 06:00:00,0.90000001,0.011659227503534198,0,train
2015-07-22 07:00:00,1.10000002,0.011947098726628105,0,train
2015-07-22 08:00:00,1.10000002,0.012291315114573131,0,train
2015-07-22 09:00:00,0.90000001,0.011897313036929901,0,train
2015-07-22 10:00:00,0.800000020001,0.011124690966436618,0,train
2015-07-22 11:00:00,0.90000001,0.010774054849563284,0,train
2015-07-22 12:00:00,1.1,0.009862875465807988,0,train
2015-07-22 13:00:00,0.90000001,0.009782691780788545,0,train
2015-07-22 14:00:00,1.0,0.00894060361739741,0,train
2015-07-22 15:00:00,0.90000001,0.00893482009200351,0,train
2015-07-22 16:00:00,1.0,0.009033048753090743,0,train
2015-07-22 17:00:00,1.10000002,0.009215534180879193,0,train
2015-07-22 18:00:00,1.0,0.00940679479703381,0,train
2015-07-22 19:00:00,1.10000002,0.009481163479968743,0,train
2015-07-22 20:00:00,0.800000020001,0.009266586151918514,0,train
2015-07-22 21:00:00,0.800000020001,0.008689135013822836,0,train
2015-07-22 22:00:00,1.1,0.007826237102700953,0,train
2015-07-22 23:00:00,0.800000020001,0.007031241839675574,0,train
2015-07-23 00:00:00,0.90000001,0.007130165076482493,0,train
2015-07-23 01:00:00,1.0,0.007315465731092336,0,train
2015-07-23 02:00:00,0.90000001,0.0076965664567421165,0,train
2015-07-23 03:00:00,1.0,0.00744533277392709,0,train
2015-07-23 04:00:00,1.0,0.007371777341912348,0,train
2015-07-23 05:00:00,1.00000003,0.007525025707757944,0,train
2015-07-23 06:00:00,0.800000020001,0.00767958421020189,0,train
2015-07-23 07:00:00,1.19999999,0.007744574511219634,0,train
2015-07-23 08:00:00,1.10000002,0.007679122313123614,0,train
2015-07-23 09:00:00,0.90000001,0.007737981088604314,0,train
2015-07-23 10:00:00,0.90000001,0.007848889552732299,0,train
2015-07-23 11:00:00,0.80000001,0.0075196877517793755,0,train
2015-07-23 12:00:00,0.800000020001,0.00747674064610897,0,train
2015-07-23 13:00:00,1.20000004,0.007656810191359636,0,train
2015-07-23 14:00:00,0.90000001,0.007855339521432648,0,train
2015-07-23 15:00:00,0.800000020001,0.008115896351931537,0,train
2015-07-23 16:00:00,1.0,0.00857698185657581,0,train
2015-07-23 17:00:00,1.0,0.009139251527114409,0,train
2015-07-23 18:00:00,1.0,0.009543245545149612,0,train
2015-07-23 19:00:00,0.90000001,0.009573426312639903,0,train
2015-07-23 20:00:00,0.90000001,0.009168403298489164,0,train
2015-07-23 21:00:00,0.800000020001,0.00845506160242348,0,train
2015-07-23 22:00:00,1.0,0.007735976218497148,0,train
2015-07-23 23:00:00,0.90000001,0.007345065606732265,0,train
2015-07-24 00:00:00,0.800000020001,0.007213305690099148,0,train
2015-07-24 01:00:00,0.90000001,0.007152523122076861,0,train
2015-07-24 02:00:00,0.800000020001,0.007159589465888985,0,train
2015-07-24 03:00:00,1.0,0.007110940822513983,0,train
2015-07-24 04:00:00,1.00000003,0.00704248813026081,0,train
2015-07-24 05:00:00,0.700000020001,0.00719766720485493,0,train
2015-07-24 06:00:00,0.90000001,0.007276785543705162,0,train
2015-07-24 07:00:00,1.19999999,0.007305860187004036,0,train
2015-07-24 08:00:00,1.0,0.007457608663133719,0,train
2015-07-24 09:00:00,1.00000003,0.007612467807938107,0,train
2015-07-24 10:00:00,1.0,0.007814410553726394,0,train
2015-07-24 11:00:00,0.800000020001,0.00833221071800454,0,train
2015-07-24 12:00:00,0.800000020001,0.008129497764216181,0,train
2015-07-24 13:00:00,1.00000003,0.008410534961204388,0,train
2015-07-24 14:00:00,0.90000001,0.00878036304279006,0,train
2015-07-24 15:00:00,1.0,0.009104269785986045,0,train
2015-07-24 16:00:00,0.800000020001,0.009654436776653223,0,train
2015-07-24 17:00:00,1.1,0.0100288668170425,0,train
2015-07-24 18:00:00,1.10000002,0.010039385887202355,0,train
2015-07-24 19:00:00,0.800000020001,0.009776967247674559,0,train
2015-07-24 20:00:00,0.800000020001,0.009365908227097467,0,train
2015-07-24 21:00:00,0.90000001,0.00895759607781359,0,train
2015-07-24 22:00:00,0.90000001,0.008748427184716872,0,train
2015-07-24 23:00:00,0.90000001,0.008905544397144837,0,train
2015-07-25 00:00:00,1.10000002,0.009936139558932213,0,train
2015-07-25 01:00:00,0.90000001,0.009866072387433686,0,train
2015-07-25 02:00:00,0.800000020001,0.009487611416222523,0,train
2015-07-25 03:00:00,0.800000020001,0.009137320021237169,0,train
2015-07-25 04:00:00,1.1,0.00923530534102568,0,train
2015-07-25 05:00:00,0.800000020001,0.009528489065034961,0,train
2015-07-25 06:00:00,0.90000001,0.00982654582909689,0,train
2015-07-25 07:00:00,1.10000002,0.010161317171059094,0,train
2015-07-25 08:00:00,1.10000002,0.010516397198958853,0,train
2015-07-25 09:00:00,0.90000001,0.010065460997700981,0,train
2015-07-25 10:00:00,0.800000020001,0.009713040358529752,0,train
2015-07-25 11:00:00,0.90000001,0.008310429090679009,0,train
2015-07-25 12:00:00,1.00000003,0.007000765469839418,0,train
2015-07-25 13:00:00,0.90000001,0.006811353296630174,0,train
2015-07-25 14:00:00,1.00000003,0.006159487478303195,0,train
2015-07-25 15:00:00,0.90000001,0.00629275628073186,0,train
2015-07-25 16:00:00,0.800000020001,0.00685772665868123,0,train
2015-07-25 17:00:00,0.90000001,0.007508203091887177,0,train
2015-07-25 18:00:00,1.20000004,0.007851723100436823,0,train
2015-07-25 19:00:00,0.800000020001,0.007791489469679425,0,train
2015-07-25 20:00:00,0.90000001,0.007520805202643042,0,train
2015-07-25 21:00:00,1.00000003,0.007215877130114451,0,train
2015-07-25 22:00:00,0.800000020001,0.007169946686886927,0,train
2015-07-25 23:00:00,0.90000001,0.008081308049087452,0,train
2015-07-26 00:00:00,0.800000020001,0.009260592362583411,0,train
2015-07-26 01:00:00,1.00000003,0.009628716465874836,0,train
2015-07-26 02:00:00,0.800000020001,0.009040094057338122,0,train
2015-07-26 03:00:00,0.90000001,0.008284769134017175,0,train
2015-07-26 04:00:00,1.0,0.007799237674608135,0,train
2015-07-26 05:00:00,0.90000001,0.0076952390919801696,0,train
2015-07-26 06:00:00,1.0,0.007996940467428503,0,train
2015-07-26 07:00:00,1.0,0.008681344040522754,0,train
2015-07-26 08:00:00,1.0,0.008789872980135527,0,train
2015-07-26 09:00:00,1.10000002,0.007860321246883191,0,train
2015-07-26 10:00:00,0.800000020001,0.006605597330704708,0,train
2015-07-26 11:00:00,1.10000002,0.005632586954096099,0,train
2015-07-26 12:00:00,0.800000020001,0.00517845252204274,0,train
2015-07-26 13:00:00,0.90000001,0.005255067891467555,0,train
2015-07-26 14:00:00,1.0,0.005756450134333449,0,train
2015-07-26 15:00:00,0.90000001,0.006488184479721852,0,train
2015-07-26 16:00:00,0.700000020001,0.007120397941790282,0,train
2015-07-26 17:00:00,1.19999999,0.00762733169394157,0,train
2015-07-26 18:00:00,0.90000001,0.00796538728370356,0,train
2015-07-26 19:00:00,0.800000020001,0.008064543022923781,0,train
2015-07-26 20:00:00,0.90000001,0.007862137031780061,0,train
2015-07-26 21:00:00,0.800000020001,0.007511607505267753,0,train
2015-07-26 22:00:00,0.80000001,0.007514817243989703,0,train
2015-07-26 23:00:00,1.00000003,0.00805295255604579,0,train
2015-07-27 00:00:00,1.10000002,0.013292479738911737,0,train
2015-07-27 01:00:00,0.700000020001,0.016355122455192172,0,train
2015-07-27 02:00:00,0.90000001,0.012429330896828055,0,train
2015-07-27 03:00:00,1.00000003,0.009351178448806148,0,train
2015-07-27 04:00:00,0.90000001,0.008038557470504606,0,train
2015-07-27 05:00:00,0.90000001,0.006960410379593766,0,train
2015-07-27 06:00:00,0.90000001,0.00632274469450933,0,train
2015-07-27 07:00:00,1.20000004,0.006137575674460152,0,train
2015-07-27 08:00:00,1.10000002,0.006285308044396601,0,train
2015-07-27 09:00:00,0.700000020001,0.006667990481184404,0,train
2015-07-27 10:00:00,0.90000001,0.0072412914000338224,0,train
2015-07-27 11:00:00,0.90000001,0.007895390393879348,0,train
2015-07-27 12:00:00,1.00000003,0.008628558256786469,0,train
2015-07-27 13:00:00,0.90000001,0.009281666051242095,0,train
2015-07-27 14:00:00,1.00000003,0.009490501986620862,0,train
2015-07-27 15:00:00,0.800000020001,0.00923159775875222,0,train
2015-07-27 16:00:00,1.0,0.008934400805844234,0,train
2015-07-27 17:00:00,0.800000020001,0.009091642976674075,0,train
2015-07-27 18:00:00,1.00000003,0.009685149050659859,0,train
2015-07-27 19:00:00,1.00000003,0.009862820206704245,0,train
2015-07-27 20:00:00,0.800000020001,0.009751036723144117,0,train
2015-07-27 21:00:00,0.90000001,0.009244965265216796,0,train
2015-07-27 22:00:00,0.90000001,0.008452913229910226,0,train
2015-07-27 23:00:00,0.800000020001,0.007089717947538199,0,train
2015-07-28 00:00:00,0.90000001,0.006824598755500368,0,train
2015-07-28 01:00:00,0.800000020001,0.006458339223862042,0,train
2015-07-28 02:00:00,0.700000020001,0.006186315808126187,0,train
2015-07-28 03:00:00,0.80000001,0.006164131542549705,0,train
2015-07-28 04:00:00,1.20000004,0.006103375760524654,0,train
2015-07-28 05:00:00,0.800000020001,0.00594896064524636,0,train
2015-07-28 06:00:00,0.800000020001,0.005590546933704682,0,train
2015-07-28 07:00:00,1.20000004,0.005038824326086415,0,train
2015-07-28 08:00:00,0.90000001,0.004598320651517771,0,train
2015-07-28 09:00:00,0.90000001,0.0045610528398854055,0,train
2015-07-28 10:00:00,1.00000003,0.0046046102264429055,0,train
2015-07-28 11:00:00,1.00000003,0.0048133828385316,0,train
2015-07-28 12:00:00,0.800000020001,0.005183468779557055,0,train
2015-07-28 13:00:00,0.90000003,0.0056222203841119625,0,train
2015-07-28 14:00:00,0.90000001,0.0060646109239198,0,train
2015-07-28 15:00:00,1.0,0.0065252901192512855,0,train
2015-07-28 16:00:00,0.800000020001,0.006968111929830674,0,train
2015-07-28 17:00:00,1.0,0.007377445313912989,0,train
2015-07-28 18:00:00,1.10000002,0.007695111039379792,0,train
2015-07-28 19:00:00,0.800000020001,0.00778891044300848,0,train
2015-07-28 20:00:00,0.80000001,0.007560284337939559,0,train
2015-07-28 21:00:00,1.00000003,0.006941501522692462,0,train
2015-07-28 22:00:00,0.800000020001,0.005961714221275679,0,train
2015-07-28 23:00:00,0.800000020001,0.005013985318818785,0,train
2015-07-29 00:00:00,1.0,0.005074704919843634,0,train
2015-07-29 01:00:00,0.90000001,0.005053204001663259,0,train
2015-07-29 02:00:00,0.800000020001,0.005108829580763494,0,train
2015-07-29 03:00:00,0.90000001,0.005047218498019382,0,train
2015-07-29 04:00:00,0.90000001,0.0051980530919828434,0,train
2015-07-29 05:00:00,1.10000002,0.005379459338843009,0,train
2015-07-29 06:00:00,0.90000001,0.005384031596871247,0,train
2015-07-29 07:00:00,1.1,0.004978331110848535,0,train
2015-07-29 08:00:00,1.0,0.004461008042762659,0,train
2015-07-29 09:00:00,0.800000020001,0.004301485040000014,0,train
2015-07-29 10:00:00,0.90000001,0.004379014922554771,0,train
2015-07-29 11:00:00,1.0,0.004492485765775764,0,train
2015-07-29 12:00:00,0.800000020001,0.004721039021995673,0,train
2015-07-29 13:00:00,0.800000020001,0.004992951963743984,0,train
2015-07-29 14:00:00,1.00000003,0.00532383477975054,0,train
2015-07-29 15:00:00,0.90000001,0.005743239791341353,0,train
2015-07-29 16:00:00,0.90000001,0.006255631292715292,0,train
2015-07-29 17:00:00,0.90000001,0.006779954351644088,0,train
2015-07-29 18:00:00,1.1,0.00721820064969163,0,train
2015-07-29 19:00:00,0.90000001,0.007392400336334593,0,train
2015-07-29 20:00:00,1.0,0.007192440171132315,0,train
2015-07-29 21:00:00,0.80000001,0.006619497265837255,0,train
2015-07-29 22:00:00,0.700000020001,0.005809444682851998,0,train
2015-07-29 23:00:00,0.90000001,0.005075190529065276,0,train
2015-07-30 00:00:00,0.700000020001,0.004903430301637496,0,train
2015-07-30 01:00:00,0.80000001,0.004681489817529889,0,train
2015-07-30 02:00:00,1.00000003,0.004622321523656707,0,train
2015-07-30 03:00:00,0.60000002,0.004788184627605747,0,train
2015-07-30 04:00:00,1.19999999,0.005255324919439915,0,train
2015-07-30 05:00:00,0.800000020001,0.005620104723744949,0,train
2015-07-30 06:00:00,0.800000020001,0.005797762976728074,0,train
2015-07-30 07:00:00,1.0,0.00561540671705461,0,train
2015-07-30 08:00:00,1.10000002,0.005009301291530202,0,train
2015-07-30 09:00:00,0.90000001,0.00462117012088374,0,train
2015-07-30 10:00:00,0.90000001,0.004635965053436997,0,train
2015-07-30 11:00:00,0.90000001,0.00473201561096108,0,train
2015-07-30 12:00:00,0.90000001,0.004991767693659047,0,train
2015-07-30 13:00:00,1.0,0.005292216136290101,0,train
2015-07-30 14:00:00,1.00000003,0.005702043925007368,0,train
2015-07-30 15:00:00,0.700000020001,0.006249457581143528,0,train
2015-07-30 16:00:00,0.90000001,0.007000976816152659,0,train
2015-07-30 17:00:00,1.0,0.007801889143625194,0,train
2015-07-30 18:00:00,1.19999999,0.008341063560659093,0,train
2015-07-30 19:00:00,0.90000001,0.008404723480383361,0,train
2015-07-30 20:00:00,0.90000001,0.007996182635772517,0,train
2015-07-30 21:00:00,0.90000001,0.007317486375548034,0,train
2015-07-30 22:00:00,0.800000020001,0.006672407513549834,0,train
2015-07-30 23:00:00,0.90000001,0.006335311204826291,0,train
2015-07-31 00:00:00,1.0,0.006107843390176697,0,train
2015-07-31 01:00:00,0.90000001,0.0058301564524909765,0,train
2015-07-31 02:00:00,0.80000001,0.005635418454068419,0,train
2015-07-31 03:00:00,0.90000003,0.005443326205516364,0,train
2015-07-31 04:00:00,1.00000003,0.005669762592958263,0,train
2015-07-31 05:00:00,0.800000020001,0.005953972266788868,0,train
2015-07-31 06:00:00,1.0,0.005949645764610856,0,train
2015-07-31 07:00:00,1.19999999,0.005742657565860146,0,train
2015-07-31 08:00:00,0.90000001,0.005666282899123955,0,train
2015-07-31 09:00:00,0.90000001,0.005699727294947289,0,train
2015-07-31 10:00:00,0.90000001,0.005615684159354193,0,train
2015-07-31 11:00:00,0.800000020001,0.005772846768259436,0,train
2015-07-31 12:00:00,1.00000003,0.005958931497536868,0,train
2015-07-31 13:00:00,0.800000020001,0.006245386763629522,0,train
2015-07-31 14:00:00,1.0,0.006704382858390966,0,train
2015-07-31 15:00:00,0.90000001,0.0072941889872316186,0,train
2015-07-31 16:00:00,0.90000001,0.0079030433203378,0,train
2015-07-31 17:00:00,1.10000002,0.008279382068931068,0,train
2015-07-31 18:00:00,0.80000001,0.008316559299479897,0,train
2015-07-31 19:00:00,0.90000001,0.0080202288933785,0,train
2015-07-31 20:00:00,0.90000001,0.0076042528842885085,0,train
2015-07-31 21:00:00,0.800000020001,0.007164641566400323,0,train
2015-07-31 22:00:00,1.00000003,0.006846644290435723,0,train
2015-07-31 23:00:00,1.0,0.006879155305762018,0,train
2015-08-01 00:00:00,0.90000001,0.007975539921216563,0,train
2015-08-01 01:00:00,0.90000001,0.007932857348684362,0,train
2015-08-01 02:00:00,0.90000001,0.007635735257978766,0,train
2015-08-01 03:00:00,1.00000003,0.007217996687393445,0,train
2015-08-01 04:00:00,0.90000001,0.006975841181850078,0,train
2015-08-01 05:00:00,0.90000001,0.006821564329658769,0,train
2015-08-01 06:00:00,0.90000001,0.006704681348992991,0,train
2015-08-01 07:00:00,1.10000002,0.006600850634246629,0,train
2015-08-01 08:00:00,1.19999999,0.006492110127230364,0,train
2015-08-01 09:00:00,0.90000001,0.006527993915621382,0,train
2015-08-01 10:00:00,0.90000001,0.006872542659321672,0,train
2015-08-01 11:00:00,0.90000001,0.006745155738237628,0,train
2015-08-01 12:00:00,0.90000001,0.006795191825477143,0,train
2015-08-01 13:00:00,1.0,0.006517906172060639,0,train
2015-08-01 14:00:00,1.0,0.006375773240673411,0,train
2015-08-01 15:00:00,0.700000020001,0.006548321756145502,0,train
2015-08-01 16:00:00,1.0,0.007093248640312189,0,train
2015-08-01 17:00:00,1.00000003,0.007712603954046416,0,train
2015-08-01 18:00:00,1.0,0.00804294178629538,0,train
2015-08-01 19:00:00,0.90000001,0.008026245092899948,0,train
2015-08-01 20:00:00,0.90000001,0.007828055666135305,0,train
2015-08-01 21:00:00,0.80000001,0.007573929360430778,0,train
2015-08-01 22:00:00,1.0,0.007492722403834299,0,train
2015-08-01 23:00:00,0.90000001,0.008378236855299287,0,train
2015-08-02 00:00:00,0.800000020001,0.00974272980252329,0,train
2015-08-02 01:00:00,1.0,0.010218314478842359,0,train
2015-08-02 02:00:00,0.800000020001,0.009543635238591789,0,train
2015-08-02 03:00:00,1.00000003,0.008639112762309236,0,train
2015-08-02 04:00:00,1.0,0.008068968150101047,0,train
2015-08-02 05:00:00,0.800000020001,0.007893752448617437,0,train
2015-08-02 06:00:00,0.90000001,0.00813697638603443,0,train
2015-08-02 07:00:00,1.19999999,0.00860493360710283,0,train
2015-08-02 08:00:00,1.10000002,0.008819644942134714,0,train
2015-08-02 09:00:00,0.80000001,0.008036705509094123,0,train
2015-08-02 10:00:00,1.0,0.006838808486403677,0,train
2015-08-02 11:00:00,0.800000020001,0.005863811362181443,0,train
2015-08-02 12:00:00,0.800000020001,0.005385353862751231,0,train
2015-08-02 13:00:00,1.00000003,0.005422612322119478,0,train
2015-08-02 14:00:00,0.90000001,0.005880355995547882,0,train
2015-08-02 15:00:00,0.90000001,0.006517683660043532,0,train
2015-08-02 16:00:00,0.90000001,0.007226867178872191,0,train
2015-08-02 17:00:00,1.19999999,0.007864728914349375,0,train
2015-08-02 18:00:00,0.90000001,0.008264140319920447,0,train
2015-08-02 19:00:00,1.10000002,0.008432398822370644,0,train
2015-08-02 20:00:00,0.800000020001,0.008330659869830455,0,train
2015-08-02 21:00:00,1.0,0.008025005623949397,0,train
2015-08-02 22:00:00,1.00000003,0.008006318669439905,0,train
2015-08-02 23:00:00,0.800000020001,0.008539181548739021,0,train
2015-08-03 00:00:00,0.90000001,0.013829151320382045,0,train
2015-08-03 01:00:00,0.90000001,0.017031825835082195,0,train
2015-08-03 02:00:00,0.800000020001,0.01324801542347849,0,train
2015-08-03 03:00:00,0.90000001,0.009752612432970556,0,train
2015-08-03 04:00:00,1.10000002,0.008372044321244129,0,train
2015-08-03 05:00:00,0.800000020001,0.007211468577816703,0,train
2015-08-03 06:00:00,0.800000020001,0.006466728067377259,0,train
2015-08-03 07:00:00,1.39999998,0.006185061176031404,0,train
2015-08-03 08:00:00,1.0,0.006240020430561854,0,train
2015-08-03 09:00:00,0.800000020001,0.006532478512330367,0,train
2015-08-03 10:00:00,1.00000003,0.0070169816052552975,0,train
2015-08-03 11:00:00,0.90000001,0.007664132623742064,0,train
2015-08-03 12:00:00,0.90000001,0.008380559322397023,0,train
2015-08-03 13:00:00,1.1,0.009015255727314203,0,train
2015-08-03 14:00:00,1.00000003,0.009243072983818906,0,train
2015-08-03 15:00:00,0.800000020001,0.0090479393285757,0,train
2015-08-03 16:00:00,0.800000020001,0.008764897921532644,0,train
2015-08-03 17:00:00,0.90000001,0.008958474192965107,0,train
2015-08-03 18:00:00,1.20000002,0.009432709572158715,0,train
2015-08-03 19:00:00,1.00000003,0.009716284925926527,0,train
2015-08-03 20:00:00,0.800000020001,0.009694873857317985,0,train
2015-08-03 21:00:00,0.90000001,0.009262659100800812,0,train
2015-08-03 22:00:00,0.90000001,0.008442601370594145,0,train
2015-08-03 23:00:00,1.00000003,0.0071534666193487145,0,train
2015-08-04 00:00:00,0.800000020001,0.006903616276075846,0,train
2015-08-04 01:00:00,1.0,0.006586526258661357,0,train
2015-08-04 02:00:00,0.90000001,0.006332833351230252,0,train
2015-08-04 03:00:00,0.800000020001,0.00630523052995999,0,train
2015-08-04 04:00:00,1.10000002,0.006207055205301006,0,train
2015-08-04 05:00:00,1.0,0.006023724966951583,0,train
2015-08-04 06:00:00,0.80000001,0.00564058018657044,0,train
2015-08-04 07:00:00,1.0,0.005067898001718048,0,train
2015-08-04 08:00:00,1.20000004,0.00457556389756959,0,train
2015-08-04 09:00:00,0.90000001,0.0044937139665685525,0,train
2015-08-04 10:00:00,0.90000001,0.004544001983988146,0,train
2015-08-04 11:00:00,0.800000020001,0.004702498773245202,0,train
2015-08-04 12:00:00,0.90000001,0.005004748074551638,0,train
2015-08-04 13:00:00,0.90000001,0.005362818175535262,0,train
2015-08-04 14:00:00,1.0,0.005740164329174338,0,train
2015-08-04 15:00:00,0.90000001,0.006137596090010374,0,train
2015-08-04 16:00:00,1.0,0.006597618307756439,0,train
2015-08-04 17:00:00,0.800000020001,0.007056407812799703,0,train
2015-08-04 18:00:00,0.90000001,0.007442487470617716,0,train
2015-08-04 19:00:00,1.19999999,0.007609394233145391,0,train
2015-08-04 20:00:00,0.800000020001,0.007421172327812826,0,train
2015-08-04 21:00:00,0.90000001,0.006827363679150131,0,train
2015-08-04 22:00:00,1.0,0.005881665172628008,0,train
2015-08-04 23:00:00,1.00000003,0.004970323617240663,0,train
2015-08-05 00:00:00,0.90000001,0.0050075950651962,0,train
2015-08-05 01:00:00,0.90000001,0.004918615940727123,0,train
2015-08-05 02:00:00,0.90000001,0.004902053809356984,0,train
2015-08-05 03:00:00,0.90000001,0.004899097065751094,0,train
2015-08-05 04:00:00,1.0,0.005030456880542032,0,train
2015-08-05 05:00:00,0.90000001,0.005199465689704752,0,train
2015-08-05 06:00:00,0.90000001,0.005201591912360755,0,train
2015-08-05 07:00:00,1.10000002,0.0047971835758236795,0,train
2015-08-05 08:00:00,1.0,0.004306528153513307,0,train
2015-08-05 09:00:00,1.00000003,0.004090886481570264,0,train
2015-08-05 10:00:00,0.90000001,0.004178385557307497,0,train
2015-08-05 11:00:00,0.800000020001,0.004317553793744558,0,train
2015-08-05 12:00:00,0.700000020001,0.004557529800504339,0,train
2015-08-05 13:00:00,1.00000003,0.004854181499798652,0,train
2015-08-05 14:00:00,1.1,0.00520438339432178,0,train
2015-08-05 15:00:00,0.700000020001,0.005639326753395778,0,train
2015-08-05 16:00:00,1.0,0.006145025838636515,0,train
2015-08-05 17:00:00,1.0,0.006663893548978658,0,train
2015-08-05 18:00:00,0.800000020001,0.007077484632264273,0,train
2015-08-05 19:00:00,1.1,0.007266664758244363,0,train
2015-08-05 20:00:00,0.90000001,0.007093166187970754,0,train
2015-08-05 21:00:00,0.700000020001,0.0065333191463478055,0,train
2015-08-05 22:00:00,0.90000003,0.005724806053992402,0,train
2015-08-05 23:00:00,0.90000001,0.005002048757674792,0,train
2015-08-06 00:00:00,0.700000020001,0.004831576618984897,0,train
2015-08-06 01:00:00,1.00000003,0.00460157564813082,0,train
2015-08-06 02:00:00,0.700000020001,0.004587062642753651,0,train
2015-08-06 03:00:00,1.00000003,0.004728686188215872,0,train
2015-08-06 04:00:00,0.90000001,0.005190457850141665,0,train
2015-08-06 05:00:00,0.800000020001,0.0055624156715732105,0,train
2015-08-06 06:00:00,1.1,0.005751600239752715,0,train
2015-08-06 07:00:00,1.10000002,0.005598788588895724,0,train
2015-08-06 08:00:00,1.00000003,0.005041974084442825,0,train
2015-08-06 09:00:00,1.0,0.004511198182363678,0,train
2015-08-06 10:00:00,0.90000001,0.004566639685856841,0,train
2015-08-06 11:00:00,0.800000020001,0.004684601916129215,0,train
2015-08-06 12:00:00,0.90000001,0.004946048335704963,0,train
2015-08-06 13:00:00,1.0,0.0052732209788829984,0,train
2015-08-06 14:00:00,0.90000001,0.005686873394448144,0,train
2015-08-06 15:00:00,0.800000020001,0.006198490262792264,0,train
2015-08-06 16:00:00,0.90000001,0.0069120693572936485,0,train
2015-08-06 17:00:00,1.0,0.007716303400999474,0,train
2015-08-06 18:00:00,1.19999999,0.00826878007411779,0,train
2015-08-06 19:00:00,0.800000020001,0.008346205201181003,0,train
2015-08-06 20:00:00,0.90000001,0.007942039709110258,0,train
2015-08-06 21:00:00,0.90000001,0.007255792251363912,0,train
2015-08-06 22:00:00,1.00000003,0.006593762054703414,0,train
2015-08-06 23:00:00,0.90000001,0.006258166764781097,0,train
2015-08-07 00:00:00,1.20000004,0.0060160152077017685,0,train
2015-08-07 01:00:00,0.800000020001,0.005741255510022554,0,train
2015-08-07 02:00:00,0.800000020001,0.0055865355851777805,0,train
2015-08-07 03:00:00,0.800000020001,0.005501466115850272,0,train
2015-08-07 04:00:00,1.0,0.005738914949254342,0,train
2015-08-07 05:00:00,0.90000001,0.00601433649394358,0,train
2015-08-07 06:00:00,0.90000001,0.006043945312252471,0,train
2015-08-07 07:00:00,1.19999999,0.005920580287250314,0,train
2015-08-07 08:00:00,0.800000020001,0.005731207373042644,0,train
2015-08-07 09:00:00,1.10000002,0.005779965381638773,0,train
2015-08-07 10:00:00,0.90000001,0.005709210903931317,0,train
2015-08-07 11:00:00,0.800000020001,0.005874811473778885,0,train
2015-08-07 12:00:00,0.90000001,0.006025182307036294,0,train
2015-08-07 13:00:00,0.800000020001,0.006314241927523274,0,train
2015-08-07 14:00:00,1.0,0.006753260096989796,0,train
2015-08-07 15:00:00,1.00000003,0.007342441513232122,0,train
2015-08-07 16:00:00,0.800000020001,0.00797526549686378,0,train
2015-08-07 17:00:00,1.00000003,0.008399893491928047,0,train
2015-08-07 18:00:00,1.0,0.008480105113598662,0,train
2015-08-07 19:00:00,1.10000002,0.008223489500300564,0,train
2015-08-07 20:00:00,1.00000003,0.0077702639303750065,0,train
2015-08-07 21:00:00,0.90000001,0.007288698626906751,0,train
2015-08-07 22:00:00,0.800000020001,0.006996686851008705,0,train
2015-08-07 23:00:00,1.00000003,0.007077054245879031,0,train
2015-08-08 00:00:00,0.90000001,0.008136065064966056,0,train
2015-08-08 01:00:00,0.800000020001,0.00806512487465763,0,train
2015-08-08 02:00:00,1.0,0.007717292963627584,0,train
2015-08-08 03:00:00,0.800000020001,0.007300784250667147,0,train
2015-08-08 04:00:00,1.10000002,0.007019032882481956,0,train
2015-08-08 05:00:00,1.0,0.006823949500232971,0,train
2015-08-08 06:00:00,0.800000020001,0.00667934156802167,0,train
2015-08-08 07:00:00,1.10000002,0.006508753800600747,0,train
2015-08-08 08:00:00,1.10000002,0.006374144328057141,0,train
2015-08-08 09:00:00,0.800000020001,0.006385200699635986,0,train
2015-08-08 10:00:00,1.10000002,0.006710489185894675,0,train
2015-08-08 11:00:00,0.800000020001,0.0066602808901923445,0,train
2015-08-08 12:00:00,0.800000020001,0.00660689568113311,0,train
2015-08-08 13:00:00,0.90000001,0.006353774908183549,0,train
2015-08-08 14:00:00,1.10000002,0.00624879012568755,0,train
2015-08-08 15:00:00,0.90000001,0.006467062817315586,0,train
2015-08-08 16:00:00,0.800000020001,0.007047008091309806,0,train
2015-08-08 17:00:00,1.0,0.007677374812615063,0,train
2015-08-08 18:00:00,1.00000003,0.007993051967690082,0,train
2015-08-08 19:00:00,0.90000001,0.007981228747313763,0,train
2015-08-08 20:00:00,0.90000001,0.007816408045169518,0,train
2015-08-08 21:00:00,1.20000004,0.007595922935730959,0,train
2015-08-08 22:00:00,0.800000020001,0.007540207490168771,0,train
2015-08-08 23:00:00,0.90000001,0.008383087080677289,0,train
2015-08-09 00:00:00,0.800000020001,0.009770395271508907,0,train
2015-08-09 01:00:00,0.90000001,0.010254806034382917,0,train
2015-08-09 02:00:00,1.00000003,0.009578832463599574,0,train
2015-08-09 03:00:00,0.90000001,0.008672839612315362,0,train
2015-08-09 04:00:00,0.90000001,0.008107378465466216,0,train
2015-08-09 05:00:00,0.90000001,0.007978490275471322,0,train
2015-08-09 06:00:00,0.90000001,0.008284006068589667,0,train
2015-08-09 07:00:00,1.10000002,0.00884040038244627,0,train
2015-08-09 08:00:00,1.19999999,0.008982009261312218,0,train
2015-08-09 09:00:00,0.700000020001,0.008097107837712112,0,train
2015-08-09 10:00:00,0.90000001,0.006842970115594702,0,train
2015-08-09 11:00:00,1.0,0.005820734861705798,0,train
2015-08-09 12:00:00,1.00000003,0.005332509722085636,0,train
2015-08-09 13:00:00,0.90000001,0.005370981385229977,0,train
2015-08-09 14:00:00,0.800000020001,0.005828530886669633,0,train
2015-08-09 15:00:00,0.90000001,0.006462870526311628,0,train
2015-08-09 16:00:00,1.00000003,0.007152392475327017,0,train
2015-08-09 17:00:00,1.0,0.007783232819781481,0,train
2015-08-09 18:00:00,1.0,0.008187909657589665,0,train
2015-08-09 19:00:00,1.0,0.008363369565752725,0,train
2015-08-09 20:00:00,0.90000001,0.008263446050678159,0,train
2015-08-09 21:00:00,1.0,0.007949244862995699,0,train
2015-08-09 22:00:00,1.00000003,0.007921947838572781,0,train
2015-08-09 23:00:00,0.90000001,0.008457237122645109,0,train
2015-08-10 00:00:00,0.800000020001,0.013769627368397997,0,train
2015-08-10 01:00:00,1.0,0.01696704938510865,0,train
2015-08-10 02:00:00,1.0,0.013191134016492417,0,train
2015-08-10 03:00:00,0.800000020001,0.009692465837367749,0,train
2015-08-10 04:00:00,1.0,0.008324007045947348,0,train
2015-08-10 05:00:00,1.0,0.007172225593178063,0,train
2015-08-10 06:00:00,0.90000001,0.006442484166427616,0,train
2015-08-10 07:00:00,1.20000004,0.006170192465436336,0,train
2015-08-10 08:00:00,1.10000002,0.006233967143552981,0,train
2015-08-10 09:00:00,0.90000001,0.006537049722664995,0,train
2015-08-10 10:00:00,1.0,0.007025968173675554,0,train
2015-08-10 11:00:00,0.800000020001,0.007682160656009878,0,train
2015-08-10 12:00:00,1.0,0.008417727408303521,0,train
2015-08-10 13:00:00,0.800000020001,0.009055633809182465,0,train
2015-08-10 14:00:00,0.90000001,0.009257169504123275,0,train
2015-08-10 15:00:00,1.0,0.009037671394402582,0,train
2015-08-10 16:00:00,0.90000001,0.008754405922743751,0,train
2015-08-10 17:00:00,1.20000004,0.008931915356257081,0,train
2015-08-10 18:00:00,0.90000001,0.009410082365151834,0,train
2015-08-10 19:00:00,0.90000001,0.009694132930140353,0,train
2015-08-10 20:00:00,1.0,0.009678268194067858,0,train
2015-08-10 21:00:00,0.800000020001,0.009254351280548747,0,train
2015-08-10 22:00:00,0.90000001,0.00844135698328639,0,train
2015-08-10 23:00:00,1.10000002,0.007134304429501009,0,train
2015-08-11 00:00:00,0.700000020001,0.006864014799667209,0,train
2015-08-11 01:00:00,0.90000001,0.0065244903891105415,0,train
2015-08-11 02:00:00,1.00000003,0.006241960400748066,0,train
2015-08-11 03:00:00,0.90000001,0.006201327219588656,0,train
2015-08-11 04:00:00,0.800000020001,0.006088824805127458,0,train
2015-08-11 05:00:00,1.0,0.0058928457546126856,0,train
2015-08-11 06:00:00,0.90000001,0.005523646935184977,0,train
2015-08-11 07:00:00,1.0,0.004978743998060799,0,train
2015-08-11 08:00:00,1.20000004,0.004498276405753598,0,train
2015-08-11 09:00:00,0.800000020001,0.0044370924010478366,0,train
2015-08-11 10:00:00,0.90000001,0.004494721875373727,0,train
2015-08-11 11:00:00,0.90000001,0.004656612345476997,0,train
2015-08-11 12:00:00,0.90000001,0.004943726395400609,0,train
2015-08-11 13:00:00,1.10000002,0.005303844794839115,0,train
2015-08-11 14:00:00,0.90000001,0.005666468042132766,0,train
2015-08-11 15:00:00,0.800000020001,0.006077849784414472,0,train
2015-08-11 16:00:00,1.10000002,0.0065430376242790154,0,train
2015-08-11 17:00:00,1.0,0.007018426386014929,0,train
2015-08-11 18:00:00,1.00000003,0.007412608164914967,0,train
2015-08-11 19:00:00,0.90000001,0.007578612632526959,0,train
2015-08-11 20:00:00,1.10000002,0.007393622950590192,0,train
2015-08-11 21:00:00,0.800000020001,0.006807793664313821,0,train
2015-08-11 22:00:00,1.10000002,0.005860908358115453,0,train
2015-08-11 23:00:00,1.0,0.004951163282973118,0,train
2015-08-12 00:00:00,1.10000002,0.0049853964205924025,0,train
2015-08-12 01:00:00,0.800000020001,0.004881058522716911,0,train
2015-08-12 02:00:00,0.90000001,0.004858246412978582,0,train
2015-08-12 03:00:00,1.0,0.004861251339165639,0,train
2015-08-12 04:00:00,0.800000020001,0.0049862531075417025,0,train
2015-08-12 05:00:00,0.90000001,0.005140958259118307,0,train
2015-08-12 06:00:00,1.0,0.005147207617858208,0,train
2015-08-12 07:00:00,1.0,0.004755664611127755,0,train
2015-08-12 08:00:00,1.19999999,0.004282844598649365,0,train
2015-08-12 09:00:00,0.80000001,0.004075117718830827,0,train
2015-08-12 10:00:00,0.90000001,0.0041482071380540666,0,train
2015-08-12 11:00:00,1.00000003,0.004290890909487118,0,train
2015-08-12 12:00:00,0.800000020001,0.004541508002688105,0,train
2015-08-12 13:00:00,1.10000002,0.004819438115492781,0,train
2015-08-12 14:00:00,1.10000002,0.005158324661478638,0,train
2015-08-12 15:00:00,0.800000020001,0.005589032207538613,0,train
2015-08-12 16:00:00,0.90000001,0.0060857411440776435,0,train
2015-08-12 17:00:00,1.20000002,0.00661706458102617,0,train
2015-08-12 18:00:00,1.0,0.007051651905874874,0,train
2015-08-12 19:00:00,0.90000001,0.007242069522930225,0,train
2015-08-12 20:00:00,1.0,0.007071859169211974,0,train
2015-08-12 21:00:00,0.90000001,0.0065079351321070044,0,train
2015-08-12 22:00:00,0.90000001,0.005689572949923294,0,train
2015-08-12 23:00:00,0.800000020001,0.004959072041639482,0,train
2015-08-13 00:00:00,1.0,0.004786746623622456,0,train
2015-08-13 01:00:00,0.90000001,0.004550009094276058,0,train
2015-08-13 02:00:00,0.800000020001,0.004515595563077177,0,train
2015-08-13 03:00:00,0.90000001,0.004651316646492505,0,train
2015-08-13 04:00:00,1.00000003,0.005094531043993433,0,train
2015-08-13 05:00:00,0.800000020001,0.00544359788581404,0,train
2015-08-13 06:00:00,1.10000002,0.005626168530981377,0,train
2015-08-13 07:00:00,1.20000004,0.005476526635951891,0,train
2015-08-13 08:00:00,1.0,0.004959222035810731,0,train
2015-08-13 09:00:00,0.90000001,0.004448336636202096,0,train
2015-08-13 10:00:00,1.0,0.004478596861822724,0,train
2015-08-13 11:00:00,1.00000003,0.004602466475313546,0,train
2015-08-13 12:00:00,1.0,0.004866271174221285,0,train
2015-08-13 13:00:00,0.80000001,0.0052101209713546264,0,train
2015-08-13 14:00:00,0.90000001,0.005633611116764878,0,train
2015-08-13 15:00:00,1.10000002,0.006143442919276931,0,train
2015-08-13 16:00:00,0.800000020001,0.006860539935424939,0,train
2015-08-13 17:00:00,0.90000001,0.007673262434441675,0,train
2015-08-13 18:00:00,1.1,0.00822760436620011,0,train
2015-08-13 19:00:00,0.800000020001,0.008297481998457168,0,train
2015-08-13 20:00:00,0.90000001,0.007881157455001585,0,train
2015-08-13 21:00:00,1.0,0.007175900688042474,0,train
2015-08-13 22:00:00,0.800000020001,0.006517929805984568,0,train
2015-08-13 23:00:00,0.90000001,0.006168039677951564,0,train
2015-08-14 00:00:00,0.700000020001,0.005936616262505379,0,train
2015-08-14 01:00:00,0.800000020001,0.005691837406768895,0,train
2015-08-14 02:00:00,1.0,0.005536356868385905,0,train
2015-08-14 03:00:00,1.00000003,0.005450456293500335,0,train
2015-08-14 04:00:00,0.800000020001,0.005661222366351008,0,train
2015-08-14 05:00:00,1.00000003,0.005922444383525438,0,train
2015-08-14 06:00:00,0.90000001,0.005967975216960919,0,train
2015-08-14 07:00:00,1.0,0.00585683685912935,0,train
2015-08-14 08:00:00,1.30000001,0.00567502602799604,0,train
2015-08-14 09:00:00,0.90000001,0.005718418777769885,0,train
2015-08-14 10:00:00,0.90000001,0.005647638166558981,0,train
2015-08-14 11:00:00,0.800000020001,0.005824977256158131,0,train
2015-08-14 12:00:00,1.10000002,0.005992461203097798,0,train
2015-08-14 13:00:00,0.90000001,0.006272005799159801,0,train
2015-08-14 14:00:00,0.800000020001,0.006694684076560972,0,train
2015-08-14 15:00:00,1.00000003,0.007292840525713018,0,train
2015-08-14 16:00:00,0.90000001,0.007929746694704962,0,train
2015-08-14 17:00:00,1.10000002,0.008357785227910664,0,train
2015-08-14 18:00:00,1.0,0.00843637352961465,0,train
2015-08-14 19:00:00,1.00000003,0.00817084235797618,0,train
2015-08-14 20:00:00,0.800000020001,0.0077163221764625515,0,train
2015-08-14 21:00:00,0.80000001,0.007254898197854327,0,train
2015-08-14 22:00:00,1.10000002,0.006972464039709332,0,train
2015-08-14 23:00:00,0.90000001,0.007061908424043775,0,train
2015-08-15 00:00:00,1.0,0.008119832624366613,0,train
2015-08-15 01:00:00,0.800000020001,0.008020766209285421,0,train
2015-08-15 02:00:00,0.90000001,0.007674369974614123,0,train
2015-08-15 03:00:00,1.0,0.007259598486291596,0,train
2015-08-15 04:00:00,0.90000001,0.006988522128571481,0,train
2015-08-15 05:00:00,0.80000001,0.006787006982821162,0,train
2015-08-15 06:00:00,1.0,0.006639574230609614,0,train
2015-08-15 07:00:00,0.90000001,0.00647294491222619,0,train
2015-08-15 08:00:00,1.30000001,0.006321344238699352,0,train
2015-08-15 09:00:00,0.800000020001,0.006351527204688592,0,train
2015-08-15 10:00:00,0.90000001,0.00666762054845622,0,train
2015-08-15 11:00:00,0.90000001,0.006657940202993974,0,train
2015-08-15 12:00:00,1.0,0.00655994321023533,0,train
2015-08-15 13:00:00,0.90000001,0.006285868347722419,0,train
2015-08-15 14:00:00,1.0,0.006186992671383907,0,train
2015-08-15 15:00:00,0.90000001,0.006405879006409224,0,train
2015-08-15 16:00:00,0.90000001,0.006979891857080712,0,train
2015-08-15 17:00:00,0.90000001,0.007607581738448197,0,train
2015-08-15 18:00:00,1.1,0.007935684358240054,0,train
2015-08-15 19:00:00,1.0,0.007938248978771005,0,train
2015-08-15 20:00:00,0.90000001,0.007778252457259535,0,train
2015-08-15 21:00:00,0.90000001,0.00755781771186836,0,train
2015-08-15 22:00:00,0.90000001,0.007491093165519061,0,train
2015-08-15 23:00:00,0.90000001,0.008352233491041262,0,train
2015-08-16 00:00:00,0.700000020001,0.009709144148830602,0,train
2015-08-16 01:00:00,0.90000001,0.010168971953914521,0,train
2015-08-16 02:00:00,0.800000020001,0.00949229058141778,0,train
2015-08-16 03:00:00,1.0,0.008617189447663758,0,train
2015-08-16 04:00:00,0.800000020001,0.008110105195114398,0,train
2015-08-16 05:00:00,0.90000001,0.008026352737306142,0,train
2015-08-16 06:00:00,1.0,0.008359601280197028,0,train
2015-08-16 07:00:00,1.0,0.008972279437218834,0,train
2015-08-16 08:00:00,1.30000001,0.00902605240967944,0,train
2015-08-16 09:00:00,0.90000001,0.008091468574175966,0,train
2015-08-16 10:00:00,0.800000020001,0.006818272930879952,0,train
2015-08-16 11:00:00,0.90000001,0.005796561091295576,0,train
2015-08-16 12:00:00,1.00000003,0.005301788734273304,0,train
2015-08-16 13:00:00,1.0,0.005328921570897477,0,train
2015-08-16 14:00:00,0.90000001,0.005776852730500544,0,train
2015-08-16 15:00:00,0.90000001,0.006422154697386921,0,train
2015-08-16 16:00:00,0.700000020001,0.007105542254537005,0,train
2015-08-16 17:00:00,1.19999999,0.007730509857527051,0,train
2015-08-16 18:00:00,0.90000001,0.00813414368922737,0,train
2015-08-16 19:00:00,1.0,0.008301058909350192,0,train
2015-08-16 20:00:00,0.90000001,0.00820210030025041,0,train
2015-08-16 21:00:00,0.800000020001,0.007898969357573638,0,train
2015-08-16 22:00:00,1.19999999,0.007871035529352172,0,train
2015-08-16 23:00:00,0.90000001,0.008409480418489173,0,train
2015-08-17 00:00:00,0.700000020001,0.013743644406094995,0,train
2015-08-17 01:00:00,0.800000020001,0.016945720068003867,0,train
2015-08-17 02:00:00,1.00000003,0.013135631234652511,0,train
2015-08-17 03:00:00,0.800000020001,0.00965404263624622,0,train
2015-08-17 04:00:00,0.90000003,0.008307046156989625,0,train
2015-08-17 05:00:00,1.00000003,0.0071577318024685374,0,train
2015-08-17 06:00:00,0.90000001,0.006423619277439203,0,train
2015-08-17 07:00:00,0.90000001,0.006150686555776588,0,train
2015-08-17 08:00:00,1.30000001,0.006194666805871952,0,train
2015-08-17 09:00:00,0.700000020001,0.006495116927719041,0,train
2015-08-17 10:00:00,0.90000001,0.006981636689596269,0,train
2015-08-17 11:00:00,0.800000020001,0.00762153596940105,0,train
2015-08-17 12:00:00,0.90000001,0.00832608437610273,0,train
2015-08-17 13:00:00,1.1,0.008981523338343128,0,train
2015-08-17 14:00:00,0.90000001,0.009212913299110281,0,train
2015-08-17 15:00:00,0.90000001,0.009000501773666302,0,train
2015-08-17 16:00:00,1.0,0.00872402065208099,0,train
2015-08-17 17:00:00,0.90000001,0.008904777676312576,0,train
2015-08-17 18:00:00,0.800000020001,0.009350844383497372,0,train
2015-08-17 19:00:00,1.1,0.00964539602701217,0,train
2015-08-17 20:00:00,0.90000001,0.009645931005949274,0,train
2015-08-17 21:00:00,0.80000001,0.009236653114113797,0,train
2015-08-17 22:00:00,1.00000003,0.00838433153254685,0,train
2015-08-17 23:00:00,0.90000001,0.007084815048640382,0,train
2015-08-18 00:00:00,1.00000003,0.006822559078211111,0,train
2015-08-18 01:00:00,1.0,0.006499797832967822,0,train
2015-08-18 02:00:00,0.90000001,0.006232966165248783,0,train
2015-08-18 03:00:00,0.80000001,0.006193491869172407,0,train
2015-08-18 04:00:00,0.90000001,0.006087124160759893,0,train
2015-08-18 05:00:00,0.90000001,0.005898428553194466,0,train
2015-08-18 06:00:00,0.800000020001,0.005533306017972293,0,train
2015-08-18 07:00:00,1.30000001,0.004972472887899819,0,train
2015-08-18 08:00:00,1.19999999,0.004493842952580441,0,train
2015-08-18 09:00:00,1.00000003,0.004440639936672286,0,train
2015-08-18 10:00:00,0.90000001,0.004484933357271114,0,train
2015-08-18 11:00:00,0.90000001,0.004629087733592287,0,train
2015-08-18 12:00:00,0.90000001,0.004914749096707292,0,train
2015-08-18 13:00:00,1.00000003,0.0052666778966220604,0,train
2015-08-18 14:00:00,1.00000003,0.005651673462916503,0,train
2015-08-18 15:00:00,0.90000001,0.0060753091610751524,0,train
2015-08-18 16:00:00,1.0,0.0065369102865244855,0,train
2015-08-18 17:00:00,0.90000001,0.007006747647686572,0,train
2015-08-18 18:00:00,0.90000001,0.007390907038109185,0,train
2015-08-18 19:00:00,1.19999999,0.007550325435406141,0,train
2015-08-18 20:00:00,0.800000020001,0.0073666547821913345,0,train
2015-08-18 21:00:00,0.800000020001,0.0067733105953015,0,train
2015-08-18 22:00:00,1.00000003,0.005822548927452565,0,train
2015-08-18 23:00:00,0.90000001,0.00491757693572941,0,train
2015-08-19 00:00:00,0.800000020001,0.004947571290000108,0,train
2015-08-19 01:00:00,0.90000001,0.004852632467731861,0,train
2015-08-19 02:00:00,0.90000001,0.0048377237736569505,0,train
2015-08-19 03:00:00,0.90000001,0.004836426669402146,0,train
2015-08-19 04:00:00,1.0,0.004956592318748484,0,train
2015-08-19 05:00:00,0.90000001,0.005112406089722865,0,train
2015-08-19 06:00:00,1.0,0.005100944699621014,0,train
2015-08-19 07:00:00,1.0,0.0047112743931840735,0,train
2015-08-19 08:00:00,1.0,0.004241543362808342,0,train
2015-08-19 09:00:00,1.20000004,0.004035290806883869,0,train
2015-08-19 10:00:00,0.90000001,0.004123240695829618,0,train
2015-08-19 11:00:00,0.90000001,0.004259187677723135,0,train
2015-08-19 12:00:00,1.00000003,0.004498068154696684,0,train
2015-08-19 13:00:00,0.800000020001,0.004777255714156339,0,train
2015-08-19 14:00:00,1.00000003,0.00512019898253288,0,train
2015-08-19 15:00:00,0.90000001,0.005550584470786234,0,train
2015-08-19 16:00:00,1.10000002,0.006060570177615209,0,train
2015-08-19 17:00:00,0.800000020001,0.006577619262967656,0,train
2015-08-19 18:00:00,1.19999999,0.007004146467876712,0,train
2015-08-19 19:00:00,1.00000003,0.007193910775486364,0,train
2015-08-19 20:00:00,0.800000020001,0.007029586029547226,0,train
2015-08-19 21:00:00,0.800000020001,0.0064646933585890375,0,train
2015-08-19 22:00:00,1.00000003,0.005657553591223765,0,train
2015-08-19 23:00:00,0.90000001,0.004930586701806905,0,train
2015-08-20 00:00:00,1.0,0.004763745882059244,0,train
2015-08-20 01:00:00,0.700000020001,0.004515005046156743,0,train
2015-08-20 02:00:00,0.90000001,0.0044847739432262584,0,train
2015-08-20 03:00:00,1.0,0.004631544407224187,0,train
2015-08-20 04:00:00,0.90000001,0.005087781980721828,0,train
2015-08-20 05:00:00,0.90000001,0.005447817630712193,0,train
2015-08-20 06:00:00,0.90000001,0.005636369278929083,0,train
2015-08-20 07:00:00,1.10000002,0.005474846472952846,0,train
2015-08-20 08:00:00,1.19999999,0.004932135082586898,0,train
2015-08-20 09:00:00,1.1,0.004433406027449633,0,train
2015-08-20 10:00:00,0.800000020001,0.004491979585442212,0,train
2015-08-20 11:00:00,0.800000020001,0.004610120737368664,0,train
2015-08-20 12:00:00,1.10000002,0.004876302721862602,0,train
2015-08-20 13:00:00,1.0,0.005227776321341946,0,train
2015-08-20 14:00:00,0.90000001,0.00563949330834186,0,train
2015-08-20 15:00:00,0.90000001,0.006138993889276243,0,train
2015-08-20 16:00:00,0.90000001,0.0068702858261729975,0,train
2015-08-20 17:00:00,0.90000001,0.007671743378131918,0,train
2015-08-20 18:00:00,1.10000002,0.008225901947108465,0,train
2015-08-20 19:00:00,1.1,0.008306834281687209,0,train
2015-08-20 20:00:00,0.800000020001,0.00789613583226153,0,train
2015-08-20 21:00:00,0.90000001,0.007189173327563116,0,train
2015-08-20 22:00:00,0.80000001,0.006523195347275834,0,train
2015-08-20 23:00:00,1.0,0.006172583814417503,0,train
2015-08-21 00:00:00,0.90000001,0.005939084339643352,0,train
2015-08-21 01:00:00,0.80000001,0.005681671563569909,0,train
2015-08-21 02:00:00,0.800000020001,0.0055178691943983576,0,train
2015-08-21 03:00:00,1.10000002,0.005434211705724353,0,train
2015-08-21 04:00:00,0.800000020001,0.005667866260175425,0,train
2015-08-21 05:00:00,0.800000020001,0.0059329528227970735,0,train
2015-08-21 06:00:00,1.1,0.005961980329378157,0,train
2015-08-21 07:00:00,1.0,0.005846361026279392,0,train
2015-08-21 08:00:00,1.10000002,0.005629394870543185,0,train
2015-08-21 09:00:00,1.00000003,0.005709800693658712,0,train
2015-08-21 10:00:00,0.90000001,0.005643376323676234,0,train
2015-08-21 11:00:00,0.800000020001,0.005805536240143927,0,train
2015-08-21 12:00:00,0.90000001,0.0059660946328972935,0,train
2015-08-21 13:00:00,1.10000002,0.006237707606706533,0,train
2015-08-21 14:00:00,0.90000001,0.006683630455615429,0,train
2015-08-21 15:00:00,0.90000001,0.007286136362840074,0,train
2015-08-21 16:00:00,0.800000020001,0.007920970010261099,0,train
2015-08-21 17:00:00,1.10000002,0.008337384934191026,0,train
2015-08-21 18:00:00,1.1,0.00840608840580917,0,train
2015-08-21 19:00:00,0.800000020001,0.00815250589311636,0,train
2015-08-21 20:00:00,0.90000001,0.007704411800442696,0,train
2015-08-21 21:00:00,0.800000020001,0.0072390889505722185,0,train
2015-08-21 22:00:00,0.90000001,0.00695505497236626,0,train
2015-08-21 23:00:00,1.00000003,0.007042879055063849,0,train
2015-08-22 00:00:00,0.80000001,0.008108353545133342,0,train
2015-08-22 01:00:00,0.90000001,0.008011830812335108,0,train
2015-08-22 02:00:00,0.800000020001,0.007668569265314196,0,train
2015-08-22 03:00:00,1.10000002,0.00725243507323652,0,train
2015-08-22 04:00:00,0.90000001,0.006973891096150617,0,train
2015-08-22 05:00:00,0.700000020001,0.006779450254964406,0,train
2015-08-22 06:00:00,1.0,0.006626509723159517,0,train
2015-08-22 07:00:00,1.10000002,0.006474018788118017,0,train
2015-08-22 08:00:00,1.10000002,0.006339542267349365,0,train
2015-08-22 09:00:00,0.90000001,0.006363087440410806,0,train
2015-08-22 10:00:00,1.0,0.0066780415356996374,0,train
2015-08-22 11:00:00,0.800000020001,0.006646482352355201,0,train
2015-08-22 12:00:00,0.90000001,0.006575854126805271,0,train
2015-08-22 13:00:00,1.10000002,0.006301502696409352,0,train
2015-08-22 14:00:00,0.800000020001,0.006190986883066882,0,train
2015-08-22 15:00:00,1.0,0.006423311671829268,0,train
2015-08-22 16:00:00,0.800000020001,0.006998620836988168,0,train
2015-08-22 17:00:00,1.00000003,0.007631209846307509,0,train
2015-08-22 18:00:00,1.20000004,0.007966855252717236,0,train
2015-08-22 19:00:00,0.800000020001,0.007977166919083211,0,train
2015-08-22 20:00:00,0.800000020001,0.007811766883960903,0,train
2015-08-22 21:00:00,1.1,0.007590481753341454,0,train
2015-08-22 22:00:00,0.800000020001,0.007529081896263417,0,train
2015-08-22 23:00:00,1.0,0.008382698017581743,0,train
2015-08-23 00:00:00,0.90000001,0.009767092800176912,0,train
2015-08-23 01:00:00,0.800000020001,0.010244498656622993,0,train
2015-08-23 02:00:00,0.800000020001,0.009561437750146262,0,train
2015-08-23 03:00:00,0.90000001,0.008657357391989393,0,train
2015-08-23 04:00:00,1.1,0.008129310225064463,0,train
2015-08-23 05:00:00,0.800000020001,0.008030935954298065,0,train
2015-08-23 06:00:00,0.90000001,0.008344594760977863,0,train
2015-08-23 07:00:00,1.0,0.008934474162798755,0,train
2015-08-23 08:00:00,1.10000002,0.00903680918470193,0,train
2015-08-23 09:00:00,0.90000001,0.008124992407735721,0,train
2015-08-23 10:00:00,0.80000001,0.006853364905572332,0,train
2015-08-23 11:00:00,0.90000001,0.005832488586170437,0,train
2015-08-23 12:00:00,0.800000020001,0.005343155889644502,0,train
2015-08-23 13:00:00,0.90000001,0.005379132671966364,0,train
2015-08-23 14:00:00,0.90000001,0.005821671047711978,0,train
2015-08-23 15:00:00,1.00000003,0.006464708738386635,0,train
2015-08-23 16:00:00,1.0,0.007146773370429218,0,train
2015-08-23 17:00:00,0.90000001,0.007773245306885168,0,train
2015-08-23 18:00:00,0.90000001,0.0081693877759409,0,train
2015-08-23 19:00:00,1.1,0.008332992909918574,0,train
2015-08-23 20:00:00,0.800000020001,0.008247129528241727,0,train
2015-08-23 21:00:00,0.80000001,0.007950167180775073,0,train
2015-08-23 22:00:00,1.00000003,0.007925690031115734,0,train
2015-08-23 23:00:00,0.90000001,0.00845226302864729,0,train
2015-08-24 00:00:00,0.90000001,0.013760066060331214,0,train
2015-08-24 01:00:00,0.90000001,0.01696678336478315,0,train
2015-08-24 02:00:00,0.90000003,0.013170389522617247,0,train
2015-08-24 03:00:00,0.800000020001,0.009712947764709436,0,train
2015-08-24 04:00:00,0.90000001,0.008342442841306521,0,train
2015-08-24 05:00:00,1.00000003,0.007176663996169842,0,train
2015-08-24 06:00:00,0.800000020001,0.006444343096079,0,train
2015-08-24 07:00:00,1.10000002,0.006176950955493653,0,train
2015-08-24 08:00:00,1.10000002,0.006229068969566307,0,train
2015-08-24 09:00:00,0.800000020001,0.006538477672428292,0,train
2015-08-24 10:00:00,1.10000002,0.0070325804327424435,0,train
2015-08-24 11:00:00,0.80000001,0.007709345536387589,0,train
2015-08-24 12:00:00,0.90000001,0.008452722581050334,0,train
2015-08-24 13:00:00,1.00000003,0.009082148719396874,0,train
2015-08-24 14:00:00,0.700000020001,0.009323116840346495,0,train
2015-08-24 15:00:00,1.1,0.009079875485687656,0,train
2015-08-24 16:00:00,0.90000001,0.00876204935145427,0,train
2015-08-24 17:00:00,0.90000001,0.008901985439142827,0,train
2015-08-24 18:00:00,1.00000003,0.009362092530861198,0,train
2015-08-24 19:00:00,1.0,0.009644971159649492,0,train
2015-08-24 20:00:00,1.00000003,0.009636208029505466,0,train
2015-08-24 21:00:00,0.800000020001,0.009218485244792865,0,train
2015-08-24 22:00:00,1.00000003,0.008414427934161788,0,train
2015-08-24 23:00:00,0.800000020001,0.007109518975487758,0,train
2015-08-25 00:00:00,0.80000001,0.006841275249322398,0,train
2015-08-25 01:00:00,0.90000001,0.0065058947606025175,0,train
2015-08-25 02:00:00,1.00000003,0.006225673412238063,0,train
2015-08-25 03:00:00,0.800000020001,0.0061919800953155165,0,train
2015-08-25 04:00:00,0.90000001,0.006082220383040913,0,train
2015-08-25 05:00:00,1.10000002,0.00589588204072084,0,train
2015-08-25 06:00:00,0.800000020001,0.0055344162391409366,0,train
2015-08-25 07:00:00,1.10000002,0.004965909281323958,0,train
2015-08-25 08:00:00,1.20000004,0.004484295871729883,0,train
2015-08-25 09:00:00,0.700000020001,0.004419981614243681,0,train
2015-08-25 10:00:00,1.00000003,0.0044743053403794196,0,train
2015-08-25 11:00:00,0.800000020001,0.004641424514221464,0,train
2015-08-25 12:00:00,0.90000001,0.0049360171245513805,0,train
2015-08-25 13:00:00,0.800000020001,0.0052986085996843905,0,train
2015-08-25 14:00:00,1.0,0.005664664146713545,0,train
2015-08-25 15:00:00,0.90000001,0.006070765165902439,0,train
2015-08-25 16:00:00,0.700000020001,0.006527286935291391,0,train
2015-08-25 17:00:00,1.0,0.007005902660043272,0,train
2015-08-25 18:00:00,1.0,0.007392931131922073,0,train
2015-08-25 19:00:00,1.00000003,0.007552343791123085,0,train
2015-08-25 20:00:00,1.0,0.007364781384315085,0,train
2015-08-25 21:00:00,0.700000020001,0.006773249592469372,0,train
2015-08-25 22:00:00,0.800000020001,0.0058324054841164515,0,train
2015-08-25 23:00:00,1.10000002,0.004939869260191248,0,train
2015-08-26 00:00:00,0.800000020001,0.004981202328761613,0,train
2015-08-26 01:00:00,0.90000001,0.004900805982416004,0,train
2015-08-26 02:00:00,0.700000020001,0.004894975611043066,0,train
2015-08-26 03:00:00,0.80000001,0.0048981290162936906,0,train
2015-08-26 04:00:00,1.0,0.005026838827136046,0,train
2015-08-26 05:00:00,0.90000001,0.005199982693294809,0,train
2015-08-26 06:00:00,0.90000001,0.0051933314599201166,0,train
2015-08-26 07:00:00,0.90000001,0.004785257446816854,0,train
2015-08-26 08:00:00,1.30000001,0.004294064629837258,0,train
2015-08-26 09:00:00,0.90000001,0.00407156466218305,0,train
2015-08-26 10:00:00,0.700000020001,0.004157652405800699,0,train
2015-08-26 11:00:00,0.90000001,0.004310194197747609,0,train
2015-08-26 12:00:00,0.90000001,0.004548731337851861,0,train
2015-08-26 13:00:00,0.90000001,0.004855127950063041,0,train
2015-08-26 14:00:00,1.0,0.005203690945788498,0,train
2015-08-26 15:00:00,0.90000001,0.005643593832532021,0,train
2015-08-26 16:00:00,0.800000020001,0.0061323557188955906,0,train
2015-08-26 17:00:00,1.1,0.006640774936382463,0,train
2015-08-26 18:00:00,0.90000001,0.007051378654177621,0,train
2015-08-26 19:00:00,1.0,0.007234082549932815,0,train
2015-08-26 20:00:00,0.800000020001,0.00706889156906564,0,train
2015-08-26 21:00:00,0.800000020001,0.006518357781236893,0,train
2015-08-26 22:00:00,1.1,0.005719156138972609,0,train
2015-08-26 23:00:00,0.800000020001,0.005003749292962606,0,train
2015-08-27 00:00:00,0.700000020001,0.004834821909789594,0,train
2015-08-27 01:00:00,1.00000003,0.004602826226834033,0,train
2015-08-27 02:00:00,0.800000020001,0.004588228825116322,0,train
2015-08-27 03:00:00,0.90000001,0.004726066210406617,0,train
2015-08-27 04:00:00,0.90000001,0.005186266474806254,0,train
2015-08-27 05:00:00,0.90000001,0.0055552872317925295,0,train
2015-08-27 06:00:00,0.90000001,0.005744473360949899,0,train
2015-08-27 07:00:00,3.50000012,0.00575101838235403,0,train
2015-08-27 08:00:00,1.70000001,0.005435959951035851,0,train
2015-08-27 09:00:00,0.800000020001,0.005008136427325663,0,train
2015-08-27 10:00:00,1.10000002,0.005083106579132085,0,train
2015-08-27 11:00:00,0.800000020001,0.005239870849823918,0,train
2015-08-27 12:00:00,0.800000020001,0.0055493948408480934,0,train
2015-08-27 13:00:00,1.00000003,0.0059304525303203945,0,train
2015-08-27 14:00:00,0.90000001,0.006388718946437629,0,train
2015-08-27 15:00:00,1.0,0.006903294011712918,0,train
2015-08-27 16:00:00,0.90000001,0.007564296286411896,0,train
2015-08-27 17:00:00,1.1,0.008356236246107622,0,train
2015-08-27 18:00:00,0.800000020001,0.008949785858654295,0,train
2015-08-27 19:00:00,1.00000003,0.009087804312579419,0,train
2015-08-27 20:00:00,0.90000001,0.008728015068507244,0,train
2015-08-27 21:00:00,0.80000001,0.00806195168432299,0,train
2015-08-27 22:00:00,0.90000001,0.007448738494766698,0,train
2015-08-27 23:00:00,0.800000020001,0.007184198997675382,0,train
2015-08-28 00:00:00,0.90000001,0.006993587828098318,0,train
2015-08-28 01:00:00,1.10000002,0.006842527475866509,0,train
2015-08-28 02:00:00,0.700000020001,0.00669787101869237,0,train
2015-08-28 03:00:00,0.90000001,0.006368877394342874,0,train
2015-08-28 04:00:00,0.90000001,0.006383090215849198,0,train
2015-08-28 05:00:00,0.800000020001,0.006483027133159421,0,train
2015-08-28 06:00:00,1.0,0.006328927590104155,0,train
2015-08-28 07:00:00,1.10000002,0.006179261824706303,0,train
2015-08-28 08:00:00,0.90000001,0.006052774949771727,0,train
2015-08-28 09:00:00,1.00000003,0.006061668584917695,0,train
2015-08-28 10:00:00,1.00000003,0.005960088499523731,0,train
2015-08-28 11:00:00,0.800000020001,0.006073401120527635,0,train
2015-08-28 12:00:00,0.90000001,0.006245142717481578,0,train
2015-08-28 13:00:00,0.800000020001,0.006506406337326912,0,train
2015-08-28 14:00:00,1.0,0.006935491876383921,0,train
2015-08-28 15:00:00,1.0,0.0075227407805407,0,train
2015-08-28 16:00:00,0.800000020001,0.008151523279066932,0,train
2015-08-28 17:00:00,1.1,0.008584669260678262,0,train
2015-08-28 18:00:00,1.0,0.008638040291384853,0,train
2015-08-28 19:00:00,0.800000020001,0.008362262396615824,0,train
2015-08-28 20:00:00,1.10000002,0.007886753694707543,0,train
2015-08-28 21:00:00,0.90000001,0.007398245066323429,0,train
2015-08-28 22:00:00,0.800000020001,0.007091505012406012,0,train
2015-08-28 23:00:00,0.800000020001,0.007154011284477255,0,train
2015-08-29 00:00:00,1.10000002,0.008130040194771834,0,train
2015-08-29 01:00:00,0.800000020001,0.00801080616894908,0,train
2015-08-29 02:00:00,0.800000020001,0.007627202257479425,0,train
2015-08-29 03:00:00,0.800000020001,0.0071844869556006215,0,train
2015-08-29 04:00:00,0.90000001,0.00690474267633794,0,train
2015-08-29 05:00:00,0.90000001,0.006751379054656515,0,train
2015-08-29 06:00:00,0.90000001,0.006672462742156535,0,train
2015-08-29 07:00:00,1.10000002,0.006487007664873941,0,train
2015-08-29 08:00:00,0.90000001,0.006362218409736661,0,train
2015-08-29 09:00:00,0.90000001,0.006369500592381218,0,train
2015-08-29 10:00:00,1.0,0.006683047243877799,0,train
2015-08-29 11:00:00,0.800000020001,0.00667008850698557,0,train
2015-08-29 12:00:00,0.90000001,0.006586693227429034,0,train
2015-08-29 13:00:00,0.800000020001,0.006324783677344348,0,train
2015-08-29 14:00:00,0.90000001,0.006220206583731482,0,train
2015-08-29 15:00:00,1.10000002,0.006452181717428888,0,train
2015-08-29 16:00:00,0.800000020001,0.007033109280367694,0,train
2015-08-29 17:00:00,1.00000003,0.007676439836842431,0,train
2015-08-29 18:00:00,1.00000003,0.008002171295086123,0,train
2015-08-29 19:00:00,0.800000020001,0.007986018547318887,0,train
2015-08-29 20:00:00,1.00000003,0.007809313364748042,0,train
2015-08-29 21:00:00,0.90000001,0.007588949249896746,0,train
2015-08-29 22:00:00,0.800000020001,0.007527291977721587,0,train
2015-08-29 23:00:00,0.90000001,0.008349655559143927,0,train
2015-08-30 00:00:00,0.800000020001,0.00966179523645015,0,train
2015-08-30 01:00:00,1.0,0.010120806641381631,0,train
2015-08-30 02:00:00,0.800000020001,0.00944459651496878,0,train
2015-08-30 03:00:00,0.90000001,0.008590079711434287,0,train
2015-08-30 04:00:00,0.90000001,0.008083971446025084,0,train
2015-08-30 05:00:00,1.1,0.007989001574989725,0,train
2015-08-30 06:00:00,0.90000001,0.008324378896528845,0,train
2015-08-30 07:00:00,1.00000003,0.008891158703068325,0,train
2015-08-30 08:00:00,0.90000001,0.009027439626528947,0,train
2015-08-30 09:00:00,1.0,0.008133380008473568,0,train
2015-08-30 10:00:00,0.800000020001,0.006869653613766782,0,train
2015-08-30 11:00:00,1.19999999,0.00585149150701912,0,train
2015-08-30 12:00:00,0.800000020001,0.005362171902211568,0,train
2015-08-30 13:00:00,0.800000020001,0.005396268859100845,0,train
2015-08-30 14:00:00,1.10000002,0.005863320131360428,0,train
2015-08-30 15:00:00,0.800000020001,0.0064883183042685555,0,train
2015-08-30 16:00:00,0.90000001,0.007157516986219814,0,train
2015-08-30 17:00:00,1.0,0.007772516745716711,0,train
2015-08-30 18:00:00,1.00000003,0.008168074769265295,0,train
2015-08-30 19:00:00,0.90000001,0.008340775561694434,0,train
2015-08-30 20:00:00,0.90000001,0.0082516593657673,0,train
2015-08-30 21:00:00,0.90000001,0.007947214336581928,0,train
2015-08-30 22:00:00,1.00000003,0.007924934280783915,0,train
2015-08-30 23:00:00,0.80000001,0.008445344282213147,0,train
2015-08-31 00:00:00,0.800000020001,0.013731981658581128,0,train
2015-08-31 01:00:00,0.90000001,0.01690271419560517,0,train
2015-08-31 02:00:00,0.80000001,0.013058811202177657,0,train
2015-08-31 03:00:00,0.90000001,0.009705668478511545,0,train
2015-08-31 04:00:00,1.0,0.008347906833045843,0,train
2015-08-31 05:00:00,0.700000020001,0.0071845128119830595,0,train
2015-08-31 06:00:00,1.00000003,0.006434968822776516,0,train
2015-08-31 07:00:00,1.10000002,0.006155086792602484,0,train
2015-08-31 08:00:00,1.10000002,0.006208499805858208,0,train
2015-08-31 09:00:00,1.0,0.00650998080284896,0,train
2015-08-31 10:00:00,0.800000020001,0.00699367031851051,0,train
2015-08-31 11:00:00,1.00000003,0.007645753276994678,0,train
2015-08-31 12:00:00,1.0,0.008373052199319142,0,train
2015-08-31 13:00:00,0.90000001,0.009035882774097625,0,train
2015-08-31 14:00:00,1.00000003,0.009294451153025322,0,train
2015-08-31 15:00:00,0.90000001,0.009048633225620446,0,train
2015-08-31 16:00:00,0.800000020001,0.008746889755119015,0,train
2015-08-31 17:00:00,1.1,0.008890451487477944,0,train
2015-08-31 18:00:00,0.90000001,0.009352649264426579,0,train
2015-08-31 19:00:00,0.90000001,0.009642188206800852,0,train
2015-08-31 20:00:00,0.90000001,0.009634684795671502,0,train
2015-08-31 21:00:00,0.80000001,0.009219669855889524,0,train
2015-08-31 22:00:00,1.0,0.008414044561091636,0,train
2015-08-31 23:00:00,0.80000001,0.007103254643553513,0,train
2015-09-01 00:00:00,0.90000001,0.006850430723686949,0,train
2015-09-01 01:00:00,0.800000020001,0.006529860689782838,0,train
2015-09-01 02:00:00,1.0,0.006278485967215189,0,train
2015-09-01 03:00:00,0.90000001,0.006258431911701605,0,train
2015-09-01 04:00:00,0.90000001,0.006160789245935112,0,train
2015-09-01 05:00:00,0.90000001,0.005982729611339345,0,train
2015-09-01 06:00:00,0.80000001,0.005620602200361493,0,train
2015-09-01 07:00:00,1.30000001,0.0050725870349864685,0,train
2015-09-01 08:00:00,1.89999999,0.004579200356839453,0,train
2015-09-01 09:00:00,3.6,0.004627344500425056,0,train
2015-09-01 10:00:00,2.6,0.00482675530716538,0,train
2015-09-01 11:00:00,3.0,0.0050805302924695804,0,train
2015-09-01 12:00:00,4.1,0.005657251763688395,0,train
2015-09-01 13:00:00,1.39999998,0.006365979221878716,0,train
2015-09-01 14:00:00,1.10000002,0.0068274979648613,0,train
2015-09-01 15:00:00,0.800000020001,0.007256540892017052,0,train
2015-09-01 16:00:00,1.19999999,0.007730489792755505,0,train
2015-09-01 17:00:00,0.90000001,0.008264280808684616,0,train
2015-09-01 18:00:00,1.1,0.008787826228266314,0,train
2015-09-01 19:00:00,1.00000003,0.009106347900825219,0,train
2015-09-01 20:00:00,0.90000001,0.009084432239535678,0,train
2015-09-01 21:00:00,1.1,0.008665179278407561,0,train
2015-09-01 22:00:00,1.0,0.007934414305801456,0,train
2015-09-01 23:00:00,0.800000020001,0.007335322387627758,0,train
2015-09-02 00:00:00,1.1,0.007431073918640814,0,train
2015-09-02 01:00:00,1.0,0.0072846643206201924,0,train
2015-09-02 02:00:00,1.00000003,0.007063067537792695,0,train
2015-09-02 03:00:00,0.800000020001,0.006881350888698073,0,train
2015-09-02 04:00:00,1.0,0.006906242220576612,0,train
2015-09-02 05:00:00,0.800000020001,0.006924457757012978,0,train
2015-09-02 06:00:00,1.20000004,0.006747611647997805,0,train
2015-09-02 07:00:00,1.39999998,0.006308537536403506,0,train
2015-09-02 08:00:00,3.3,0.005946476347136832,0,train
2015-09-02 09:00:00,5.4000001,0.006452505610993809,0,train
2015-09-02 10:00:00,4.5,0.0070756900833151525,0,train
2015-09-02 11:00:00,8.9000001,0.008836092857684547,0,train
2015-09-02 12:00:00,11.0999999,0.01248192003445234,0,train
2015-09-02 13:00:00,2.975,0.015699287849356033,0,train
2015-09-02 14:00:00,10.6999998,0.019421065707933297,0,train
2015-09-02 15:00:00,5.4,0.022984203591810505,1,train
2015-09-02 16:00:00,2.5,0.024834485241347366,1,train
2015-09-02 17:00:00,1.60000002,0.026156522586222575,1,train
2015-09-02 18:00:00,1.5,0.02718934458251192,1,train
2015-09-02 19:00:00,1.69999999,0.02800648415051378,1,train
2015-09-02 20:00:00,1.39999998,0.028489758271784446,1,train
2015-09-02 21:00:00,1.5,0.028341215573099744,1,train
2015-09-02 22:00:00,1.40000003,0.027534338101856702,1,train
2015-09-02 23:00:00,1.5,0.026475852838732924,1,train
2015-09-03 00:00:00,1.00000003,0.026245117650604364,1,train
2015-09-03 01:00:00,1.39999998,0.026717227366280977,1,train
2015-09-03 02:00:00,1.40000003,0.027195358400352608,1,train
2015-09-03 03:00:00,1.5,0.02639986497333524,1,train
2015-09-03 04:00:00,1.30000001,0.024903899682421727,1,train
2015-09-03 05:00:00,1.39999998,0.022623129151312177,1,train
2015-09-03 06:00:00,1.30000001,0.02172471377526712,1,train
2015-09-03 07:00:00,2.7,0.022137426170434845,1,train
2015-09-03 08:00:00,4.8,0.02198003124142246,1,train
2015-09-03 09:00:00,6.8,0.02199004922646604,1,train
2015-09-03 10:00:00,8.1000002,0.022626335546928042,1,train
2015-09-03 11:00:00,9.3000002,0.023972501699663112,1,train
2015-09-03 12:00:00,10.5,0.0254568220607177,1,train
2015-09-03 13:00:00,2.905,0.02557826056220526,1,train
2015-09-03 14:00:00,11.4000001,0.02502502904872072,1,train
2015-09-03 15:00:00,6.0000002,0.023070517709779335,1,train
2015-09-03 16:00:00,2.7,0.022140466688402,1,train
2015-09-03 17:00:00,1.79999996,0.022262469273531735,1,train
2015-09-03 18:00:00,1.60000002,0.02315341435673605,1,train
2015-09-03 19:00:00,1.40000003,0.024174293827084036,1,train
2015-09-03 20:00:00,1.39999998,0.02468855755515964,1,train
2015-09-03 21:00:00,1.40000003,0.024468992049723214,1,train
2015-09-03 22:00:00,1.5,0.023689932951489624,1,train
2015-09-03 23:00:00,1.30000001,0.022744168118899698,1,train
2015-09-04 00:00:00,1.00000003,0.022429816926140062,1,train
2015-09-04 01:00:00,1.30000001,0.021722371927478158,1,train
2015-09-04 02:00:00,1.40000003,0.021263227286899604,0,train
2015-09-04 03:00:00,1.40000003,0.021353041921889374,0,train
2015-09-04 04:00:00,1.30000001,0.022000345189142134,1,train
2015-09-04 05:00:00,1.20000004,0.022684926591915563,1,train
2015-09-04 06:00:00,1.30000001,0.023009437085455598,1,train
2015-09-04 07:00:00,2.5,0.02272422417281662,1,train
2015-09-04 08:00:00,3.7,0.0221998235801975,1,train
2015-09-04 09:00:00,7.3,0.022004061815469534,1,train
2015-09-04 10:00:00,7.3999998,0.022248120999144992,1,train
2015-09-04 11:00:00,10.6999998,0.02230778119910551,1,train
2015-09-04 12:00:00,11.4000001,0.021591766346953412,1,train
2015-09-04 13:00:00,2.4575,0.022188863186935928,1,train
2015-09-04 14:00:00,4.195,0.020417809741616093,0,train
2015-09-04 15:00:00,2.6,0.018561571738960288,0,train
2015-09-04 16:00:00,1.40000003,0.018443479549762994,0,train
2015-09-04 17:00:00,1.10000002,0.01900081747303338,0,train
2015-09-04 18:00:00,1.30000001,0.019733917442274807,0,train
2015-09-04 19:00:00,1.0,0.02035103469932023,0,train
2015-09-04 20:00:00,0.800000020001,0.020672891051551786,0,train
2015-09-04 21:00:00,1.10000002,0.020709504516121673,0,train
2015-09-04 22:00:00,0.90000001,0.020616747924502722,0,train
2015-09-04 23:00:00,0.90000001,0.020560222638421936,0,train
2015-09-05 00:00:00,1.20000004,0.021444034321987805,1,train
2015-09-05 01:00:00,0.90000001,0.021231883388796734,0,train
2015-09-05 02:00:00,0.90000001,0.020804727626483523,0,train
2015-09-05 03:00:00,0.90000001,0.02107477808118769,0,train
2015-09-05 04:00:00,1.10000002,0.022312762906496166,1,train
2015-09-05 05:00:00,0.800000020001,0.02285941110464278,1,train
2015-09-05 06:00:00,1.0,0.022412283858920353,1,train
2015-09-05 07:00:00,1.20000004,0.021394559023628443,1,train
2015-09-05 08:00:00,1.10000002,0.020542417602666323,0,train
2015-09-05 09:00:00,0.90000001,0.019939350784899865,0,train
2015-09-05 10:00:00,1.00000003,0.017895752417866142,0,train
2015-09-05 11:00:00,0.90000001,0.015717802645008026,0,train
2015-09-05 12:00:00,1.00000003,0.013098671608461286,0,train
2015-09-05 13:00:00,1.00000003,0.011471267125748485,0,train
2015-09-05 14:00:00,0.90000001,0.010109481433025112,0,train
2015-09-05 15:00:00,1.00000003,0.009824030147751519,0,train
2015-09-05 16:00:00,0.800000020001,0.009947442234196755,0,train
2015-09-05 17:00:00,1.19999999,0.010385244559269218,0,train
2015-09-05 18:00:00,1.00000003,0.011160749989655865,0,train
2015-09-05 19:00:00,0.800000020001,0.012175946866154677,0,train
2015-09-05 20:00:00,1.0,0.012265135100460074,0,train
2015-09-05 21:00:00,1.00000003,0.012470935986658065,0,train
2015-09-05 22:00:00,0.90000001,0.012837373840016077,0,train
2015-09-05 23:00:00,0.90000001,0.013468256631884872,0,train
2015-09-06 00:00:00,1.00000003,0.01395458124293904,0,train
2015-09-06 01:00:00,0.800000020001,0.014396518303608193,0,train
2015-09-06 02:00:00,1.0,0.014692610209088734,0,train
2015-09-06 03:00:00,1.0,0.014935324461867789,0,train
2015-09-06 04:00:00,0.90000001,0.015143522088962165,0,train
2015-09-06 05:00:00,0.90000001,0.015401512684415456,0,train
2015-09-06 06:00:00,1.10000002,0.0158387790480209,0,train
2015-09-06 07:00:00,1.0,0.016680218518191573,0,train
2015-09-06 08:00:00,1.10000002,0.01760772617892301,0,train
2015-09-06 09:00:00,0.90000001,0.016707790205367556,0,train
2015-09-06 10:00:00,0.90000001,0.012812255527037044,0,train
2015-09-06 11:00:00,1.0,0.00813178336418492,0,train
2015-09-06 12:00:00,0.800000020001,0.005262413000947295,0,train
2015-09-06 13:00:00,1.19999999,0.005156456769743667,0,train
2015-09-06 14:00:00,0.90000001,0.00531268551650981,0,train
2015-09-06 15:00:00,0.800000020001,0.005999910323389689,0,train
2015-09-06 16:00:00,1.00000003,0.006828806197139065,0,train
2015-09-06 17:00:00,1.0,0.007557202242346732,0,train
2015-09-06 18:00:00,0.90000001,0.0081209210799228,0,train
2015-09-06 19:00:00,1.10000002,0.008491110138459003,0,train
2015-09-06 20:00:00,0.90000001,0.00860518508982776,0,train
2015-09-06 21:00:00,0.90000001,0.008358038370515781,0,train
2015-09-06 22:00:00,0.90000001,0.007671683237717142,0,train
2015-09-06 23:00:00,1.0,0.0076724377438758635,0,train
2015-09-07 00:00:00,0.90000003,0.014299912380312519,0,train
2015-09-07 01:00:00,0.90000001,0.018688124790520625,0,train
2015-09-07 02:00:00,0.90000001,0.013955002223134767,0,train
2015-09-07 03:00:00,0.90000001,0.008558519174954305,0,train
2015-09-07 04:00:00,0.90000001,0.0075975245842509875,0,train
2015-09-07 05:00:00,1.0,0.007809497576311518,0,train
2015-09-07 06:00:00,0.90000001,0.008729976385124336,0,train
2015-09-07 07:00:00,2.3,0.009284706648877412,0,train
2015-09-07 08:00:00,3.6,0.00940530790115789,0,train
2015-09-07 09:00:00,6.7000001,0.00982197412810601,0,train
2015-09-07 10:00:00,6.0999999,0.010408232001469639,0,train
2015-09-07 11:00:00,8.5999999,0.011442836178415289,0,train
2015-09-07 12:00:00,10.5999999,0.013281340756137279,0,train
2015-09-07 13:00:00,12.3000002,0.01595962243535005,0,train
2015-09-07 14:00:00,11.0999999,0.018571906939067236,0,train
2015-09-07 15:00:00,3.4,0.019802191186803885,0,train
2015-09-07 16:00:00,1.5,0.02112515026365478,0,train
2015-09-07 17:00:00,1.5,0.019627320403736635,0,train
2015-09-07 18:00:00,1.30000001,0.018074970826055005,0,train
2015-09-07 19:00:00,1.10000002,0.017573065974720616,0,train
2015-09-07 20:00:00,1.10000002,0.01806990052868412,0,train
2015-09-07 21:00:00,1.10000002,0.01832196680321424,0,train
2015-09-07 22:00:00,1.20000004,0.01746404164499141,0,train
2015-09-07 23:00:00,1.30000001,0.015373011545921,0,train
2015-09-08 00:00:00,1.19999999,0.014825339669014599,0,train
2015-09-08 01:00:00,1.19999999,0.014280962235188845,0,train
2015-09-08 02:00:00,1.10000002,0.014124937475622074,0,train
2015-09-08 03:00:00,1.10000002,0.014348265316266061,0,train
2015-09-08 04:00:00,1.20000004,0.014561235606556994,0,train
2015-09-08 05:00:00,1.10000002,0.014598502541664215,0,train
2015-09-08 06:00:00,1.19999999,0.014063342289502796,0,train
2015-09-08 07:00:00,2.4,0.013236484807618446,0,train
2015-09-08 08:00:00,3.7999999,0.012703556961421484,0,train
2015-09-08 09:00:00,6.0,0.012486746430223836,0,train
2015-09-08 10:00:00,6.0,0.012655932095375582,0,train
2015-09-08 11:00:00,9.5999999,0.01326062936434066,0,train
2015-09-08 12:00:00,10.9000001,0.013207521392983281,0,train
2015-09-08 13:00:00,4.535,0.013213169096089649,0,train
2015-09-08 14:00:00,10.8000002,0.012824840231696806,0,train
2015-09-08 15:00:00,4.8,0.012033623227589349,0,train
2015-09-08 16:00:00,1.39999998,0.011962963929791022,0,train
2015-09-08 17:00:00,1.40000003,0.012106689558326953,0,train
2015-09-08 18:00:00,1.30000001,0.012406232055508573,0,train
2015-09-08 19:00:00,1.20000004,0.012734339690405565,0,train
2015-09-08 20:00:00,1.0,0.012901910614769087,0,train
2015-09-08 21:00:00,1.5,0.012913602658206664,0,train
2015-09-08 22:00:00,1.00000003,0.012669440811701497,0,train
2015-09-08 23:00:00,1.10000002,0.012270820366094157,0,train
2015-09-09 00:00:00,1.10000002,0.012009990862979741,0,train
2015-09-09 01:00:00,1.10000002,0.011671582235488493,0,train
2015-09-09 02:00:00,1.10000002,0.011752682789290817,0,train
2015-09-09 03:00:00,1.30000001,0.01174413162563227,0,train
2015-09-09 04:00:00,1.00000003,0.012005036829316404,0,train
2015-09-09 05:00:00,1.19999999,0.012309854468822745,0,train
2015-09-09 06:00:00,1.10000002,0.0119696569181179,0,train
2015-09-09 07:00:00,2.5,0.01126649405973493,0,train
2015-09-09 08:00:00,3.8,0.010518000172424925,0,train
2015-09-09 09:00:00,8.6999998,0.010176116658880878,0,train
2015-09-09 10:00:00,8.1000002,0.01025014215056249,0,train
2015-09-09 11:00:00,9.6000004,0.009989913417965752,0,train
2015-09-09 12:00:00,12.0999999,0.009331048970898155,0,train
2015-09-09 13:00:00,2.82,0.00934674570258409,0,train
2015-09-09 14:00:00,11.0,0.009860402006073497,0,train
2015-09-09 15:00:00,5.4999998,0.009465145858279555,0,train
2015-09-09 16:00:00,2.8,0.009326562757929873,0,train
2015-09-09 17:00:00,1.39999998,0.009376500359563847,0,train
2015-09-09 18:00:00,1.20000004,0.00959316404378129,0,train
2015-09-09 19:00:00,1.20000004,0.00972034396978546,0,train
2015-09-09 20:00:00,1.30000001,0.009642010241694761,0,train
2015-09-09 21:00:00,1.20000004,0.009517536336614821,0,train
2015-09-09 22:00:00,1.0,0.009314241497240626,0,train
2015-09-09 23:00:00,1.40000003,0.009033367409229718,0,train
2015-09-10 00:00:00,1.19999999,0.009109416412147525,0,train
2015-09-10 01:00:00,1.19999999,0.008983130944180436,0,train
2015-09-10 02:00:00,1.19999999,0.009188467188229405,0,train
2015-09-10 03:00:00,1.0,0.00944839599565682,0,train
2015-09-10 04:00:00,0.800000020001,0.00961316562156007,0,train
2015-09-10 05:00:00,1.5,0.009663912238174227,0,train
2015-09-10 06:00:00,1.10000002,0.009584517499670684,0,train
2015-09-10 07:00:00,2.29999998,0.009571582575991826,0,train
2015-09-10 08:00:00,3.8,0.009871617686234947,0,train
2015-09-10 09:00:00,7.4000001,0.010300231594581422,0,train
2015-09-10 10:00:00,11.5,0.011286605642296305,0,train
2015-09-10 11:00:00,11.7000003,0.011788179430427988,0,train
2015-09-10 12:00:00,6.3975,0.010979282759198298,0,train
2015-09-10 13:00:00,2.5475,0.01134360380636318,0,train
2015-09-10 14:00:00,5.8375,0.010459560500984271,0,train
2015-09-10 15:00:00,6.8000002,0.009482089621784878,0,train
2015-09-10 16:00:00,2.09999999,0.009531873195571734,0,train
2015-09-10 17:00:00,1.39999998,0.009610101752538644,0,train
2015-09-10 18:00:00,1.40000003,0.009789172588246037,0,train
2015-09-10 19:00:00,1.60000002,0.009947237216681703,0,train
2015-09-10 20:00:00,1.30000001,0.009905859551408068,0,train
2015-09-10 21:00:00,1.30000001,0.00974510364349983,0,train
2015-09-10 22:00:00,1.20000004,0.009564735248201506,0,train
2015-09-10 23:00:00,1.30000001,0.009610352545746152,0,train
2015-09-11 00:00:00,1.00000003,0.009759233317836024,0,train
2015-09-11 01:00:00,1.19999999,0.009847510291663931,0,train
2015-09-11 02:00:00,1.30000001,0.010091116872355265,0,train
2015-09-11 03:00:00,1.10000002,0.010393038384042957,0,train
2015-09-11 04:00:00,1.10000002,0.010285734144216956,0,train
2015-09-11 05:00:00,1.39999998,0.010340558980612913,0,train
2015-09-11 06:00:00,1.10000002,0.009997682198856288,0,train
2015-09-11 07:00:00,2.60000001,0.00980992504812894,0,train
2015-09-11 08:00:00,4.5,0.010335619535965186,0,train
2015-09-11 09:00:00,8.0000002,0.011055399768586525,0,train
2015-09-11 10:00:00,7.6999998,0.011197072227468113,0,train
2015-09-11 11:00:00,10.0999999,0.009960395765259516,0,train
2015-09-11 12:00:00,9.9000001,0.007932333840686112,0,train
2015-09-11 13:00:00,2.4675,0.009905832244317422,0,train
2015-09-11 14:00:00,10.5,0.009632368995198032,0,train
2015-09-11 15:00:00,2.5,0.010452129382412247,0,train
2015-09-11 16:00:00,1.0,0.010445875549647926,0,train
2015-09-11 17:00:00,1.00000003,0.010744471832084036,0,train
2015-09-11 18:00:00,1.20000004,0.01100674499045508,0,train
2015-09-11 19:00:00,0.90000001,0.01122980640789946,0,train
2015-09-11 20:00:00,1.10000002,0.011390498188768115,0,train
2015-09-11 21:00:00,1.10000002,0.01152850695920236,0,train
2015-09-11 22:00:00,1.00000003,0.011769276794289825,0,train
2015-09-11 23:00:00,0.90000001,0.012265767208162517,0,train
2015-09-12 00:00:00,1.00000003,0.013392794183216008,0,train
2015-09-12 01:00:00,0.90000001,0.013170768405796038,0,train
2015-09-12 02:00:00,1.0,0.012903835334003803,0,train
2015-09-12 03:00:00,1.10000002,0.013671318017401334,0,train
2015-09-12 04:00:00,1.00000003,0.015242970275103617,0,train
2015-09-12 05:00:00,0.90000001,0.015817611441084362,0,train
2015-09-12 06:00:00,1.00000003,0.015149237117937862,0,train
2015-09-12 07:00:00,1.00000003,0.014459303712777203,0,train
2015-09-12 08:00:00,1.19999999,0.014526073457885948,0,train
2015-09-12 09:00:00,0.90000001,0.014083477473047803,0,train
2015-09-12 10:00:00,1.0,0.013205928804825242,0,train
2015-09-12 11:00:00,0.90000001,0.011544127745733782,0,train
2015-09-12 12:00:00,1.0,0.009787633767221738,0,train
2015-09-12 13:00:00,1.00000003,0.009681604893864722,0,train
2015-09-12 14:00:00,1.00000003,0.00926218860416703,0,train
2015-09-12 15:00:00,1.00000003,0.007995656310728839,0,train
2015-09-12 16:00:00,1.0,0.008118506177004572,0,train
2015-09-12 17:00:00,1.0,0.008306884072645876,0,train
2015-09-12 18:00:00,1.30000001,0.008727659267457883,0,train
2015-09-12 19:00:00,1.0,0.009311116286337767,0,train
2015-09-12 20:00:00,0.800000020001,0.00910700786524135,0,train
2015-09-12 21:00:00,1.00000003,0.008890169231670419,0,train
2015-09-12 22:00:00,0.90000001,0.008828599039228602,0,train
2015-09-12 23:00:00,1.20000004,0.009079310785470172,0,train
2015-09-13 00:00:00,0.800000020001,0.009301918268343087,0,train
2015-09-13 01:00:00,0.90000001,0.009234593185368468,0,train
2015-09-13 02:00:00,1.00000003,0.00903304287772637,0,train
2015-09-13 03:00:00,0.90000001,0.00879728585578495,0,train
2015-09-13 04:00:00,0.90000001,0.008561897004590972,0,train
2015-09-13 05:00:00,1.10000002,0.008351078207322992,0,train
2015-09-13 06:00:00,0.90000001,0.00822666602308719,0,train
2015-09-13 07:00:00,1.20000004,0.008329767989123407,0,train
2015-09-13 08:00:00,1.40000003,0.008551949847955828,0,train
2015-09-13 09:00:00,0.90000001,0.008447621874864194,0,train
2015-09-13 10:00:00,0.90000001,0.007958648395180906,0,train
2015-09-13 11:00:00,1.10000002,0.00684758562694148,0,train
2015-09-13 12:00:00,0.90000001,0.005951203339750065,0,train
2015-09-13 13:00:00,1.00000003,0.006337109620430851,0,train
2015-09-13 14:00:00,1.00000003,0.00531772179314036,0,train
2015-09-13 15:00:00,1.0,0.00559036454883257,0,train
2015-09-13 16:00:00,0.800000020001,0.0060127026556726325,0,train
2015-09-13 17:00:00,1.0,0.006474771920027933,0,train
2015-09-13 18:00:00,1.29999999,0.007002000253583726,0,train
2015-09-13 19:00:00,0.90000001,0.007820613769333832,0,train
2015-09-13 20:00:00,0.90000001,0.00853732207669024,0,train
2015-09-13 21:00:00,1.0,0.008966230466059634,0,train
2015-09-13 22:00:00,0.700000020001,0.009244154866244044,0,train
2015-09-13 23:00:00,1.10000002,0.009601528473305006,0,train
2015-09-14 00:00:00,1.19999999,0.01557513965290797,0,train
2015-09-14 01:00:00,0.80000001,0.020924595713949615,0,train
2015-09-14 02:00:00,1.0,0.018604681418838028,0,train
2015-09-14 03:00:00,1.10000002,0.010623435342636656,0,train
2015-09-14 04:00:00,1.0,0.008672465085507437,0,train
2015-09-14 05:00:00,1.0,0.008493468335074607,0,train
2015-09-14 06:00:00,0.90000001,0.00876391116052525,0,train
2015-09-14 07:00:00,2.8,0.00872496365756649,0,train
2015-09-14 08:00:00,2.7,0.008250635693719808,0,train
2015-09-14 09:00:00,7.2000001,0.008183561507955493,0,train
2015-09-14 10:00:00,6.2999997,0.008246048126150625,0,train
2015-09-14 11:00:00,10.5999999,0.009098396616202391,0,train
2015-09-14 12:00:00,11.8999996,0.010614684767540142,0,train
2015-09-14 13:00:00,4.78,0.012287251442639282,0,train
2015-09-14 14:00:00,11.7000003,0.014334465253683449,0,train
2015-09-14 15:00:00,3.9,0.01682097302200333,0,train
2015-09-14 16:00:00,1.60000002,0.016688238981198877,0,train
2015-09-14 17:00:00,1.69999999,0.015425752852733532,0,train
2015-09-14 18:00:00,1.69999999,0.0145871401552599,0,train
2015-09-14 19:00:00,1.10000002,0.013878300359608155,0,train
2015-09-14 20:00:00,1.5,0.013909770888575573,0,train
2015-09-14 21:00:00,1.60000002,0.014003065025588783,0,train
2015-09-14 22:00:00,1.30000001,0.013254349844439918,0,train
2015-09-14 23:00:00,1.40000003,0.011297148887143428,0,train
2015-09-15 00:00:00,1.40000003,0.011066489672725282,0,train
2015-09-15 01:00:00,1.30000001,0.01083262177163866,0,train
2015-09-15 02:00:00,1.40000003,0.010898904806035904,0,train
2015-09-15 03:00:00,1.5,0.011358121219893694,0,train
2015-09-15 04:00:00,1.39999998,0.011724197759071417,0,train
2015-09-15 05:00:00,1.30000001,0.012075665245332486,0,train
2015-09-15 06:00:00,1.60000002,0.011762716499235874,0,train
2015-09-15 07:00:00,2.99999999,0.011163680829485531,0,train
2015-09-15 08:00:00,3.3,0.011048465175131772,0,train
2015-09-15 09:00:00,7.8000002,0.011576822007686977,0,train
2015-09-15 10:00:00,7.2999999,0.012461273262698507,0,train
2015-09-15 11:00:00,9.4000001,0.0129814511305329,0,train
2015-09-15 12:00:00,7.3725,0.011869921897337318,0,train
2015-09-15 13:00:00,4.65,0.009947121602128602,0,train
2015-09-15 14:00:00,10.6000004,0.009560951234661585,0,train
2015-09-15 15:00:00,3.5,0.008818202007340275,0,train
2015-09-15 16:00:00,1.99999998,0.008596923446787856,0,train
2015-09-15 17:00:00,1.80000001,0.008523150957785641,0,train
2015-09-15 18:00:00,1.60000002,0.008731235629567789,0,train
2015-09-15 19:00:00,1.5,0.009001371791743895,0,train
2015-09-15 20:00:00,1.40000003,0.009188031284565225,0,train
2015-09-15 21:00:00,1.69999999,0.009279953814618132,0,train
2015-09-15 22:00:00,1.30000001,0.009103082357344045,0,train
2015-09-15 23:00:00,1.40000003,0.008813022751183262,0,train
2015-09-16 00:00:00,1.5,0.008655417486594546,0,train
2015-09-16 01:00:00,1.39999998,0.008451769984134747,0,train
2015-09-16 02:00:00,1.39999998,0.008500309196851042,0,train
2015-09-16 03:00:00,1.5,0.008581861195490493,0,train
2015-09-16 04:00:00,1.30000001,0.008797489530761125,0,train
2015-09-16 05:00:00,1.5,0.009179641754855769,0,train
2015-09-16 06:00:00,1.39999998,0.00928481810074994,0,train
2015-09-16 07:00:00,2.9,0.009281863117997342,0,train
2015-09-16 08:00:00,3.7,0.009284185861857135,0,train
2015-09-16 09:00:00,6.8999999,0.009350261846198584,0,train
2015-09-16 10:00:00,6.5,0.009397966885242545,0,train
2015-09-16 11:00:00,9.5999999,0.008584714019606586,0,train
2015-09-16 12:00:00,12.3000002,0.007708102883454762,0,train
2015-09-16 13:00:00,3.055,0.00982507232978011,0,train
2015-09-16 14:00:00,11.5999999,0.009740996247772298,0,train
2015-09-16 15:00:00,6.0000002,0.009536218691795035,0,train
2015-09-16 16:00:00,1.79999996,0.009518342655099977,0,train
2015-09-16 17:00:00,1.80000001,0.009567204229792172,0,train
2015-09-16 18:00:00,1.69999999,0.00976633852643372,0,train
2015-09-16 19:00:00,1.39999998,0.009890650140257489,0,train
2015-09-16 20:00:00,1.30000001,0.009870402405713885,0,train
2015-09-16 21:00:00,1.79999996,0.009804499317164607,0,train
2015-09-16 22:00:00,1.60000002,0.009560905314429574,0,train
2015-09-16 23:00:00,1.39999998,0.009218695762143092,0,train
2015-09-17 00:00:00,1.5,0.009272732865818535,0,train
2015-09-17 01:00:00,1.5,0.009090859190472622,0,train
2015-09-17 02:00:00,1.30000001,0.009182637343270668,0,train
2015-09-17 03:00:00,1.39999998,0.00933979048425675,0,train
2015-09-17 04:00:00,1.39999998,0.009430162361452771,0,train
2015-09-17 05:00:00,1.39999998,0.009456482664646071,0,train
2015-09-17 06:00:00,1.60000002,0.009370939216444413,0,train
2015-09-17 07:00:00,3.0,0.00945742401203256,0,train
2015-09-17 08:00:00,3.6999999,0.009794107469566443,0,train
2015-09-17 09:00:00,7.6000002,0.01001354822766609,0,train
2015-09-17 10:00:00,8.0,0.010995948793117024,0,train
2015-09-17 11:00:00,8.8,0.01126026667639827,0,train
2015-09-17 12:00:00,10.0,0.010089712321903286,0,train
2015-09-17 13:00:00,2.8175,0.010792267848339893,0,train
2015-09-17 14:00:00,12.3000002,0.010467015156436082,0,train
2015-09-17 15:00:00,5.5,0.010252120013910402,0,train
2015-09-17 16:00:00,2.0,0.010094203181579138,0,train
2015-09-17 17:00:00,2.1,0.010169091153389912,0,train
2015-09-17 18:00:00,2.0,0.010374996828057283,0,train
2015-09-17 19:00:00,1.69999999,0.010591261235965373,0,train
2015-09-17 20:00:00,1.39999998,0.010636702855841165,0,train
2015-09-17 21:00:00,1.69999999,0.010538476725454177,0,train
2015-09-17 22:00:00,1.59999997,0.01038964636993063,0,train
2015-09-17 23:00:00,1.79999996,0.010401669913353298,0,train
2015-09-18 00:00:00,1.30000001,0.010598260113349803,0,train
2015-09-18 01:00:00,1.5,0.01063879410760542,0,train
2015-09-18 02:00:00,1.30000001,0.010830650041863935,0,train
2015-09-18 03:00:00,1.69999999,0.011121476993412056,0,train
2015-09-18 04:00:00,1.69999999,0.011116796552913087,0,train
2015-09-18 05:00:00,1.60000002,0.011164364904803485,0,train
2015-09-18 06:00:00,1.60000002,0.010818518181680049,0,train
2015-09-18 07:00:00,3.2,0.010515138934111424,0,train
2015-09-18 08:00:00,2.7,0.010976317863258958,0,train
2015-09-18 09:00:00,6.7999999,0.011621407571106175,0,train
2015-09-18 10:00:00,4.8999999,0.011619053084010192,0,train
2015-09-18 11:00:00,9.7000003,0.011191317580201586,0,train
2015-09-18 12:00:00,11.3000002,0.010336969934995732,0,train
2015-09-18 13:00:00,2.65,0.012376563734331885,0,train
2015-09-18 14:00:00,10.9000001,0.012653159416454481,0,train
2015-09-18 15:00:00,2.30000002,0.011955093019242007,0,train
2015-09-18 16:00:00,1.10000002,0.01203018842574278,0,train
2015-09-18 17:00:00,1.30000001,0.012219177061473801,0,train
2015-09-18 18:00:00,1.19999999,0.012432417508616771,0,train
2015-09-18 19:00:00,1.0,0.012635569173310383,0,train
2015-09-18 20:00:00,0.90000001,0.012771553964782325,0,train
2015-09-18 21:00:00,1.10000002,0.012915517339922631,0,train
2015-09-18 22:00:00,0.800000020001,0.013127561675789684,0,train
2015-09-18 23:00:00,1.10000002,0.013499273402049995,0,train
2015-09-19 00:00:00,0.800000020001,0.01466022866368711,0,train
2015-09-19 01:00:00,0.800000020001,0.014384009283869603,0,train
2015-09-19 02:00:00,1.20000004,0.014082354042443694,0,train
2015-09-19 03:00:00,1.00000003,0.014351270676441116,0,train
2015-09-19 04:00:00,0.90000001,0.015503398069333029,0,train
2015-09-19 05:00:00,1.0,0.016185219296673093,0,train
2015-09-19 06:00:00,1.19999999,0.015579221541943298,0,train
2015-09-19 07:00:00,1.10000002,0.014898325678177851,0,train
2015-09-19 08:00:00,1.00000003,0.014840499430503747,0,train
2015-09-19 09:00:00,0.90000001,0.013999404690366733,0,train
2015-09-19 10:00:00,0.90000001,0.014082757375285443,0,train
2015-09-19 11:00:00,1.0,0.013587428616802436,0,train
2015-09-19 12:00:00,1.00000003,0.011939457940296742,0,train
2015-09-19 13:00:00,0.90000001,0.01175166511099153,0,train
2015-09-19 14:00:00,1.0,0.009340806943110697,0,train
2015-09-19 15:00:00,0.90000001,0.008052030944316176,0,train
2015-09-19 16:00:00,1.10000002,0.008172887668464166,0,train
2015-09-19 17:00:00,1.0,0.008390984274673592,0,train
2015-09-19 18:00:00,1.0,0.00882786975687019,0,train
2015-09-19 19:00:00,1.00000003,0.009366631226889407,0,train
2015-09-19 20:00:00,1.10000002,0.009191814986287065,0,train
2015-09-19 21:00:00,0.800000020001,0.008992755592877762,0,train
2015-09-19 22:00:00,1.1,0.009008472547144574,0,train
2015-09-19 23:00:00,0.90000001,0.009275592832953669,0,train
2015-09-20 00:00:00,0.90000001,0.009523537110914028,0,train
2015-09-20 01:00:00,1.10000002,0.0094503142855437,0,train
2015-09-20 02:00:00,0.90000001,0.009218208706801052,0,train
2015-09-20 03:00:00,0.800000020001,0.008980341138839526,0,train
2015-09-20 04:00:00,1.10000002,0.008702037229451672,0,train
2015-09-20 05:00:00,1.0,0.008390522763831761,0,train
2015-09-20 06:00:00,1.00000003,0.008129675587600584,0,train
2015-09-20 07:00:00,1.0,0.008086209551783661,0,train
2015-09-20 08:00:00,1.10000002,0.008276683253144233,0,train
2015-09-20 09:00:00,1.10000002,0.008465028919194036,0,train
2015-09-20 10:00:00,1.0,0.008740900676834204,0,test
2015-09-20 11:00:00,0.800000020001,0.009506360083135266,0,test
2015-09-20 12:00:00,1.0,0.010708056914383195,0,test
2015-09-20 13:00:00,0.80000001,0.011591857648785592,0,test
2015-09-20 14:00:00,0.90000001,0.01342697120084788,0,test
2015-09-20 15:00:00,1.00000003,0.015738270598938675,0,test
2015-09-20 16:00:00,1.0,0.01572886710124781,0,test
2015-09-20 17:00:00,0.90000001,0.01446102950881805,0,test
2015-09-20 18:00:00,1.30000001,0.013626404941490287,0,test
2015-09-20 19:00:00,0.800000020001,0.012868463242956547,0,test
2015-09-20 20:00:00,0.90000001,0.012872614254045258,0,test
2015-09-20 21:00:00,1.00000003,0.012903028219140645,0,test
2015-09-20 22:00:00,1.0,0.012054184078122483,0,test
2015-09-20 23:00:00,0.90000001,0.01004399772284581,0,test
2015-09-21 00:00:00,1.00000003,0.009795305402593638,0,test
2015-09-21 01:00:00,0.800000020001,0.009583832197542013,0,test
2015-09-21 02:00:00,1.00000003,0.009660899282339607,0,test
2015-09-21 03:00:00,0.90000001,0.010106269598907602,0,test
2015-09-21 04:00:00,1.00000003,0.010323396123123326,0,test
2015-09-21 05:00:00,1.0,0.010503730213385624,0,test
2015-09-21 06:00:00,0.90000001,0.010089254612863266,0,test
2015-09-21 07:00:00,2.9,0.009598230795013752,0,test
2015-09-21 08:00:00,3.0,0.009612392406215425,0,test
2015-09-21 09:00:00,7.8,0.010240102888457142,0,test
2015-09-21 10:00:00,7.3000002,0.010907941143032791,0,test
2015-09-21 11:00:00,8.9000001,0.010888214873832546,0,test
2015-09-21 12:00:00,11.0999999,0.009425006097845183,0,test
2015-09-21 13:00:00,4.8075,0.00909728462096631,0,test
2015-09-21 14:00:00,10.8000002,0.00890834995114429,0,test
2015-09-21 15:00:00,3.4,0.008942665810693251,0,test
2015-09-21 16:00:00,1.69999999,0.008795659422495872,0,test
2015-09-21 17:00:00,1.30000001,0.00868973504082852,0,test
2015-09-21 18:00:00,1.5,0.008828403984450908,0,test
2015-09-21 19:00:00,1.10000002,0.009044980063432856,0,test
2015-09-21 20:00:00,1.10000002,0.009205119613350254,0,test
2015-09-21 21:00:00,1.10000002,0.009253896069992955,0,test
2015-09-21 22:00:00,1.30000001,0.009079439744358535,0,test
2015-09-21 23:00:00,1.0,0.008796675778905003,0,test
2015-09-22 00:00:00,1.40000003,0.00870639133787854,0,test
2015-09-22 01:00:00,1.0,0.008597204958512378,0,test
2015-09-22 02:00:00,1.20000004,0.008676663730416263,0,test
2015-09-22 03:00:00,1.1,0.008797424451688718,0,test
2015-09-22 04:00:00,1.20000004,0.009054733215809553,0,test
2015-09-22 05:00:00,1.30000001,0.00956146529749505,0,test
2015-09-22 06:00:00,1.20000004,0.00968892411555506,0,test
2015-09-22 07:00:00,2.9,0.009667017756552102,0,test
2015-09-22 08:00:00,3.2,0.009736226752321423,0,test
2015-09-22 09:00:00,8.1000001,0.009583308315317163,0,test
2015-09-22 10:00:00,6.9999998,0.009733397492134182,0,test
2015-09-22 11:00:00,9.4000001,0.009590373526070483,0,test
2015-09-22 12:00:00,11.2000001,0.00924983230333233,0,test
2015-09-22 13:00:00,5.29,0.010175053044196462,0,test
2015-09-22 14:00:00,11.9000001,0.010291637166107375,0,test
2015-09-22 15:00:00,2.89999998,0.009729995224981877,0,test
2015-09-22 16:00:00,1.60000002,0.009622390197321293,0,test
2015-09-22 17:00:00,2.1,0.00962284162163616,0,test
2015-09-22 18:00:00,1.69999999,0.009814789747318564,0,test
2015-09-22 19:00:00,1.69999999,0.00996158352733955,0,test
2015-09-22 20:00:00,1.5,0.009955712968952457,0,test
2015-09-22 21:00:00,1.60000002,0.00989717257160092,0,test
2015-09-22 22:00:00,1.30000001,0.009690217930516007,0,test
2015-09-22 23:00:00,1.5,0.009363886448712349,0,test
2015-09-23 00:00:00,1.5,0.009401006194778067,0,test
2015-09-23 01:00:00,1.60000002,0.009233565739020622,0,test
2015-09-23 02:00:00,1.20000004,0.00930310519135166,0,test
2015-09-23 03:00:00,1.30000001,0.009396195938899612,0,test
2015-09-23 04:00:00,1.30000001,0.009396345619710223,0,test
2015-09-23 05:00:00,1.30000001,0.00935621044655413,0,test
2015-09-23 06:00:00,1.69999999,0.009209872213791959,0,test
2015-09-23 07:00:00,3.3,0.009329260825531463,0,test
2015-09-23 08:00:00,3.5,0.009599215626661233,0,test
2015-09-23 09:00:00,7.7000003,0.009719265538806232,0,test
2015-09-23 10:00:00,5.5,0.010250753219750415,0,test
2015-09-23 11:00:00,8.1000002,0.01042737203978771,0,test
2015-09-23 12:00:00,10.6999998,0.009103015055662272,0,test
2015-09-23 13:00:00,3.14,0.01031592495441032,0,test
2015-09-23 14:00:00,11.8000002,0.009615478648438414,0,test
2015-09-23 15:00:00,4.1,0.008779183937612628,0,test
2015-09-23 16:00:00,2.1,0.00876462986668019,0,test
2015-09-23 17:00:00,1.69999999,0.008870584767839603,0,test
2015-09-23 18:00:00,1.5,0.009087126367769411,0,test
2015-09-23 19:00:00,1.80000001,0.00931682162592569,0,test
2015-09-23 20:00:00,1.20000004,0.00936837800356914,0,test
2015-09-23 21:00:00,1.5,0.009259159334857008,0,test
2015-09-23 22:00:00,1.30000001,0.009095138315103809,0,test
2015-09-23 23:00:00,1.20000004,0.00907308014182206,0,test
2015-09-24 00:00:00,1.30000001,0.009219269585030752,0,test
2015-09-24 01:00:00,1.5,0.00920829505910154,0,test
2015-09-24 02:00:00,1.59999997,0.00936301431195127,0,test
2015-09-24 03:00:00,1.39999998,0.009610523808446299,0,test
2015-09-24 04:00:00,1.5,0.009632697568270182,0,test
2015-09-24 05:00:00,1.5,0.00969287275532157,0,test
2015-09-24 06:00:00,1.5,0.009456206759774174,0,test
2015-09-24 07:00:00,4.2000001,0.009277695375448126,0,test
2015-09-24 08:00:00,4.7999999,0.009754957023283831,0,test
2015-09-24 09:00:00,7.8,0.010012372755262951,0,test
2015-09-24 10:00:00,8.3000002,0.01061311913470938,0,test
2015-09-24 11:00:00,9.0999999,0.01102986641434271,0,test
2015-09-24 12:00:00,10.1000004,0.010366199367713186,0,test
2015-09-24 13:00:00,3.205,0.012511932310285398,0,test
2015-09-24 14:00:00,11.0999999,0.011993152355225885,0,test
2015-09-24 15:00:00,4.9,0.01195232548439376,0,test
2015-09-24 16:00:00,2.3,0.012058669855450796,0,test
2015-09-24 17:00:00,1.79999996,0.012227727770503813,0,test
2015-09-24 18:00:00,1.69999999,0.012414178703555715,0,test
2015-09-24 19:00:00,1.60000002,0.012612738136011244,0,test
2015-09-24 20:00:00,1.69999999,0.012765766661308598,0,test
2015-09-24 21:00:00,1.39999998,0.012931556226197663,0,test
2015-09-24 22:00:00,1.40000003,0.01313398600193242,0,test
2015-09-24 23:00:00,1.39999998,0.013478057951543386,0,test
2015-09-25 00:00:00,1.1,0.014631231086925356,0,test
2015-09-25 01:00:00,1.5,0.014370561633456833,0,test
2015-09-25 02:00:00,1.60000002,0.014097054759759555,0,test
2015-09-25 03:00:00,1.39999998,0.014414808878135576,0,test
2015-09-25 04:00:00,1.39999998,0.015689406747137858,0,test
2015-09-25 05:00:00,1.5,0.016536419999466805,0,test
2015-09-25 06:00:00,1.60000002,0.01605908041540911,0,test
2015-09-25 07:00:00,2.7,0.015433413933992076,0,test
2015-09-25 08:00:00,3.4,0.015381029773196546,0,test
2015-09-25 09:00:00,7.2,0.014639386657623783,0,test
2015-09-25 10:00:00,5.5,0.014855870213612406,0,test
2015-09-25 11:00:00,9.2999997,0.01451671077467133,0,test
2015-09-25 12:00:00,11.8000002,0.012578598051189632,0,test
2015-09-25 13:00:00,2.7025,0.012420383525762753,0,test
2015-09-25 14:00:00,11.8000002,0.010134291594241857,0,test
2015-09-25 15:00:00,3.10000001,0.008691210211875317,0,test
2015-09-25 16:00:00,1.20000004,0.008836838033540524,0,test
2015-09-25 17:00:00,1.0,0.009048925798044716,0,test
2015-09-25 18:00:00,1.10000002,0.009425153151141013,0,test
2015-09-25 19:00:00,1.0,0.009912093061779589,0,test
2015-09-25 20:00:00,1.00000003,0.009794313013548363,0,test
2015-09-25 21:00:00,0.90000001,0.009553504943662132,0,test
2015-09-25 22:00:00,1.1,0.009485295452125902,0,test
2015-09-25 23:00:00,0.90000001,0.009742649427104072,0,test
2015-09-26 00:00:00,0.90000001,0.009958985961854351,0,test
2015-09-26 01:00:00,1.19999999,0.009869132490759252,0,test
2015-09-26 02:00:00,0.90000001,0.00964852430216632,0,test
2015-09-26 03:00:00,0.90000001,0.00938110925799559,0,test
2015-09-26 04:00:00,0.800000020001,0.00909257873030236,0,test
2015-09-26 05:00:00,1.00000003,0.008793260226744872,0,test
2015-09-26 06:00:00,1.0,0.008565828314693212,0,test
2015-09-26 07:00:00,1.19999999,0.008517803601079505,0,test
2015-09-26 08:00:00,1.19999999,0.00867512779149322,0,test
2015-09-26 09:00:00,0.800000020001,0.008612063282509654,0,test
2015-09-26 10:00:00,1.00000003,0.008402456632137498,0,test
2015-09-26 11:00:00,1.0,0.007636553108329989,0,test
2015-09-26 12:00:00,0.90000001,0.006404298766670368,0,test
2015-09-26 13:00:00,1.1,0.006884319547462995,0,test
2015-09-26 14:00:00,0.90000001,0.005498489261340847,0,test
2015-09-26 15:00:00,1.0,0.00574507105928793,0,test
2015-09-26 16:00:00,0.90000001,0.006167905206352744,0,test
2015-09-26 17:00:00,1.0,0.006638696636025535,0,test
2015-09-26 18:00:00,1.30000001,0.0072351139404491045,0,test
2015-09-26 19:00:00,0.800000020001,0.008125345689901033,0,test
2015-09-26 20:00:00,0.800000020001,0.008896630355493998,0,test
2015-09-26 21:00:00,1.10000002,0.009336624368618828,0,test
2015-09-26 22:00:00,0.800000020001,0.009639018652274584,0,test
2015-09-26 23:00:00,1.0,0.010039239868286894,0,test
2015-09-27 00:00:00,1.0,0.015999130698397892,0,test
2015-09-27 01:00:00,0.800000020001,0.021345416626583832,0,test
2015-09-27 02:00:00,0.90000001,0.019179149330906777,0,test
2015-09-27 03:00:00,1.10000002,0.010994442902268912,0,test
2015-09-27 04:00:00,0.90000001,0.00892348328593036,0,test
2015-09-27 05:00:00,0.90000001,0.008689856810627138,0,test
2015-09-27 06:00:00,0.90000001,0.008924211881753538,0,test
2015-09-27 07:00:00,1.20000004,0.008854345533822222,0,test
2015-09-27 08:00:00,1.10000002,0.008442645457073279,0,test
2015-09-27 09:00:00,0.90000001,0.008388959867026903,0,test
2015-09-27 10:00:00,0.90000001,0.008536895509486374,0,test
2015-09-27 11:00:00,1.10000002,0.009135775409354178,0,test
2015-09-27 12:00:00,0.90000001,0.010595757339954352,0,test
2015-09-27 13:00:00,1.0,0.01179527915919147,0,test
2015-09-27 14:00:00,0.90000001,0.013491618473643774,0,test
2015-09-27 15:00:00,0.90000001,0.01583737737684617,0,test
2015-09-27 16:00:00,1.1,0.01590248992914619,0,test
2015-09-27 17:00:00,1.10000002,0.014562873783611034,0,test
2015-09-27 18:00:00,0.80000001,0.013639296975100015,0,test
2015-09-27 19:00:00,1.10000002,0.012939230938982886,0,test
2015-09-27 20:00:00,0.90000001,0.013020239962437912,0,test
2015-09-27 21:00:00,1.10000002,0.013087346316741568,0,test
2015-09-27 22:00:00,0.90000001,0.012265722678996324,0,test
2015-09-27 23:00:00,0.90000001,0.010254547619702663,0,test
2015-09-28 00:00:00,1.29999999,0.010007944325414093,0,test
2015-09-28 01:00:00,1.0,0.009811278266084114,0,test
2015-09-28 02:00:00,0.90000001,0.009893253458186299,0,test
2015-09-28 03:00:00,1.0,0.010281028325349545,0,test
2015-09-28 04:00:00,0.800000020001,0.01053292062472924,0,test
2015-09-28 05:00:00,1.00000003,0.010736016589366727,0,test
2015-09-28 06:00:00,1.10000002,0.010392356264631676,0,test
2015-09-28 07:00:00,1.30000001,0.009799199057049953,0,test
2015-09-28 08:00:00,3.7000001,0.009700887773992257,0,test
2015-09-28 09:00:00,7.0,0.010288323358855758,0,test
2015-09-28 10:00:00,6.7,0.010933985755645845,0,test
2015-09-28 11:00:00,9.5,0.011287803047054646,0,test
2015-09-28 12:00:00,12.1999998,0.009911845446682761,0,test
2015-09-28 13:00:00,4.73,0.008946793697615512,0,test
2015-09-28 14:00:00,10.8000002,0.008852207697131319,0,test
2015-09-28 15:00:00,3.0,0.00787383078823863,0,test
2015-09-28 16:00:00,1.60000002,0.007676708874474669,0,test
2015-09-28 17:00:00,1.69999999,0.007492770899975874,0,test
2015-09-28 18:00:00,1.69999999,0.007532468992411247,0,test
2015-09-28 19:00:00,1.20000004,0.007706279251467633,0,test
2015-09-28 20:00:00,1.39999998,0.007844789804818732,0,test
2015-09-28 21:00:00,1.5,0.007937006470167578,0,test
2015-09-28 22:00:00,1.20000004,0.007814250041981554,0,test
2015-09-28 23:00:00,1.69999999,0.007550508021877357,0,test
2015-09-29 00:00:00,1.30000001,0.007512404413447787,0,test
2015-09-29 01:00:00,1.19999999,0.007398946118026204,0,test
2015-09-29 02:00:00,1.69999999,0.007494740420089861,0,test
2015-09-29 03:00:00,1.40000003,0.007635834942563959,0,test
2015-09-29 04:00:00,1.10000002,0.007885057302741217,0,test
2015-09-29 05:00:00,1.40000003,0.00843733427946498,0,test
2015-09-29 06:00:00,1.39999998,0.008636480664761867,0,test
2015-09-29 07:00:00,2.80000001,0.00858213445412083,0,test
2015-09-29 08:00:00,3.1,0.008725010123189953,0,test
2015-09-29 09:00:00,7.2,0.008913980664572527,0,test
2015-09-29 10:00:00,7.7999997,0.009347859450504883,0,test
2015-09-29 11:00:00,9.0,0.00940173967789929,0,test
2015-09-29 12:00:00,10.9000001,0.008605871738141285,0,test
2015-09-29 13:00:00,11.9000001,0.009306809243881916,0,test
2015-09-29 14:00:00,7.2125,0.00843601416564154,0,test
2015-09-29 15:00:00,4.1999999,0.009086446533269897,0,test
2015-09-29 16:00:00,1.79999996,0.00895707867757553,0,test
2015-09-29 17:00:00,1.69999999,0.009035687728933713,0,test
2015-09-29 18:00:00,1.69999999,0.00924642689094596,0,test
2015-09-29 19:00:00,1.59999997,0.00934718240134725,0,test
2015-09-29 20:00:00,1.39999998,0.009258754814506834,0,test
2015-09-29 21:00:00,1.39999998,0.00909629087219037,0,test
2015-09-29 22:00:00,1.60000002,0.00884253869869125,0,test
2015-09-29 23:00:00,1.39999998,0.008586981844844417,0,test
2015-09-30 00:00:00,1.39999998,0.008633787344265764,0,test
2015-09-30 01:00:00,1.30000001,0.008521629178577923,0,test
2015-09-30 02:00:00,1.40000003,0.008667904114489602,0,test
2015-09-30 03:00:00,1.39999998,0.008887082981368298,0,test
2015-09-30 04:00:00,1.30000001,0.008965347268424604,0,test
2015-09-30 05:00:00,1.30000001,0.008996205555637052,0,test
2015-09-30 06:00:00,1.5,0.008947259012939935,0,test
2015-09-30 07:00:00,2.69999998,0.009094998355840841,0,test
2015-09-30 08:00:00,3.3,0.009401183299083174,0,test
2015-09-30 09:00:00,7.6999998,0.00962757788202272,0,test
2015-09-30 10:00:00,8.0,0.010181752983171623,0,test
2015-09-30 11:00:00,8.7000003,0.010655071582004448,0,test
2015-09-30 12:00:00,11.1000004,0.009770550482955994,0,test
2015-09-30 13:00:00,3.0975,0.009624988408189096,0,test
2015-09-30 14:00:00,11.1999998,0.0096892289944009,0,test
2015-09-30 15:00:00,3.2,0.009357215234251603,0,test
2015-09-30 16:00:00,1.89999999,0.009335900425218317,0,test
2015-09-30 17:00:00,1.59999997,0.009405547429989017,0,test
2015-09-30 18:00:00,1.69999999,0.009603251821446399,0,test
2015-09-30 19:00:00,1.40000003,0.00982687582512029,0,test
2015-09-30 20:00:00,1.5,0.009885238385965238,0,test
2015-09-30 21:00:00,1.39999998,0.009808847768121843,0,test
2015-09-30 22:00:00,1.30000001,0.009728128044634904,0,test
2015-09-30 23:00:00,1.30000001,0.00980151596970479,0,test
2015-10-01 00:00:00,1.20000004,0.009985332580964243,0,test
2015-10-01 01:00:00,1.39999998,0.010068145489592244,0,test
2015-10-01 02:00:00,1.30000001,0.010321466051051765,0,test
2015-10-01 03:00:00,1.40000003,0.010533029241532302,0,test
2015-10-01 04:00:00,1.10000002,0.010623218225339176,0,test
2015-10-01 05:00:00,1.30000001,0.010541248654362642,0,test
2015-10-01 06:00:00,1.5,0.010182934060014812,0,test
2015-10-01 07:00:00,2.39999998,0.009874133655380375,0,test
2015-10-01 08:00:00,3.5,0.010355513793862136,0,test
2015-10-01 09:00:00,7.1000001,0.010619053082834312,0,test
2015-10-01 10:00:00,6.0999999,0.011081600604446318,0,test
2015-10-01 11:00:00,8.8999999,0.011477188180030122,0,test
2015-10-01 12:00:00,9.6999998,0.010730007179679877,0,test
2015-10-01 13:00:00,3.1075,0.012269783330305081,0,test
2015-10-01 14:00:00,12.0999999,0.011445215616372463,0,test
2015-10-01 15:00:00,3.9,0.01031678829368914,0,test
2015-10-01 16:00:00,1.89999999,0.010605297360700493,0,test
2015-10-01 17:00:00,1.59999997,0.010947507000333883,0,test
2015-10-01 18:00:00,1.10000002,0.011280876466679678,0,test
2015-10-01 19:00:00,1.10000002,0.011579907374911972,0,test
2015-10-01 20:00:00,1.20000004,0.011856016269221706,0,test
2015-10-01 21:00:00,1.19999999,0.012101506301268683,0,test
2015-10-01 22:00:00,1.0,0.012321756664355879,0,test
2015-10-01 23:00:00,1.20000004,0.012603808434350534,0,test
2015-10-02 00:00:00,1.0,0.013838897408909432,0,test
2015-10-02 01:00:00,1.19999999,0.01355913777531236,0,test
2015-10-02 02:00:00,1.00000003,0.013311485412563865,0,test
2015-10-02 03:00:00,1.10000002,0.013910187436206096,0,test
2015-10-02 04:00:00,1.10000002,0.01487966821226101,0,test
2015-10-02 05:00:00,1.10000002,0.015246708784698203,0,test
2015-10-02 06:00:00,1.30000001,0.014419995473750358,0,test
2015-10-02 07:00:00,2.00000001,0.013452048485523137,0,test
2015-10-02 08:00:00,2.5,0.013008617904600162,0,test
2015-10-02 09:00:00,5.9000001,0.01239679481016946,0,test
2015-10-02 10:00:00,6.2,0.012904687633927528,0,test
2015-10-02 11:00:00,9.8000002,0.0121626140255765,0,test
2015-10-02 12:00:00,7.65,0.009988122952220376,0,test
2015-10-02 13:00:00,2.64,0.01066191200503459,0,test
2015-10-02 14:00:00,9.6000004,0.007934146691738165,0,test
2015-10-02 15:00:00,3.5,0.007144639166422953,0,test
2015-10-02 16:00:00,1.30000001,0.007349556402882782,0,test
2015-10-02 17:00:00,1.19999999,0.007721067740178907,0,test
2015-10-02 18:00:00,1.0,0.008308363735320765,0,test
2015-10-02 19:00:00,1.19999999,0.008289401760484533,0,test
2015-10-02 20:00:00,1.0,0.008318926074447376,0,test
2015-10-02 21:00:00,0.90000001,0.00837276889579263,0,test
2015-10-02 22:00:00,0.90000001,0.008523436626537132,0,test
2015-10-02 23:00:00,1.00000003,0.00877666640016,0,test
2015-10-03 00:00:00,0.90000001,0.00909961526619098,0,test
2015-10-03 01:00:00,1.00000003,0.009071009616298658,0,test
2015-10-03 02:00:00,0.90000001,0.008869537218585063,0,test
2015-10-03 03:00:00,1.10000002,0.00857183108341716,0,test
2015-10-03 04:00:00,0.90000001,0.00824033317471549,0,test
2015-10-03 05:00:00,1.0,0.00794447456930333,0,test
2015-10-03 06:00:00,1.0,0.007790860214482474,0,test
2015-10-03 07:00:00,1.0,0.007881131068230622,0,test
2015-10-03 08:00:00,1.20000004,0.008134552028753883,0,test
2015-10-03 09:00:00,1.10000002,0.00832182011560292,0,test
2015-10-03 10:00:00,0.90000001,0.008042066415247533,0,test
2015-10-03 11:00:00,0.800000020001,0.0066661547377107125,0,test
2015-10-03 12:00:00,1.00000003,0.005992580363248787,0,test
2015-10-03 13:00:00,1.00000003,0.006285547393886617,0,test
2015-10-03 14:00:00,0.800000020001,0.005538275026377362,0,test
2015-10-03 15:00:00,1.20000004,0.005803581562401683,0,test
2015-10-03 16:00:00,0.800000020001,0.00625089322673885,0,test
2015-10-03 17:00:00,1.19999999,0.006642193801618176,0,test
2015-10-03 18:00:00,1.10000002,0.007049836958647146,0,test
2015-10-03 19:00:00,0.800000020001,0.007707863299295914,0,test
2015-10-03 20:00:00,0.90000001,0.008343194713256341,0,test
2015-10-03 21:00:00,0.90000001,0.00880034153182626,0,test
2015-10-03 22:00:00,1.00000003,0.009182583202356558,0,test
2015-10-03 23:00:00,1.00000003,0.009832847943116384,0,test
2015-10-04 00:00:00,0.800000020001,0.015874575451047833,0,test
2015-10-04 01:00:00,1.20000004,0.0213241020371931,0,test
2015-10-04 02:00:00,0.90000001,0.019088364802802436,0,test
2015-10-04 03:00:00,0.800000020001,0.011030809658890956,0,test
2015-10-04 04:00:00,1.10000002,0.009354170658472688,0,test
2015-10-04 05:00:00,0.800000020001,0.009388371406323691,0,test
2015-10-04 06:00:00,1.10000002,0.009743178645073444,0,test
2015-10-04 07:00:00,1.10000002,0.009711542460073939,0,test
2015-10-04 08:00:00,1.0,0.009036604335361806,0,test
2015-10-04 09:00:00,0.90000001,0.009071835207380259,0,test
2015-10-04 10:00:00,1.10000002,0.00949067438440006,0,test
2015-10-04 11:00:00,0.90000001,0.010375849571068773,0,test
2015-10-04 12:00:00,0.90000001,0.011882415241429103,0,test
2015-10-04 13:00:00,0.800000020001,0.012896561752523664,0,test
2015-10-04 14:00:00,1.10000002,0.015082420038054526,0,test
2015-10-04 15:00:00,0.90000001,0.018033258369936096,0,test
2015-10-04 16:00:00,0.90000001,0.01675592479620099,0,test
2015-10-04 17:00:00,1.0,0.015510487264741385,0,test
2015-10-04 18:00:00,1.10000002,0.014763526134341332,0,test
2015-10-04 19:00:00,0.800000020001,0.014295900540419855,0,test
2015-10-04 20:00:00,0.90000001,0.014516083611728394,0,test
2015-10-04 21:00:00,0.90000001,0.014492119275801808,0,test
2015-10-04 22:00:00,1.00000003,0.013517696297160065,0,test
2015-10-04 23:00:00,1.1,0.01145949963382572,0,test
2015-10-05 00:00:00,1.00000003,0.011219431117297929,0,test
2015-10-05 01:00:00,0.800000020001,0.011024595424887046,0,test
2015-10-05 02:00:00,1.30000001,0.011088198941257336,0,test
2015-10-05 03:00:00,0.800000020001,0.0113522547267488,0,test
2015-10-05 04:00:00,0.90000001,0.011494428050593003,0,test
2015-10-05 05:00:00,0.800000020001,0.011712553217879736,0,test
2015-10-05 06:00:00,1.0,0.011517752586796546,0,test
2015-10-05 07:00:00,1.5,0.011142165354893397,0,test
2015-10-05 08:00:00,2.9,0.011221279715086926,0,test
2015-10-05 09:00:00,8.1999998,0.012255643340096272,0,test
2015-10-05 10:00:00,7.8999999,0.01323752616463641,0,test
2015-10-05 11:00:00,9.0999999,0.01339960152020463,0,test
2015-10-05 12:00:00,11.0999999,0.01155905934659996,0,test
2015-10-05 13:00:00,4.5625,0.011138178995595547,0,test
2015-10-05 14:00:00,11.6000004,0.010359046541150904,0,test
2015-10-05 15:00:00,2.5,0.009473787305178179,0,test
2015-10-05 16:00:00,1.80000001,0.009259205500812101,0,test
2015-10-05 17:00:00,1.39999998,0.00910616753693452,0,test
2015-10-05 18:00:00,1.59999997,0.009184581792905256,0,test
2015-10-05 19:00:00,1.39999998,0.009373159254058154,0,test
2015-10-05 20:00:00,1.30000001,0.009536644615116729,0,test
2015-10-05 21:00:00,1.30000001,0.009585174735735563,0,test
2015-10-05 22:00:00,1.30000001,0.009419082008070637,0,test
2015-10-05 23:00:00,1.30000001,0.009182359013942204,0,test
2015-10-06 00:00:00,1.30000001,0.009028544014450513,0,test
2015-10-06 01:00:00,1.40000003,0.008815137528983961,0,test
2015-10-06 02:00:00,1.39999998,0.008894276901151615,0,test
2015-10-06 03:00:00,1.10000002,0.0089312840961981,0,test
2015-10-06 04:00:00,1.30000001,0.009140084786254716,0,test
2015-10-06 05:00:00,1.40000003,0.009569906630795712,0,test
2015-10-06 06:00:00,1.39999998,0.00983229342389391,0,test
2015-10-06 07:00:00,2.39999998,0.010079734465892196,0,test
2015-10-06 08:00:00,3.6,0.010531494678951696,0,test
2015-10-06 09:00:00,9.9000001,0.010603013476287502,0,test
2015-10-06 10:00:00,8.1000002,0.010391303605527409,0,test
2015-10-06 11:00:00,9.1999998,0.010301915886626673,0,test
2015-10-06 12:00:00,10.1999998,0.009420530192405819,0,test
2015-10-06 13:00:00,5.2425,0.009356318404115658,0,test
2015-10-06 14:00:00,10.2000003,0.009765389034877975,0,test
2015-10-06 15:00:00,3.3,0.009759900053909228,0,test
2015-10-06 16:00:00,1.30000001,0.009774318577822133,0,test
2015-10-06 17:00:00,1.30000001,0.009899121738434043,0,test
2015-10-06 18:00:00,1.40000003,0.010098561451257418,0,test
2015-10-06 19:00:00,1.10000002,0.01019697018856422,0,test
2015-10-06 20:00:00,1.30000001,0.01012456454635395,0,test
2015-10-06 21:00:00,1.20000004,0.009998220432576588,0,test
2015-10-06 22:00:00,1.10000002,0.009754697085366993,0,test
2015-10-06 23:00:00,1.39999998,0.009456411132685276,0,test
2015-10-07 00:00:00,1.10000002,0.009518044330390807,0,test
2015-10-07 01:00:00,1.10000002,0.009371580342061855,0,test
2015-10-07 02:00:00,1.5,0.00956486998808491,0,test
2015-10-07 03:00:00,1.0,0.009674586604517867,0,test
2015-10-07 04:00:00,1.00000003,0.009719183341715081,0,test
2015-10-07 05:00:00,1.20000004,0.00972062433347018,0,test
2015-10-07 06:00:00,1.20000004,0.00968258242919906,0,test
2015-10-07 07:00:00,2.49999998,0.009820290579991725,0,test
2015-10-07 08:00:00,3.4,0.010251875432029647,0,test
2015-10-07 09:00:00,7.7000001,0.010251088393167832,0,test
2015-10-07 10:00:00,5.9000001,0.010698760146463463,0,test
2015-10-07 11:00:00,10.0,0.010971616247797755,0,test
2015-10-07 12:00:00,11.3000002,0.0098071335459337,0,test
2015-10-07 13:00:00,3.3125,0.010712722698042618,0,test
2015-10-07 14:00:00,11.3000002,0.009699429099834508,0,test
2015-10-07 15:00:00,3.1,0.008302371538478829,0,test
2015-10-07 16:00:00,1.10000002,0.008338014248574626,0,test
2015-10-07 17:00:00,1.60000002,0.00849453053500953,0,test
2015-10-07 18:00:00,1.30000001,0.008803689439292843,0,test
2015-10-07 19:00:00,1.10000002,0.009062395934587103,0,test
2015-10-07 20:00:00,1.19999999,0.00918384652809959,0,test
2015-10-07 21:00:00,1.30000001,0.00913687367205685,0,test
2015-10-07 22:00:00,0.800000020001,0.008979973656087435,0,test
2015-10-07 23:00:00,1.20000004,0.008892079293154831,0,test
2015-10-08 00:00:00,1.0,0.009063860511339016,0,test
2015-10-08 01:00:00,1.19999999,0.009120950985315545,0,test
2015-10-08 02:00:00,1.10000002,0.009287082174100628,0,test
2015-10-08 03:00:00,1.10000002,0.009393087971301338,0,test
2015-10-08 04:00:00,0.90000001,0.009372277419889483,0,test
2015-10-08 05:00:00,1.30000001,0.009277870089695684,0,test
2015-10-08 06:00:00,1.10000002,0.008947039539329156,0,test
2015-10-08 07:00:00,2.2,0.0088400045167439,0,test
2015-10-08 08:00:00,3.6,0.009360485244416933,0,test
2015-10-08 09:00:00,7.7000003,0.009550600807148866,0,test
2015-10-08 10:00:00,6.3999998,0.010465931391962413,0,test
2015-10-08 11:00:00,9.5,0.010553494714713839,0,test
2015-10-08 12:00:00,10.4000001,0.009023174977917627,0,test
2015-10-08 13:00:00,3.0125,0.01006041027494488,0,test
2015-10-08 14:00:00,7.1725,0.009550111329549544,0,test
2015-10-08 15:00:00,4.8,0.010426077643545997,0,test
2015-10-08 16:00:00,1.60000002,0.01066197880250327,0,test
2015-10-08 17:00:00,1.30000001,0.011049632768110287,0,test
2015-10-08 18:00:00,1.19999999,0.011387560983220245,0,test
2015-10-08 19:00:00,1.10000002,0.011656193524272536,0,test
2015-10-08 20:00:00,1.39999998,0.01187694050509557,0,test
2015-10-08 21:00:00,1.0,0.012054267959410421,0,test
2015-10-08 22:00:00,1.1,0.012198529702750621,0,test
2015-10-08 23:00:00,1.10000002,0.012478094480197571,0,test
2015-10-09 00:00:00,0.900000009999,0.013712203376346495,0,test
2015-10-09 01:00:00,1.19999999,0.013518382582991666,0,test
2015-10-09 02:00:00,1.10000002,0.013394509819409168,0,test
2015-10-09 03:00:00,1.0,0.014169668300190001,0,test
2015-10-09 04:00:00,1.00000003,0.015413885355725685,0,test
2015-10-09 05:00:00,1.19999999,0.01606384055250144,0,test
2015-10-09 06:00:00,1.19999999,0.015316947716553632,0,test
2015-10-09 07:00:00,2.29999998,0.014517987125839928,0,test
2015-10-09 08:00:00,3.4,0.014294288002905798,0,test
2015-10-09 09:00:00,7.1999998,0.013628383452307647,0,test
2015-10-09 10:00:00,6.0999999,0.013872320003239956,0,test
2015-10-09 11:00:00,10.1000004,0.012875036850840613,0,test
2015-10-09 12:00:00,10.0,0.01129330408811975,0,test
2015-10-09 13:00:00,2.5225,0.011615411356022997,0,test
2015-10-09 14:00:00,11.5999999,0.01029532491073871,0,test
2015-10-09 15:00:00,3.0999999,0.008870537234087792,0,test
2015-10-09 16:00:00,1.10000002,0.009059246217360256,0,test
2015-10-09 17:00:00,1.10000002,0.009341018134491457,0,test
2015-10-09 18:00:00,1.0,0.009851813006296953,0,test
2015-10-09 19:00:00,1.10000002,0.009957210217041546,0,test
2015-10-09 20:00:00,0.900000009999,0.009937204138335449,0,test
2015-10-09 21:00:00,0.900000009999,0.009951677054907472,0,test
2015-10-09 22:00:00,1.00000003,0.010108537631456667,0,test
2015-10-09 23:00:00,1.00000003,0.01045225847404416,0,test
2015-10-10 00:00:00,0.90000003,0.010744024725117582,0,test
2015-10-10 01:00:00,0.900000009999,0.010692632490516621,0,test
2015-10-10 02:00:00,0.900000009999,0.010456642119955452,0,test
2015-10-10 03:00:00,0.700000019999,0.01016670487926111,0,test
2015-10-10 04:00:00,1.20000004,0.009850161820401585,0,test
2015-10-10 05:00:00,0.800000019997,0.009625624461245683,0,test
2015-10-10 06:00:00,0.800000019997,0.00950211182398554,0,test
2015-10-10 07:00:00,1.10000002,0.009581318491042214,0,test
2015-10-10 08:00:00,1.10000002,0.009832381657637876,0,test
2015-10-10 09:00:00,0.900000009999,0.009906664369180753,0,test
2015-10-10 10:00:00,0.900000009999,0.009760970718766096,0,test
2015-10-10 11:00:00,0.700000019999,0.008265856536086342,0,test
2015-10-10 12:00:00,1.0,0.006976531049036163,0,test
2015-10-10 13:00:00,0.700000019999,0.007134967141359215,0,test
2015-10-10 14:00:00,1.0,0.005725972286278982,0,test
2015-10-10 15:00:00,0.800000019997,0.00600787990208241,0,test
2015-10-10 16:00:00,0.800000019997,0.006439756178185264,0,test
2015-10-10 17:00:00,1.0,0.006822105437075907,0,test
2015-10-10 18:00:00,1.10000002,0.007219139295789655,0,test
2015-10-10 19:00:00,0.900000009999,0.007792507384921592,0,test
2015-10-10 20:00:00,0.900000009999,0.008366150541327933,0,test
2015-10-10 21:00:00,0.800000019997,0.008752475276886156,0,test
2015-10-10 22:00:00,0.900000009999,0.009040905752772064,0,test
2015-10-10 23:00:00,0.800000019997,0.00957155836152027,0,test
2015-10-11 00:00:00,0.800000019997,0.015598227707827558,0,test
2015-10-11 01:00:00,0.60000002,0.020888884366340548,0,test
2015-10-11 02:00:00,1.00000003,0.01780190554428648,0,test
2015-10-11 03:00:00,0.80000001,0.01064529137391104,0,test
2015-10-11 04:00:00,0.800000019997,0.009301436498050344,0,test
2015-10-11 05:00:00,0.900000009999,0.009434479909895993,0,test
2015-10-11 06:00:00,1.00000003,0.00984673959703578,0,test
2015-10-11 07:00:00,1.0,0.009807359229111101,0,test
2015-10-11 08:00:00,1.00000003,0.009371921572595168,0,test
2015-10-11 09:00:00,0.900000009999,0.009454843423475528,0,test
2015-10-11 10:00:00,1.10000002,0.00959474629099629,0,test
2015-10-11 11:00:00,0.700000019999,0.010268637800985986,0,test
2015-10-11 12:00:00,0.900000009999,0.011348288031455376,0,test
2015-10-11 13:00:00,0.80000001,0.012099901844095188,0,test
2015-10-11 14:00:00,0.800000019997,0.01359365129048111,0,test
2015-10-11 15:00:00,1.0,0.015542576828911121,0,test
2015-10-11 16:00:00,0.900000009999,0.014769221046066136,0,test
2015-10-11 17:00:00,0.900000009999,0.01353623059231128,0,test
2015-10-11 18:00:00,0.700000019999,0.012773437005148191,0,test
2015-10-11 19:00:00,1.10000002,0.01238883208908752,0,test
2015-10-11 20:00:00,0.700000019999,0.012616249960126488,0,test
2015-10-11 21:00:00,0.800000019997,0.012463562393505245,0,test
2015-10-11 22:00:00,0.900000009999,0.011340807003408636,0,test
2015-10-11 23:00:00,0.800000019997,0.009227058996228232,0,test
2015-10-12 00:00:00,0.90000003,0.008844135061474684,0,test
2015-10-12 01:00:00,1.00000003,0.008554791828976482,0,test
2015-10-12 02:00:00,0.800000019997,0.008534713386382765,0,test
2015-10-12 03:00:00,0.900000009999,0.008661900093108412,0,test
2015-10-12 04:00:00,0.80000001,0.00876999173036532,0,test
2015-10-12 05:00:00,0.800000019997,0.008901940891095856,0,test
2015-10-12 06:00:00,1.0,0.008787036593861946,0,test
2015-10-12 07:00:00,1.40000003,0.008578773224444463,0,test
2015-10-12 08:00:00,5.0,0.008796598489143511,0,test
2015-10-12 09:00:00,7.5,0.009582956132250436,0,test
2015-10-12 10:00:00,6.9000001,0.009979364954910848,0,test
2015-10-12 11:00:00,9.0,0.010061722836146411,0,test
2015-10-12 12:00:00,10.0999999,0.008638738695727198,0,test
2015-10-12 13:00:00,4.4525,0.00832460698252133,0,test
2015-10-12 14:00:00,8.5999999,0.008122299553722824,0,test
2015-10-12 15:00:00,2.7,0.008365008441214378,0,test
2015-10-12 16:00:00,1.59999997,0.008261013175432536,0,test
2015-10-12 17:00:00,1.69999999,0.008251570480019631,0,test
2015-10-12 18:00:00,1.5,0.00846639944899838,0,test
2015-10-12 19:00:00,1.20000004,0.008796299122115625,0,test
2015-10-12 20:00:00,1.39999998,0.009017208159090814,0,test
2015-10-12 21:00:00,1.30000001,0.009070867105791035,0,test
2015-10-12 22:00:00,1.10000002,0.008824162606675847,0,test
2015-10-12 23:00:00,1.60000002,0.008367141008638054,0,test
2015-10-13 00:00:00,1.19999999,0.008123028131471593,0,test
2015-10-13 01:00:00,1.39999998,0.007860312155830926,0,test
2015-10-13 02:00:00,1.30000001,0.007797570821223522,0,test
2015-10-13 03:00:00,1.10000002,0.007790122510615146,0,test
2015-10-13 04:00:00,1.1,0.007984810875339145,0,test
2015-10-13 05:00:00,1.30000001,0.008321705285474426,0,test
2015-10-13 06:00:00,1.30000001,0.008483878064124564,0,test
2015-10-13 07:00:00,2.80000001,0.008575441620242796,0,test
2015-10-13 08:00:00,3.3999999,0.008919821592657098,0,test
2015-10-13 09:00:00,6.8,0.008764255159330946,0,test
2015-10-13 10:00:00,6.7,0.008923745005964592,0,test
2015-10-13 11:00:00,9.2999997,0.00895142819837762,0,test
2015-10-13 12:00:00,10.7999997,0.008224246676578667,0,test
2015-10-13 13:00:00,5.3975,0.009059635446274989,0,test
2015-10-13 14:00:00,11.3000002,0.008638058749707406,0,test
2015-10-13 15:00:00,3.8,0.007456512762756521,0,test
2015-10-13 16:00:00,1.89999998,0.007483601286541126,0,test
2015-10-13 17:00:00,1.80000001,0.007665286408682927,0,test
2015-10-13 18:00:00,1.5,0.007908470418955127,0,test
2015-10-13 19:00:00,1.39999998,0.00801827205520091,0,test
2015-10-13 20:00:00,1.59999997,0.008021037560216446,0,test
2015-10-13 21:00:00,1.20000004,0.007944368653982419,0,test
2015-10-13 22:00:00,1.30000001,0.007663695618224786,0,test
2015-10-13 23:00:00,1.39999998,0.007273124717962258,0,test
2015-10-14 00:00:00,1.30000001,0.007242971372469213,0,test
2015-10-14 01:00:00,1.30000001,0.007070404772323194,0,test
2015-10-14 02:00:00,1.5,0.007116467746878822,0,test
2015-10-14 03:00:00,1.10000002,0.007152520919336222,0,test
2015-10-14 04:00:00,1.10000002,0.007164310986028154,0,test
2015-10-14 05:00:00,1.5,0.007181195874486785,0,test
2015-10-14 06:00:00,1.30000001,0.00719693427447645,0,test
2015-10-14 07:00:00,2.69999998,0.007379422242966711,0,test
2015-10-14 08:00:00,3.2,0.00777977470689878,0,test
2015-10-14 09:00:00,6.7999999,0.008257663057867988,0,test
2015-10-14 10:00:00,6.5,0.00919497951418257,0,test
2015-10-14 11:00:00,10.5,0.009051670032283415,0,test
2015-10-14 12:00:00,10.6999998,0.007477037749092617,0,test
2015-10-14 13:00:00,3.3575,0.00814998274947683,0,test
2015-10-14 14:00:00,6.835,0.0077659711339064085,0,test
2015-10-14 15:00:00,3.9,0.008615673859539145,0,test
2015-10-14 16:00:00,1.69999999,0.008683367842629663,0,test
2015-10-14 17:00:00,1.80000001,0.008921556735453586,0,test
2015-10-14 18:00:00,1.5,0.009247573250546112,0,test
2015-10-14 19:00:00,1.39999998,0.009519042326170079,0,test
2015-10-14 20:00:00,1.20000004,0.009594415475366712,0,test
2015-10-14 21:00:00,1.39999998,0.009454662659902899,0,test
2015-10-14 22:00:00,1.20000004,0.009209484518624985,0,test
2015-10-14 23:00:00,1.30000001,0.009094852580693672,0,test
2015-10-15 00:00:00,1.39999998,0.009246291285985603,0,test
2015-10-15 01:00:00,1.5,0.009321643380704727,0,test
2015-10-15 02:00:00,1.10000002,0.009581923626792624,0,test
2015-10-15 03:00:00,1.40000003,0.009786128481273113,0,test
2015-10-15 04:00:00,1.0,0.009922343307983996,0,test
2015-10-15 05:00:00,1.5,0.009964561255277083,0,test
2015-10-15 06:00:00,1.19999999,0.009685784581993076,0,test
2015-10-15 07:00:00,2.70000001,0.009486741877347202,0,test
2015-10-15 08:00:00,3.5,0.010112233349336206,0,test
2015-10-15 09:00:00,8.0,0.010655193673480045,0,test
2015-10-15 10:00:00,7.9000001,0.011532381768938681,0,test
2015-10-15 11:00:00,9.5999999,0.011381540035426154,0,test
2015-10-15 12:00:00,10.3999996,0.009988817766519996,0,test
2015-10-15 13:00:00,3.24,0.011073998717297901,0,test
2015-10-15 14:00:00,12.0999999,0.012104244439694113,0,test
2015-10-15 15:00:00,4.3999999,0.011220309903694398,0,test
2015-10-15 16:00:00,2.20000001,0.011384768387771001,0,test
2015-10-15 17:00:00,1.59999997,0.011649564646318729,0,test
2015-10-15 18:00:00,1.5,0.01194150122717368,0,test
2015-10-15 19:00:00,1.40000003,0.012236923451937602,0,test
2015-10-15 20:00:00,1.10000002,0.012511683434286837,0,test
2015-10-15 21:00:00,1.5,0.012772412826171201,0,test
2015-10-15 22:00:00,1.10000002,0.013046656512030163,0,test
2015-10-15 23:00:00,1.39999998,0.013409916372922622,0,test
2015-10-16 00:00:00,1.00000003,0.014636808159600941,0,test
2015-10-16 01:00:00,1.39999998,0.014329364424584278,0,test
2015-10-16 02:00:00,1.30000001,0.01411768260698954,0,test
2015-10-16 03:00:00,1.40000003,0.015036263686689038,0,test
2015-10-16 04:00:00,1.10000002,0.016309528237407042,0,test
2015-10-16 05:00:00,1.19999999,0.016979630651795388,0,test
2015-10-16 06:00:00,1.5,0.01615544432040281,0,test
2015-10-16 07:00:00,2.9,0.015209315952287406,0,test
2015-10-16 08:00:00,3.0,0.014919793594879594,0,test
2015-10-16 09:00:00,7.4,0.014053508446010856,0,test
2015-10-16 10:00:00,9.5999999,0.013531191312889747,0,test
2015-10-16 11:00:00,7.3875,0.01199617780868458,0,test
2015-10-16 12:00:00,6.98,0.010593146674615845,0,test
2015-10-16 13:00:00,2.3425,0.011584367179121152,0,test
2015-10-16 14:00:00,10.8000002,0.008769646712205646,0,test
2015-10-16 15:00:00,3.8999999,0.007671636732889021,0,test
2015-10-16 16:00:00,1.1,0.007895422477343655,0,test
2015-10-16 17:00:00,1.0,0.00828395747591861,0,test
2015-10-16 18:00:00,1.00000003,0.008915699173012343,0,test
2015-10-16 19:00:00,0.900000009999,0.009033362146163305,0,test
2015-10-16 20:00:00,0.900000009999,0.008961551984127448,0,test
2015-10-16 21:00:00,0.800000019997,0.008991334200458076,0,test
2015-10-16 22:00:00,0.80000001,0.009160506106568376,0,test
2015-10-16 23:00:00,1.0,0.009535472855515006,0,test
2015-10-17 00:00:00,0.700000019999,0.00984265730590674,0,test
2015-10-17 01:00:00,0.900000009999,0.009829629963800674,0,test
2015-10-17 02:00:00,0.700000019999,0.00967445923899462,0,test
2015-10-17 03:00:00,1.0,0.009442243189800232,0,test
2015-10-17 04:00:00,0.700000019999,0.009222528285542445,0,test
2015-10-17 05:00:00,0.800000019997,0.009041304560444066,0,test
2015-10-17 06:00:00,1.00000003,0.009006140748038577,0,test
2015-10-17 07:00:00,1.0,0.009209791577946446,0,test
2015-10-17 08:00:00,1.10000002,0.00952052385496577,0,test
2015-10-17 09:00:00,0.90000003,0.00953844947265357,0,test
2015-10-17 10:00:00,0.700000019999,0.008652826691232613,0,test
2015-10-17 11:00:00,1.10000002,0.007489737239584527,0,test
2015-10-17 12:00:00,0.80000001,0.006781309515392205,0,test
2015-10-17 13:00:00,0.800000019997,0.006979237869118181,0,test
2015-10-17 14:00:00,0.900000009999,0.005877717109007037,0,test
2015-10-17 15:00:00,1.0,0.006120386765091257,0,test
2015-10-17 16:00:00,0.800000019997,0.0065548602317430935,0,test
2015-10-17 17:00:00,0.900000009999,0.006929721621226868,0,test
2015-10-17 18:00:00,0.90000003,0.007320903763663382,0,test
2015-10-17 19:00:00,1.00000003,0.007894151951348675,0,test
2015-10-17 20:00:00,0.700000019999,0.008470800909989997,0,test
2015-10-17 21:00:00,0.80000001,0.008860903057264249,0,test
2015-10-17 22:00:00,0.900000009999,0.009147875694194523,0,test
2015-10-17 23:00:00,0.800000019997,0.009674841571091374,0,test
2015-10-18 00:00:00,0.900000009999,0.01568377420653061,0,test
2015-10-18 01:00:00,0.90000003,0.02095822987022772,0,test
2015-10-18 02:00:00,0.60000002,0.017846819310361358,0,test
2015-10-18 03:00:00,1.19999999,0.010703523714688957,0,test
2015-10-18 04:00:00,0.700000019999,0.009411027629627334,0,test
2015-10-18 05:00:00,0.700000019999,0.009555469217657967,0,test
2015-10-18 06:00:00,1.10000002,0.00994400188460001,0,test
2015-10-18 07:00:00,0.900000009999,0.00991620866733273,0,test
2015-10-18 08:00:00,1.1,0.009272706151058189,0,test
2015-10-18 09:00:00,0.800000019997,0.00974959028009413,0,test
2015-10-18 10:00:00,0.800000019997,0.010363191772580153,0,test
2015-10-18 11:00:00,0.800000019997,0.011311771727488585,0,test
2015-10-18 12:00:00,0.900000009999,0.012871066006508395,0,test
2015-10-18 13:00:00,0.700000019999,0.01428694980355509,0,test
2015-10-18 14:00:00,1.0,0.01603056272766855,0,test
2015-10-18 15:00:00,0.60000002,0.018621913196172485,0,test
2015-10-18 16:00:00,1.1,0.017204090311887254,0,test
2015-10-18 17:00:00,0.800000019997,0.01592608480924061,0,test
2015-10-18 18:00:00,0.80000001,0.01518162018360608,0,test
2015-10-18 19:00:00,1.00000003,0.014753000731993506,0,test
2015-10-18 20:00:00,0.700000019999,0.01500612344698879,0,test
2015-10-18 21:00:00,0.800000019997,0.014932094249252357,0,test
2015-10-18 22:00:00,1.0,0.013896049506599012,0,test
2015-10-18 23:00:00,0.700000019999,0.011796126574424711,0,test
2015-10-19 00:00:00,1.1,0.011551357394780025,0,test
2015-10-19 01:00:00,0.900000009999,0.011400726618914718,0,test
2015-10-19 02:00:00,0.80000001,0.011469408214712833,0,test
2015-10-19 03:00:00,0.900000009999,0.011720531461322183,0,test
2015-10-19 04:00:00,0.700000019999,0.011874840192516502,0,test
2015-10-19 05:00:00,1.00000003,0.01207353825819793,0,test
2015-10-19 06:00:00,0.800000019997,0.0118755921390165,0,test
2015-10-19 07:00:00,1.30000001,0.011506417618539341,0,test
2015-10-19 08:00:00,2.5,0.011544677437852846,0,test
2015-10-19 09:00:00,9.0999999,0.011852648552682594,0,test
2015-10-19 10:00:00,8.0000002,0.012105430546129189,0,test
2015-10-19 11:00:00,9.4000001,0.01227212025726193,0,test
2015-10-19 12:00:00,11.9000001,0.01092519415105552,0,test
2015-10-19 13:00:00,4.275,0.010221760591626683,0,test
2015-10-19 14:00:00,10.8000002,0.010016692809630278,0,test
2015-10-19 15:00:00,3.6,0.008882469511818382,0,test
2015-10-19 16:00:00,1.79999996,0.008760642310164877,0,test
2015-10-19 17:00:00,1.30000001,0.008625430741007802,0,test
2015-10-19 18:00:00,1.5,0.008737685983975424,0,test
2015-10-19 19:00:00,1.10000002,0.008973583032230777,0,test
2015-10-19 20:00:00,1.39999998,0.009155820376073912,0,test
2015-10-19 21:00:00,1.30000001,0.009223725476023202,0,test
2015-10-19 22:00:00,1.30000001,0.009049128323706373,0,test
2015-10-19 23:00:00,1.10000002,0.008696940896030712,0,test
2015-10-20 00:00:00,1.10000002,0.008527745636063748,0,test
2015-10-20 01:00:00,1.39999998,0.008304753602593595,0,test
2015-10-20 02:00:00,1.10000002,0.008270351094716279,0,test
2015-10-20 03:00:00,1.10000002,0.008251647975440307,0,test
2015-10-20 04:00:00,1.30000001,0.008334281238078634,0,test
2015-10-20 05:00:00,1.20000002,0.008643649701668206,0,test
2015-10-20 06:00:00,1.30000001,0.008773332848304748,0,test
2015-10-20 07:00:00,2.5,0.008844175514946815,0,test
2015-10-20 08:00:00,3.1,0.009071182895844385,0,test
2015-10-20 09:00:00,6.7000001,0.009173895136335902,0,test
2015-10-20 10:00:00,6.7,0.009654864050967707,0,test
2015-10-20 11:00:00,10.3000002,0.009537932567436843,0,test
2015-10-20 12:00:00,11.7000003,0.007689526910724431,0,test
2015-10-20 13:00:00,4.8725,0.00776046521686742,0,test
2015-10-20 14:00:00,7.3375,0.007330451794039938,0,test
2015-10-20 15:00:00,6.1,0.007874470093062432,0,test
2015-10-20 16:00:00,2.6,0.0077462968898906566,0,test
2015-10-20 17:00:00,1.39999998,0.00789124896762757,0,test
2015-10-20 18:00:00,1.59999997,0.008140352491512121,0,test
2015-10-20 19:00:00,1.40000003,0.008291333335113006,0,test
2015-10-20 20:00:00,1.30000001,0.008291890798687576,0,test
2015-10-20 21:00:00,1.20000004,0.008171196588723778,0,test
2015-10-20 22:00:00,1.5,0.00791340198623866,0,test
2015-10-20 23:00:00,1.10000002,0.007540025271792935,0,test
2015-10-21 00:00:00,1.40000003,0.007575167391951947,0,test
2015-10-21 01:00:00,1.30000001,0.007466449569833318,0,test
2015-10-21 02:00:00,1.30000001,0.007517839428885822,0,test
2015-10-21 03:00:00,1.10000002,0.007561524624069411,0,test
2015-10-21 04:00:00,1.40000003,0.007568824514833802,0,test
2015-10-21 05:00:00,1.20000004,0.007539308009596531,0,test
2015-10-21 06:00:00,1.20000004,0.007439009539804766,0,test
2015-10-21 07:00:00,2.6,0.007503001382981206,0,test
2015-10-21 08:00:00,3.5,0.007828218630962407,0,test
2015-10-21 09:00:00,7.9999998,0.00831518209604538,0,test
2015-10-21 10:00:00,5.2999999,0.008990394293491417,0,test
2015-10-21 11:00:00,9.5,0.008455340170891217,0,test
2015-10-21 12:00:00,8.8,0.0070083103903349105,0,test
2015-10-21 13:00:00,3.11,0.008250736250117973,0,test
2015-10-21 14:00:00,10.9000001,0.00943611285848323,0,test
2015-10-21 15:00:00,4.2999999,0.009084508977913951,0,test
2015-10-21 16:00:00,1.99999998,0.009142945002705611,0,test
2015-10-21 17:00:00,1.60000002,0.009314451053192573,0,test
2015-10-21 18:00:00,1.39999998,0.00958125388482418,0,test
2015-10-21 19:00:00,1.30000001,0.009822802084594486,0,test
2015-10-21 20:00:00,1.30000001,0.009872802518077319,0,test
2015-10-21 21:00:00,1.30000001,0.00973394555504555,0,test
2015-10-21 22:00:00,1.20000004,0.009529478038042249,0,test
2015-10-21 23:00:00,1.5,0.009426046502257998,0,test
2015-10-22 00:00:00,1.0,0.009606273239470648,0,test
2015-10-22 01:00:00,1.40000003,0.009692504635539338,0,test
2015-10-22 02:00:00,1.20000004,0.009952533546408605,0,test
2015-10-22 03:00:00,1.30000001,0.01018184235579295,0,test
2015-10-22 04:00:00,1.30000001,0.010353250476357807,0,test
2015-10-22 05:00:00,1.20000004,0.010390279297397076,0,test
2015-10-22 06:00:00,1.10000002,0.010105354543148317,0,test
2015-10-22 07:00:00,2.9,0.009901926640381193,0,test
2015-10-22 08:00:00,3.3,0.010550671114664461,0,test
2015-10-22 09:00:00,7.7999997,0.010997553094806075,0,test
2015-10-22 10:00:00,8.2999997,0.011706564107342833,0,test
2015-10-22 11:00:00,9.6999998,0.01146148916123253,0,test
2015-10-22 12:00:00,9.5999999,0.010519934048745707,0,test
2015-10-22 13:00:00,3.0875,0.012077029865370684,0,test
2015-10-22 14:00:00,11.5,0.011534932642524828,0,test
2015-10-22 15:00:00,4.2000001,0.01114893075758563,0,test
2015-10-22 16:00:00,1.80000001,0.011425771645549528,0,test
2015-10-22 17:00:00,1.59999997,0.01178575818944474,0,test
2015-10-22 18:00:00,1.20000004,0.012140187903396103,0,test
2015-10-22 19:00:00,1.40000003,0.012461119143470914,0,test
2015-10-22 20:00:00,1.40000003,0.01274367836485278,0,test
2015-10-22 21:00:00,1.30000001,0.013008477922277474,0,test
2015-10-22 22:00:00,1.20000004,0.013269197171648418,0,test
2015-10-22 23:00:00,1.30000001,0.013655974321843496,0,test
2015-10-23 00:00:00,1.00000003,0.014814080027396235,0,test
2015-10-23 01:00:00,1.39999998,0.014527963684271132,0,test
2015-10-23 02:00:00,1.0,0.014318505877013272,0,test
2015-10-23 03:00:00,1.39999998,0.015143123522769157,0,test
2015-10-23 04:00:00,1.30000001,0.01629079978369675,0,test
2015-10-23 05:00:00,1.20000004,0.01673955350341137,0,test
2015-10-23 06:00:00,1.30000001,0.0157752175273317,0,test
2015-10-23 07:00:00,2.4,0.014864918483214664,0,test
2015-10-23 08:00:00,2.6,0.01471794801848687,0,test
2015-10-23 09:00:00,8.0999999,0.013785677601476564,0,test
2015-10-23 10:00:00,8.8000002,0.012584224295223254,0,test
2015-10-23 11:00:00,7.12,0.011563711534790123,0,test
2015-10-23 12:00:00,6.5875,0.010901524226074853,0,test
2015-10-23 13:00:00,2.195,0.01201572976069525,0,test
2015-10-23 14:00:00,11.4000001,0.009474782156032386,0,test
2015-10-23 15:00:00,3.1,0.008080506800949985,0,test
2015-10-23 16:00:00,1.0,0.008313110220158534,0,test
2015-10-23 17:00:00,0.800000019997,0.00867122219796059,0,test
2015-10-23 18:00:00,1.00000003,0.009249439933338719,0,test
2015-10-23 19:00:00,0.900000009999,0.009270951935864163,0,test
2015-10-23 20:00:00,0.700000019999,0.009260171209908064,0,test
2015-10-23 21:00:00,1.0,0.009354286798489554,0,test
2015-10-23 22:00:00,0.800000019997,0.009627417366816637,0,test
2015-10-23 23:00:00,0.80000001,0.010009560304806386,0,test
2015-10-24 00:00:00,1.10000002,0.010308443220374825,0,test
2015-10-24 01:00:00,0.700000019999,0.010269439555054294,0,test
2015-10-24 02:00:00,0.700000019999,0.010199761824249821,0,test
2015-10-24 03:00:00,0.900000009999,0.01003740890238623,0,test
2015-10-24 04:00:00,0.90000003,0.00983770880989132,0,test
2015-10-24 05:00:00,0.800000019997,0.009658955876772414,0,test
2015-10-24 06:00:00,0.900000009999,0.00961836018348451,0,test
2015-10-24 07:00:00,1.1,0.009800657009646536,0,test
2015-10-24 08:00:00,1.10000002,0.010095934103973386,0,test
2015-10-24 09:00:00,0.700000019999,0.010033021537036054,0,test
2015-10-24 10:00:00,0.900000009999,0.009228267478277983,0,test
2015-10-24 11:00:00,0.900000009999,0.007931768629100435,0,test
2015-10-24 12:00:00,0.700000019999,0.006998498264155354,0,test
2015-10-24 13:00:00,0.900000009999,0.007064758225739103,0,test
2015-10-24 14:00:00,0.800000019997,0.005753973276589315,0,test
2015-10-24 15:00:00,0.80000001,0.0059998175385410635,0,test
2015-10-24 16:00:00,0.900000009999,0.006416381131562967,0,test
2015-10-24 17:00:00,0.800000019997,0.006813600528845468,0,test
2015-10-24 18:00:00,0.80000001,0.007153989672131099,0,test
2015-10-24 19:00:00,0.90000003,0.007542542179972369,0,test
2015-10-24 20:00:00,0.80000001,0.008094664248278755,0,test
2015-10-24 21:00:00,0.700000019999,0.008616751254456908,0,test
2015-10-24 22:00:00,0.800000019997,0.008963924068740118,0,test
2015-10-24 23:00:00,0.900000009999,0.009160576036927874,0,test
2015-10-25 00:00:00,0.90000003,0.009549902817394682,0,test
2015-10-25 01:00:00,1.5,0.01590706601855618,0,test
2015-10-25 01:00:00,1.5,0.021363084540568424,1,test
2015-10-25 02:00:00,1.69999999,0.019236906066142898,0,test
2015-10-25 03:00:00,1.20000004,0.011068898272105073,0,test
2015-10-25 04:00:00,1.5,0.009486193218513302,0,test
2015-10-25 05:00:00,1.39999998,0.009625321484546853,0,test
2015-10-25 06:00:00,1.69999999,0.00990382307266881,0,test
2015-10-25 07:00:00,1.5,0.009657765052693426,0,test
2015-10-25 08:00:00,0.80000001,0.009447539852090486,0,test
2015-10-25 09:00:00,0.700000019999,0.00911704049951176,0,test
2015-10-25 10:00:00,1.00000003,0.00975996049339292,0,test
2015-10-25 11:00:00,0.700000019999,0.01087173508361131,0,test
2015-10-25 12:00:00,0.700000019999,0.011548070568498096,0,test
2015-10-25 13:00:00,0.900000009999,0.01265399568958028,0,test
2015-10-25 14:00:00,0.800000019997,0.013543875730699383,0,test
2015-10-25 15:00:00,0.80000001,0.014695062107703449,0,test
2015-10-25 16:00:00,0.900000009999,0.016206957710924633,0,test
2015-10-25 17:00:00,0.800000019997,0.015401208079103192,0,test
2015-10-25 18:00:00,0.900000009999,0.014969326959396678,0,test
2015-10-25 19:00:00,0.80000001,0.014916027632675213,0,test
2015-10-25 20:00:00,0.700000019999,0.015284440500844943,0,test
2015-10-25 21:00:00,0.800000019997,0.015199239781309359,0,test
2015-10-25 22:00:00,0.90000003,0.014367029824060204,0,test
2015-10-25 23:00:00,0.80000001,0.013315722797454424,0,test
2015-10-26 00:00:00,0.90000003,0.012885139910540846,0,test
2015-10-26 01:00:00,1.40000003,0.01252000056029302,0,test
2015-10-26 02:00:00,1.5,0.012071673564487986,0,test
2015-10-26 03:00:00,1.40000003,0.011480577689349408,0,test
2015-10-26 04:00:00,1.30000001,0.010977401976999309,0,test
2015-10-26 05:00:00,1.5,0.01067228883362175,0,test
2015-10-26 06:00:00,1.5,0.010799367429276646,0,test
2015-10-26 07:00:00,1.69999999,0.011582548875388062,0,test
2015-10-26 08:00:00,0.700000019999,0.011744848252413167,0,test
2015-10-26 09:00:00,0.800000019997,0.011769018661217054,0,test
2015-10-26 10:00:00,1.00000003,0.011990335380259134,0,test
2015-10-26 11:00:00,0.800000019997,0.011197068959539935,0,test
2015-10-26 12:00:00,0.700000019999,0.010872085816026295,0,test
2015-10-26 13:00:00,0.800000019997,0.009658344488821325,0,test
2015-10-26 14:00:00,0.900000009999,0.009613814480233882,0,test
2015-10-26 15:00:00,0.80000001,0.009578380816530445,0,test
2015-10-26 16:00:00,0.900000009999,0.009740364199573814,0,test
2015-10-26 17:00:00,0.900000009999,0.010113903997733641,0,test
2015-10-26 18:00:00,0.900000009999,0.01060592235683997,0,test
2015-10-26 19:00:00,0.60000002,0.011011650373975414,0,test
2015-10-26 20:00:00,1.0,0.011177029602983748,0,test
2015-10-26 21:00:00,0.60000002,0.011051547185091824,0,test
2015-10-26 22:00:00,0.800000019997,0.010649805941545135,0,test
2015-10-26 23:00:00,0.90000003,0.01034825942785495,0,test
2015-10-27 00:00:00,0.900000009999,0.010823888584232848,0,test
2015-10-27 01:00:00,0.800000019997,0.011558429787538004,0,test
2015-10-27 02:00:00,0.90000003,0.011431697598905157,0,test
2015-10-27 03:00:00,0.800000019997,0.010212801035149656,0,test
2015-10-27 04:00:00,1.40000003,0.009877597558971565,0,test
2015-10-27 05:00:00,1.60000002,0.00990450362355554,0,test
2015-10-27 06:00:00,1.69999999,0.010100487342505163,0,test
2015-10-27 07:00:00,1.20000002,0.010393687114371806,0,test
2015-10-27 08:00:00,0.900000009999,0.011152647502430772,0,test
2015-10-27 09:00:00,0.700000019999,0.010914214359631342,0,test
2015-10-27 10:00:00,0.900000009999,0.010547684765204193,0,test
2015-10-27 11:00:00,0.700000019999,0.00963222561729275,0,test
2015-10-27 12:00:00,0.80000001,0.009420320380450658,0,test
2015-10-27 13:00:00,0.700000019999,0.009866370877243357,0,test
2015-10-27 14:00:00,0.900000009999,0.009579589870106176,0,test
2015-10-27 15:00:00,0.80000001,0.009541789845219851,0,test
2015-10-27 16:00:00,0.800000019997,0.00954656302243829,0,test
2015-10-27 17:00:00,0.900000009999,0.009594141186661884,0,test
2015-10-27 18:00:00,0.90000003,0.009682068563905811,0,test
2015-10-27 19:00:00,0.60000002,0.009735720581987019,0,test
2015-10-27 20:00:00,0.90000003,0.009604464615412818,0,test
2015-10-27 21:00:00,0.700000019999,0.009163944090178679,0,test
2015-10-27 22:00:00,0.90000003,0.00847477592143742,0,test
2015-10-27 23:00:00,0.800000019997,0.007849616951949773,0,test
2015-10-28 00:00:00,1.0,0.007919474666461694,0,test
2015-10-28 01:00:00,1.5,0.00817705818703461,0,test
2015-10-28 02:00:00,1.40000003,0.008743763291845143,0,test
2015-10-28 03:00:00,1.5,0.0077220656143390295,0,test
2015-10-28 04:00:00,1.30000001,0.0076626175768905146,0,test
2015-10-28 05:00:00,1.40000003,0.007915684427739917,0,test
2015-10-28 06:00:00,1.59999997,0.008151596194158818,0,test
2015-10-28 07:00:00,1.60000002,0.00890931494723216,0,test
2015-10-28 08:00:00,0.700000019999,0.010353920891387048,0,test
2015-10-28 09:00:00,0.80000001,0.012194802375148348,0,test
2015-10-28 10:00:00,0.80000001,0.012696285250247397,0,test
2015-10-28 11:00:00,0.700000019999,0.01312085974640659,0,test
2015-10-28 12:00:00,1.00000003,0.01375406196736116,0,test
2015-10-28 13:00:00,0.60000002,0.014089403828930171,0,test
2015-10-28 14:00:00,0.800000019997,0.014484685938108107,0,test
2015-10-28 15:00:00,1.00000003,0.014877694909177603,0,test
2015-10-28 16:00:00,0.900000009999,0.015214179830291542,0,test
2015-10-28 17:00:00,0.900000009999,0.0156686909021442,0,test
2015-10-28 18:00:00,0.700000019999,0.01616334678551377,0,test
2015-10-28 19:00:00,1.00000003,0.016395368662920167,0,test
2015-10-28 20:00:00,0.800000019997,0.016218464221779392,0,test
2015-10-28 21:00:00,0.700000019999,0.015796806714155575,0,test
2015-10-28 22:00:00,0.80000001,0.01552755870217801,0,test
2015-10-28 23:00:00,0.90000003,0.015669685868417126,0,test
2015-10-29 00:00:00,0.90000003,0.015872302432768656,0,test
2015-10-29 01:00:00,0.80000001,0.016453624772309806,0,test
2015-10-29 02:00:00,0.800000019997,0.016886491843142237,0,test
2015-10-29 03:00:00,0.80000001,0.01629045346397101,0,test
2015-10-29 04:00:00,0.900000009999,0.015112946603505883,0,test
2015-10-29 05:00:00,0.800000019997,0.014664960156678054,0,test
2015-10-29 06:00:00,0.900000009999,0.01447333470789185,0,test
2015-10-29 07:00:00,6.0000001,0.01466949504898398,0,test
2015-10-29 08:00:00,8.2000003,0.014540070219148462,0,test
2015-10-29 09:00:00,4.10000001,0.01417320138772447,0,test
2015-10-29 10:00:00,0.80000001,0.013709242261637153,0,test
2015-10-29 11:00:00,0.900000009999,0.01328340296977335,0,test
2015-10-29 12:00:00,0.900000009999,0.01370501124534803,0,test
2015-10-29 13:00:00,0.80000001,0.013452383949233033,0,test
2015-10-29 14:00:00,0.800000019997,0.013460780541796127,0,test
2015-10-29 15:00:00,0.800000019997,0.013637482571168149,0,test
2015-10-29 16:00:00,0.700000019999,0.01394089718152955,0,test
2015-10-29 17:00:00,1.0,0.014205793291576316,0,test
2015-10-29 18:00:00,0.800000019997,0.014151069648803982,0,test
2015-10-29 19:00:00,0.900000009999,0.013795572843390638,0,test
2015-10-29 20:00:00,0.80000001,0.013279733771746472,0,test
2015-10-29 21:00:00,0.800000019997,0.012777166418181938,0,test
2015-10-29 22:00:00,0.60000002,0.012450074390942345,0,test
2015-10-29 23:00:00,1.30000001,0.012394001577556718,0,test
2015-10-30 00:00:00,0.90000003,0.013036216357368088,0,test
2015-10-30 01:00:00,1.5,0.012599275868926842,0,test
2015-10-30 02:00:00,1.39999998,0.011792293770208805,0,test
2015-10-30 03:00:00,1.5,0.010955343058979668,0,test
2015-10-30 04:00:00,1.40000003,0.010449027869865901,0,test
2015-10-30 05:00:00,1.5,0.010183240875342548,0,test
2015-10-30 06:00:00,1.5,0.01009433432472812,0,test
2015-10-30 07:00:00,1.40000003,0.009903166980279283,0,test
2015-10-30 08:00:00,1.00000003,0.008827432312521503,0,test
2015-10-30 09:00:00,0.900000009999,0.00825290727465842,0,test
2015-10-30 10:00:00,0.60000002,0.008368335004509566,0,test
2015-10-30 11:00:00,0.900000009999,0.008482160503013902,0,test
2015-10-30 12:00:00,0.800000019997,0.00828858144513178,0,test
2015-10-30 13:00:00,0.900000009999,0.006228906654052674,0,test
2015-10-30 14:00:00,0.700000019999,0.006238850621853907,0,test
2015-10-30 15:00:00,0.900000009999,0.006586986918698138,0,test
2015-10-30 16:00:00,0.700000019999,0.0071835952875311596,0,test
2015-10-30 17:00:00,1.00000003,0.007785856291783184,0,test
2015-10-30 18:00:00,0.90000003,0.00817744340813549,0,test
2015-10-30 19:00:00,0.800000019997,0.008420698367233938,0,test
2015-10-30 20:00:00,0.800000019997,0.00823788553956776,0,test
2015-10-30 21:00:00,0.900000009999,0.008010455255732287,0,test
2015-10-30 22:00:00,0.60000002,0.007923928451562442,0,test
2015-10-30 23:00:00,0.900000009999,0.008674941001101479,0,test
2015-10-31 00:00:00,0.800000019997,0.010332252969975017,0,test
2015-10-31 01:00:00,0.900000009999,0.010550636653099544,0,test
2015-10-31 02:00:00,0.700000019999,0.00985359536789819,0,test
2015-10-31 03:00:00,0.90000003,0.009336374519826973,0,test
2015-10-31 04:00:00,0.700000019999,0.009341166323649779,0,test
2015-10-31 05:00:00,0.800000019997,0.009620959549111812,0,test
2015-10-31 06:00:00,0.900000009999,0.010044743463027412,0,test
2015-10-31 07:00:00,1.0,0.010288599222902359,0,test
2015-10-31 08:00:00,0.900000009999,0.009773244445683027,0,test
2015-10-31 09:00:00,0.900000009999,0.008707761863760766,0,test
2015-10-31 10:00:00,0.900000009999,0.007542302749590914,0,test
2015-10-31 11:00:00,0.800000019997,0.006691194739139548,0,test
2015-10-31 12:00:00,0.700000019999,0.00634923559004701,0,test
2015-10-31 13:00:00,1.0,0.0064228077556871075,0,test
2015-10-31 14:00:00,0.700000019999,0.006951464383457202,0,test
2015-10-31 15:00:00,0.900000009999,0.007863359196649709,0,test
2015-10-31 16:00:00,0.800000019997,0.00879523227604502,0,test
2015-10-31 17:00:00,0.90000003,0.009639069211458384,0,test
2015-10-31 18:00:00,0.80000001,0.010293871582755118,0,test
2015-10-31 19:00:00,0.80000001,0.010538330690462797,0,test
2015-10-31 20:00:00,0.80000001,0.0102025696869888,0,test
2015-10-31 21:00:00,0.80000001,0.009576575653130722,0,test
2015-10-31 22:00:00,0.900000009999,0.009453908618564601,0,test
2015-10-31 23:00:00,0.700000019999,0.010439541948711844,0,test
2015-11-01 00:00:00,0.700000019999,0.0161693975139571,0,test
2015-11-01 01:00:00,1.00000003,0.019273814064246005,0,test
2015-11-01 02:00:00,0.80000001,0.015814110556298885,0,test
2015-11-01 03:00:00,0.700000019999,0.011814990604320305,0,test
2015-11-01 04:00:00,0.800000019997,0.01036193810866872,0,test
2015-11-01 05:00:00,0.700000019999,0.009039313675980726,0,test
2015-11-01 06:00:00,1.1,0.008095957093365103,0,test
2015-11-01 07:00:00,0.900000009999,0.007605704429706744,0,test
2015-11-01 08:00:00,1.10000002,0.007511402254181628,0,test
2015-11-01 09:00:00,0.700000019999,0.008415105798309199,0,test
2015-11-01 10:00:00,0.800000019997,0.009939470656904764,0,test
2015-11-01 11:00:00,0.900000009999,0.012228283416977636,0,test
2015-11-01 12:00:00,0.800000019997,0.015236887256572336,0,test
2015-11-01 13:00:00,0.900000009999,0.017295305906372693,0,test
2015-11-01 14:00:00,0.800000019997,0.01842053493028717,0,test
2015-11-01 15:00:00,0.800000019997,0.019468414591302444,0,test
2015-11-01 16:00:00,0.700000019999,0.020479046390970517,0,test
2015-11-01 17:00:00,0.90000003,0.022060789686889307,1,test
2015-11-01 18:00:00,1.0,0.022949673377160616,1,test
2015-11-01 19:00:00,0.60000002,0.024287664521323738,1,test
2015-11-01 20:00:00,0.900000009999,0.02565260593703703,1,test
2015-11-01 21:00:00,0.800000019997,0.026071591415422823,1,test
2015-11-01 22:00:00,0.700000019999,0.02561848039664068,1,test
2015-11-01 23:00:00,0.900000009999,0.02473145948666457,1,test
2015-11-02 00:00:00,0.800000019997,0.024389069614083828,1,test
2015-11-02 01:00:00,0.900000009999,0.02336752005266443,1,test
2015-11-02 02:00:00,0.80000001,0.02247306140520644,1,test
2015-11-02 03:00:00,0.900000009999,0.021879696262277308,1,test
2015-11-02 04:00:00,0.700000019999,0.02214095318543487,1,test
2015-11-02 05:00:00,0.900000009999,0.022842513191141257,1,test
2015-11-02 06:00:00,1.10000002,0.023585069848263536,1,test
2015-11-02 07:00:00,1.10000002,0.02406431154919605,1,test
2015-11-02 08:00:00,2.8,0.02401113942222138,1,test
2015-11-02 09:00:00,6.7000001,0.023265121821897633,1,test
2015-11-02 10:00:00,5.5,0.022843699173552133,1,test
2015-11-02 11:00:00,8.3000002,0.02301768658875212,1,test
2015-11-02 12:00:00,8.08,0.023345209603250892,1,test
2015-11-02 13:00:00,4.275,0.02360309608955219,1,test
2015-11-02 14:00:00,5.48,0.023766241937160076,1,test
2015-11-02 15:00:00,4.5999999,0.02386934760670604,1,test
2015-11-02 16:00:00,1.59999997,0.023813098361156155,1,test
2015-11-02 17:00:00,1.30000001,0.024762684315786654,1,test
2015-11-02 18:00:00,1.19999999,0.025955623975127233,1,test
2015-11-02 19:00:00,0.900000009999,0.026814778310079338,1,test
2015-11-02 20:00:00,1.19999999,0.0272187963292299,1,test
2015-11-02 21:00:00,0.900000009999,0.027115702230210294,1,test
2015-11-02 22:00:00,1.00000003,0.026272330607971295,1,test
2015-11-02 23:00:00,1.10000002,0.02489093504804025,1,test
2015-11-03 00:00:00,1.20000004,0.023888053825595074,1,test
2015-11-03 01:00:00,0.900000009999,0.02273701169426935,1,test
2015-11-03 02:00:00,1.00000003,0.021763288646389243,1,test
2015-11-03 03:00:00,0.900000009999,0.021261920085494115,0,test
2015-11-03 04:00:00,1.00000003,0.020968143852240512,0,test
2015-11-03 05:00:00,1.10000002,0.020620970317657444,0,test
2015-11-03 06:00:00,1.10000002,0.020176192272812584,0,test
2015-11-03 07:00:00,2.20000001,0.019714303895892394,0,test
2015-11-03 08:00:00,3.1,0.019488266141396014,0,test
2015-11-03 09:00:00,8.6999998,0.019046170312803402,0,test
2015-11-03 10:00:00,7.3999999,0.018948653728186625,0,test
2015-11-03 11:00:00,9.4000001,0.01883192899956226,0,test
2015-11-03 12:00:00,9.4875,0.018667414786233003,0,test
2015-11-03 13:00:00,4.67,0.020092394364846354,0,test
2015-11-03 14:00:00,11.4000001,0.021208891757624776,0,test
2015-11-03 15:00:00,4.8999999,0.020919012749792246,0,test
2015-11-03 16:00:00,1.5,0.02131971006886192,0,test
2015-11-03 17:00:00,1.20000004,0.021922777067434344,1,test
2015-11-03 18:00:00,1.10000002,0.022267393497307497,1,test
2015-11-03 19:00:00,1.0,0.0222594978960718,1,test
2015-11-03 20:00:00,1.10000002,0.02223011839840792,1,test
2015-11-03 21:00:00,0.800000019997,0.02213288251195942,1,test
2015-11-03 22:00:00,1.10000002,0.021625823855364597,1,test
2015-11-03 23:00:00,0.900000009999,0.020721214605656513,0,test
2015-11-04 00:00:00,1.10000002,0.02022802199259241,0,test
2015-11-04 01:00:00,1.0,0.019716261703035132,0,test
2015-11-04 02:00:00,1.0,0.019118398792595057,0,test
2015-11-04 03:00:00,1.0,0.018613724135944296,0,test
2015-11-04 04:00:00,1.1,0.018277638669848155,0,test
2015-11-04 05:00:00,0.900000009999,0.017935406996787848,0,test
2015-11-04 06:00:00,1.19999999,0.01760054645223574,0,test
2015-11-04 07:00:00,2.5,0.017541487103932916,0,test
2015-11-04 08:00:00,3.0,0.017854784538436166,0,test
2015-11-04 09:00:00,7.3,0.017710637176778954,0,test
2015-11-04 10:00:00,8.5,0.018094617249331896,0,test
2015-11-04 11:00:00,9.5999999,0.01804162479961077,0,test
2015-11-04 12:00:00,11.1999998,0.017500281144059007,0,test
2015-11-04 13:00:00,3.06,0.018008920911191384,0,test
2015-11-04 14:00:00,11.1000004,0.017987512316503224,0,test
2015-11-04 15:00:00,4.1,0.017541536155283536,0,test
2015-11-04 16:00:00,1.30000001,0.01768223575945424,0,test
2015-11-04 17:00:00,1.19999999,0.018004729734780782,0,test
2015-11-04 18:00:00,1.20000004,0.018448319519925926,0,test
2015-11-04 19:00:00,1.10000002,0.018842029867081566,0,test
2015-11-04 20:00:00,0.900000009999,0.018967489658753764,0,test
2015-11-04 21:00:00,1.1,0.01879012570595197,0,test
2015-11-04 22:00:00,1.00000003,0.018449548127856895,0,test
2015-11-04 23:00:00,1.10000002,0.018110031771648268,0,test
2015-11-05 00:00:00,0.900000009999,0.01803513150221493,0,test
2015-11-05 01:00:00,1.1,0.017756118724798427,0,test
2015-11-05 02:00:00,1.10000002,0.017626105347202884,0,test
2015-11-05 03:00:00,0.900000009999,0.01741743947350464,0,test
2015-11-05 04:00:00,1.10000002,0.01742396064164632,0,test
2015-11-05 05:00:00,1.1,0.017288025004823383,0,test
2015-11-05 06:00:00,1.10000002,0.017183241283807056,0,test
2015-11-05 07:00:00,3.1,0.017428041865193093,0,test
2015-11-05 08:00:00,3.1,0.018387003350806584,0,test
2015-11-05 09:00:00,8.1999998,0.02014166543049559,0,test
2015-11-05 10:00:00,8.0999999,0.022363009015622635,1,test
2015-11-05 11:00:00,9.6000004,0.024132204271035896,1,test
2015-11-05 12:00:00,10.4000001,0.02503065103834589,1,test
2015-11-05 13:00:00,3.0375,0.02651666745848385,1,test
2015-11-05 14:00:00,11.4000001,0.027132510800932406,1,test
2015-11-05 15:00:00,4.6,0.02795928691375626,1,test
2015-11-05 16:00:00,1.40000003,0.030323490626771858,1,test
2015-11-05 17:00:00,1.20000004,0.03267031052598202,1,test
2015-11-05 18:00:00,1.20000004,0.03489998628546325,1,test
2015-11-05 19:00:00,0.900000009999,0.03684235349244415,1,test
2015-11-05 20:00:00,1.30000001,0.03826664599130751,1,test
2015-11-05 21:00:00,0.900000009999,0.03887986906260255,1,test
2015-11-05 22:00:00,1.10000002,0.038723115780990455,1,test
2015-11-05 23:00:00,1.0,0.03786805826206298,1,test
2015-11-06 00:00:00,0.503448275864,0.0489624111483506,1,test
2015-11-06 01:00:00,0.00689655172391,0.04743460956109811,1,test
2015-11-06 02:00:00,0.00689655172391,0.045633884210898076,1,test
2015-11-06 03:00:00,0.00689655172391,0.044465677195505364,1,test
2015-11-06 04:00:00,0.00689655172391,0.0434132525080748,1,test
2015-11-06 05:00:00,0.00689655172391,0.04240681725638571,1,test
2015-11-06 06:00:00,0.00689655172391,0.04169864340923618,1,test
2015-11-06 07:00:00,0.00689655172391,0.04134722762387497,1,test
2015-11-06 08:00:00,0.00689655172391,0.040974476256871555,1,test
2015-11-06 09:00:00,0.00689655172755,0.03942999826559924,1,test
2015-11-06 10:00:00,0.00689655172391,0.037514377230673086,1,test
2015-11-06 11:00:00,0.00689655172391,0.03533629885100706,1,test
2015-11-06 12:00:00,0.00689655172391,0.03355566719020282,1,test
2015-11-06 13:00:00,0.00689655172391,0.03381449145071566,1,test
2015-11-06 14:00:00,0.00689655172391,0.03326089324780265,1,test
2015-11-06 15:00:00,0.00689655172391,0.03522861882271243,1,test
2015-11-06 16:00:00,0.00689655172391,0.03787377657455503,1,test
2015-11-06 17:00:00,0.00689655172391,0.03866773093376858,1,test
2015-11-06 18:00:00,0.00689655172391,0.03778058996563338,1,test
2015-11-06 19:00:00,0.00689655172391,0.036258066548754596,1,test
2015-11-06 20:00:00,0.00689655172391,0.03447554172646397,1,test
2015-11-06 21:00:00,0.00689655172391,0.03226813056269053,1,test
2015-11-06 22:00:00,0.00689655172391,0.029246501277531405,1,test
2015-11-06 23:00:00,0.00689655172391,0.027315782248632577,1,test
2015-11-07 00:00:00,0.935,0.014072092320568443,0,test
2015-11-07 01:00:00,0.9175,0.014975236307047947,0,test
2015-11-07 02:00:00,0.89,0.015592916641660268,0,test
2015-11-07 03:00:00,0.8975,0.02201489233914444,1,test
2015-11-07 04:00:00,0.9225,0.033968880009582494,1,test
2015-11-07 05:00:00,0.8925,0.034528432723782206,1,test
2015-11-07 06:00:00,0.9475,0.029460683710423333,1,test
2015-11-07 07:00:00,1.045,0.023631531150029216,1,test
2015-11-07 08:00:00,1.04,0.01837479227436083,0,test
2015-11-07 09:00:00,0.865,0.013910922765956676,0,test
2015-11-07 10:00:00,0.8775,0.010429617905510224,0,test
2015-11-07 11:00:00,0.84,0.008081291034783628,0,test
2015-11-07 12:00:00,0.88,0.006871703800071901,0,test
2015-11-07 13:00:00,0.9225,0.00655074890195284,0,test
2015-11-07 14:00:00,0.9,0.006825469437406852,0,test
2015-11-07 15:00:00,0.8975,0.007441286575710734,0,test
2015-11-07 16:00:00,0.9525,0.008205690875193723,0,test
2015-11-07 17:00:00,1.015,0.008855291448678013,0,test
2015-11-07 18:00:00,1.0375,0.009332661117231881,0,test
2015-11-07 19:00:00,0.95,0.009554491541116657,0,test
2015-11-07 20:00:00,0.92,0.009312893443238676,0,test
2015-11-07 21:00:00,0.92,0.008627811107279847,0,test
2015-11-07 22:00:00,0.9275,0.007892581861194561,0,test
2015-11-07 23:00:00,1.005,0.00815651004161583,0,test
2015-11-08 00:00:00,1.0,0.015648768925978097,0,test
2015-11-08 01:00:00,1.0875,0.02020360380029613,0,test
2015-11-08 02:00:00,1.1125,0.01598600621711879,0,test
2015-11-08 03:00:00,1.0425,0.010077542870156019,0,test
2015-11-08 04:00:00,1.095,0.009116275254069934,0,test
2015-11-08 05:00:00,1.135,0.009598212347832915,0,test
2015-11-08 06:00:00,1.2375,0.010446862712444285,0,test
2015-11-08 07:00:00,1.2475,0.010752594512585714,0,test
2015-11-08 08:00:00,1.1875,0.010323732899382402,0,test
2015-11-08 09:00:00,0.9225,0.00975835051596697,0,test
2015-11-08 10:00:00,0.8925,0.009397603230453187,0,test
2015-11-08 11:00:00,0.9025,0.009361020648277,0,test
2015-11-08 12:00:00,0.9075,0.009386169098191902,0,test
2015-11-08 13:00:00,0.9175,0.00927384161449172,0,test
2015-11-08 14:00:00,0.9275,0.009055619520435093,0,test
2015-11-08 15:00:00,0.8475,0.009422141335696648,0,test
2015-11-08 16:00:00,0.8875,0.010649613140051337,0,test
2015-11-08 17:00:00,0.9325,0.009443797374530518,0,test
2015-11-08 18:00:00,0.9625,0.008708920816574298,0,test
2015-11-08 19:00:00,0.91,0.008718069939368557,0,test
2015-11-08 20:00:00,0.9275,0.009149329241328314,0,test
2015-11-08 21:00:00,0.9775,0.008976288059904343,0,test
2015-11-08 22:00:00,1.065,0.008020760315588363,0,test
2015-11-08 23:00:00,1.0825,0.00667716999629274,0,test
2015-11-09 00:00:00,0.60344829586,0.006108423701239136,0,test
2015-11-09 01:00:00,0.903448255864,0.005717171186155915,0,test
2015-11-09 02:00:00,1.5,0.005391747603866928,0,test
2015-11-09 03:00:00,1.59999997,0.004842082615388992,0,test
2015-11-09 04:00:00,1.59999997,0.004907809269305112,0,test
2015-11-09 05:00:00,1.79999996,0.005281383687811825,0,test
2015-11-09 06:00:00,1.60000002,0.005834550150294031,0,test
2015-11-09 07:00:00,1.79999996,0.006538897988579064,0,test
2015-11-09 08:00:00,1.5,0.007064725311850591,0,test
2015-11-09 09:00:00,2.3,0.007430591042522721,0,test
2015-11-09 10:00:00,5.1999998,0.007982450660340113,0,test
2015-11-09 11:00:00,4.9000001,0.008923604312418718,0,test
2015-11-09 12:00:00,5.9000001,0.010193966457307342,0,test
2015-11-09 13:00:00,4.2,0.011355961157540695,0,test
2015-11-09 14:00:00,2.7,0.013338445584460373,0,test
2015-11-09 15:00:00,1.59999997,0.013766093184682469,0,test
2015-11-09 16:00:00,1.10000002,0.01329676752234628,0,test
2015-11-09 17:00:00,1.39999998,0.013540060426288669,0,test
2015-11-09 18:00:00,1.19999999,0.014297666099042136,0,test
2015-11-09 19:00:00,1.10000002,0.01513392214687747,0,test
2015-11-09 20:00:00,1.30000001,0.015689073926013906,0,test
2015-11-09 21:00:00,1.10000002,0.01572420832260836,0,test
2015-11-09 22:00:00,1.0,0.015063874971644969,0,test
2015-11-09 23:00:00,1.20000004,0.013912188770652915,0,test
2015-11-10 00:00:00,1.30000001,0.013538429228596681,0,test
2015-11-10 01:00:00,1.0,0.012913240732218844,0,test
2015-11-10 02:00:00,1.40000003,0.01254445110209884,0,test
2015-11-10 03:00:00,1.10000002,0.012295234891025308,0,test
2015-11-10 04:00:00,1.20000004,0.012395903685718242,0,test
2015-11-10 05:00:00,1.30000001,0.012557291049724114,0,test
2015-11-10 06:00:00,1.20000004,0.012619877051862126,0,test
2015-11-10 07:00:00,1.5,0.012826951991758201,0,test
2015-11-10 08:00:00,3.5,0.013299446734558384,0,test
2015-11-10 09:00:00,7.1,0.013806246690592145,0,test
2015-11-10 10:00:00,7.4000001,0.01459335036959205,0,test
2015-11-10 11:00:00,9.2999997,0.014918722162758613,0,test
2015-11-10 12:00:00,11.8000002,0.0146817123786147,0,test
2015-11-10 13:00:00,4.1925,0.015349120710435043,0,test
2015-11-10 14:00:00,11.8000002,0.015259709601586438,0,test
2015-11-10 15:00:00,5.3000001,0.014279390682504467,0,test
2015-11-10 16:00:00,1.70000002,0.014219577943044232,0,test
2015-11-10 17:00:00,1.69999999,0.014435776905630606,0,test
2015-11-10 18:00:00,1.40000003,0.014631344555767369,0,test
2015-11-10 19:00:00,1.30000001,0.014730801281107153,0,test
2015-11-10 20:00:00,1.30000001,0.014811689483154382,0,test
2015-11-10 21:00:00,1.10000002,0.014787536884926835,0,test
2015-11-10 22:00:00,1.30000001,0.014415864982503458,0,test
2015-11-10 23:00:00,1.40000003,0.01379029019195158,0,test
2015-11-11 00:00:00,1.20000004,0.013577783947026396,0,test
2015-11-11 01:00:00,1.10000002,0.013329523101205037,0,test
2015-11-11 02:00:00,1.39999998,0.01320105447249421,0,test
2015-11-11 03:00:00,1.10000002,0.013136424214383215,0,test
2015-11-11 04:00:00,1.20000004,0.013196181048359528,0,test
2015-11-11 05:00:00,1.20000004,0.013358847987779303,0,test
2015-11-11 06:00:00,1.69999999,0.013678375494221946,0,test
2015-11-11 07:00:00,3.1,0.014249101468313615,0,test
2015-11-11 08:00:00,3.4,0.015109067329076475,0,test
2015-11-11 09:00:00,7.5999999,0.015842166467196234,0,test
2015-11-11 10:00:00,9.5,0.016090096986837346,0,test
2015-11-11 11:00:00,10.0999999,0.015630526299958366,0,test
2015-11-11 12:00:00,11.1999998,0.013814656872135603,0,test
2015-11-11 13:00:00,3.1125,0.014747762989995737,0,test
2015-11-11 14:00:00,9.6999998,0.014435580114362684,0,test
2015-11-11 15:00:00,4.2999999,0.014551747917280262,0,test
2015-11-11 16:00:00,1.19999999,0.014524633465851925,0,test
2015-11-11 17:00:00,1.5,0.014765524567974331,0,test
2015-11-11 18:00:00,1.40000003,0.015198224374591755,0,test
2015-11-11 19:00:00,1.40000003,0.015639419333050793,0,test
2015-11-11 20:00:00,1.10000002,0.01587469230670901,0,test
2015-11-11 21:00:00,1.30000001,0.015849610505739516,0,test
2015-11-11 22:00:00,1.10000002,0.015607232233023082,0,test
2015-11-11 23:00:00,1.39999998,0.015356893100939763,0,test
2015-11-12 00:00:00,1.30000001,0.01553259253938275,0,test
2015-11-12 01:00:00,1.20000004,0.015380838033047899,0,test
2015-11-12 02:00:00,1.19999999,0.015414303902079918,0,test
2015-11-12 03:00:00,1.39999998,0.01550627453382731,0,test
2015-11-12 04:00:00,1.0,0.016000921647912846,0,test
2015-11-12 05:00:00,1.19999999,0.016401272297473995,0,test
2015-11-12 06:00:00,1.30000001,0.016615782590940792,0,test
2015-11-12 07:00:00,3.2,0.016983585035403308,0,test
2015-11-12 08:00:00,3.8,0.017880431581882083,0,test
2015-11-12 09:00:00,6.7999999,0.018401980435859566,0,test
2015-11-12 10:00:00,6.0999998,0.019252349972232297,0,test
2015-11-12 11:00:00,9.5,0.019678643403923807,0,test
2015-11-12 12:00:00,11.5999999,0.018575746365608128,0,test
2015-11-12 13:00:00,3.0275,0.020058748750470423,0,test
2015-11-12 14:00:00,12.0999999,0.018378063036241912,0,test
2015-11-12 15:00:00,4.4000001,0.01675807589696379,0,test
2015-11-12 16:00:00,1.80000002,0.017002190155910844,0,test
2015-11-12 17:00:00,1.40000003,0.017476482019551043,0,test
2015-11-12 18:00:00,1.30000001,0.018019186667263067,0,test
2015-11-12 19:00:00,1.40000003,0.01845942079740601,0,test
2015-11-12 20:00:00,1.30000001,0.01873648767519064,0,test
2015-11-12 21:00:00,1.20000004,0.01886657440136486,0,test
2015-11-12 22:00:00,1.30000001,0.01894896784413594,0,test
2015-11-12 23:00:00,1.19999999,0.01909644182969087,0,test
2015-11-13 00:00:00,1.60000002,0.020034206700546047,0,test
2015-11-13 01:00:00,1.20000004,0.01947922364991595,0,test
2015-11-13 02:00:00,1.1,0.0192396564183022,0,test
2015-11-13 03:00:00,1.19999999,0.019396579389548054,0,test
2015-11-13 04:00:00,1.20000004,0.01969652044878489,0,test
2015-11-13 05:00:00,2.0,0.019323589470336165,0,test
2015-11-13 06:00:00,1.79999996,0.01818008023882138,0,test
2015-11-13 07:00:00,3.5,0.016675952207668304,0,test
2015-11-13 08:00:00,2.8,0.015763730180568883,0,test
2015-11-13 09:00:00,6.2999999,0.015022756914764417,0,test
2015-11-13 10:00:00,6.9999998,0.014771665449435676,0,test
2015-11-13 11:00:00,9.7000003,0.013499769481497705,0,test
2015-11-13 12:00:00,10.9000001,0.010984490329798475,0,test
2015-11-13 13:00:00,2.1675,0.00962213395163451,0,test
2015-11-13 14:00:00,7.11,0.008052204742643678,0,test
2015-11-13 15:00:00,5.4000001,0.007658473587609167,0,test
2015-11-13 16:00:00,2.2,0.00765980311226661,0,test
2015-11-13 17:00:00,1.30000001,0.008114985005728926,0,test
2015-11-13 18:00:00,1.39999998,0.008531928547066947,0,test
2015-11-13 19:00:00,1.20000004,0.00875021358618408,0,test
2015-11-13 20:00:00,1.0,0.008913751522803633,0,test
2015-11-13 21:00:00,1.19999999,0.008947188856504995,0,test
2015-11-13 22:00:00,1.30000001,0.008965756037828052,0,test
2015-11-13 23:00:00,0.900000009999,0.009231550906144281,0,test
2015-11-14 00:00:00,1.59999997,0.009679113377104422,0,test
2015-11-14 01:00:00,1.79999996,0.00960207156641763,0,test
2015-11-14 02:00:00,1.69999999,0.009240963804115987,0,test
2015-11-14 03:00:00,1.59999997,0.00875676406772014,0,test
2015-11-14 04:00:00,1.90000001,0.008292565733466584,0,test
2015-11-14 05:00:00,1.69999999,0.007945588216918561,0,test
2015-11-14 06:00:00,1.89999998,0.0077430586448111625,0,test
2015-11-14 07:00:00,1.79999996,0.0077086552091249995,0,test
2015-11-14 08:00:00,1.5,0.007845353805005718,0,test
2015-11-14 09:00:00,0.900000009999,0.007831601491148392,0,test
2015-11-14 10:00:00,1.39999998,0.007636153444826322,0,test
2015-11-14 11:00:00,0.900000009999,0.0067446879708888486,0,test
2015-11-14 12:00:00,1.40000003,0.005380186614298716,0,test
2015-11-14 13:00:00,1.10000002,0.005809020626795783,0,test
2015-11-14 14:00:00,1.19999999,0.00564340417449025,0,test
2015-11-14 15:00:00,1.00000003,0.005678424968057299,0,test
2015-11-14 16:00:00,1.30000001,0.00604406519726787,0,test
2015-11-14 17:00:00,1.10000002,0.006577009026556023,0,test
2015-11-14 18:00:00,1.40000003,0.00707149887776998,0,test
2015-11-14 19:00:00,1.10000002,0.007505209650322561,0,test
2015-11-14 20:00:00,1.40000003,0.007958219390853833,0,test
2015-11-14 21:00:00,1.0,0.008207237638970315,0,test
2015-11-14 22:00:00,1.10000002,0.008357258212060445,0,test
2015-11-14 23:00:00,1.30000001,0.008822656464580742,0,test
2015-11-15 00:00:00,1.10000002,0.016017489128406993,0,test
2015-11-15 01:00:00,1.19999999,0.022507992731007696,1,test
2015-11-15 02:00:00,1.19999999,0.02324974877821498,1,test
2015-11-15 03:00:00,1.0,0.01300896026157714,0,test
2015-11-15 04:00:00,1.5,0.010572083587000236,0,test
2015-11-15 05:00:00,1.69999999,0.010689403177453847,0,test
2015-11-15 06:00:00,2.0,0.010956841246937212,0,test
2015-11-15 07:00:00,1.60000002,0.010613977639125628,0,test
2015-11-15 08:00:00,1.60000002,0.009746478352786875,0,test
2015-11-15 09:00:00,1.0,0.009680618571462088,0,test
2015-11-15 10:00:00,1.10000002,0.010397675936260264,0,test
2015-11-15 11:00:00,1.20000004,0.01151071490637654,0,test
2015-11-15 12:00:00,1.30000001,0.012726096763209665,0,test
2015-11-15 13:00:00,1.20000004,0.014079460742946337,0,test
2015-11-15 14:00:00,1.30000001,0.015001919868433045,0,test
2015-11-15 15:00:00,1.0,0.016276287250878346,0,test
2015-11-15 16:00:00,1.30000001,0.013538695370235769,0,test
2015-11-15 17:00:00,1.19999999,0.0124487248699096,0,test
2015-11-15 18:00:00,1.30000001,0.011843682684891674,0,test
2015-11-15 19:00:00,1.0,0.011856609196906847,0,test
2015-11-15 20:00:00,1.39999998,0.012432849222792681,0,test
2015-11-15 21:00:00,1.10000002,0.012187045598777799,0,test
2015-11-15 22:00:00,1.20000004,0.010850891396252749,0,test
2015-11-15 23:00:00,1.19999999,0.008586341127656574,0,test
2015-11-16 00:00:00,1.30000001,0.008504639083046042,0,test
2015-11-16 01:00:00,1.20000004,0.008592314038325164,0,test
2015-11-16 02:00:00,1.10000002,0.00874157958544829,0,test
2015-11-16 03:00:00,1.10000002,0.008711714824316137,0,test
2015-11-16 04:00:00,1.40000003,0.008552506760448565,0,test
2015-11-16 05:00:00,1.19999999,0.008408723794953393,0,test
2015-11-16 06:00:00,2.09999998,0.008085154639026673,0,test
2015-11-16 07:00:00,2.7,0.00795393542369265,0,test
2015-11-16 08:00:00,3.2,0.008293759047343937,0,test
2015-11-16 09:00:00,8.6999998,0.009202094227531973,0,test
2015-11-16 10:00:00,9.1999998,0.009747112746046454,0,test
2015-11-16 11:00:00,9.9000001,0.010133972889957554,0,test
2015-11-16 12:00:00,11.5999999,0.008673009867495142,0,test
2015-11-16 13:00:00,4.5,0.007402708893979237,0,test
2015-11-16 14:00:00,5.215,0.009265691258340798,0,test
2015-11-16 15:00:00,5.2999999,0.01038856478453108,0,test
2015-11-16 16:00:00,2.6,0.010093712730527796,0,test
2015-11-16 17:00:00,1.39999998,0.00988388458530678,0,test
2015-11-16 18:00:00,1.30000001,0.009908082620321577,0,test
2015-11-16 19:00:00,1.10000002,0.010081570998655424,0,test
2015-11-16 20:00:00,1.40000003,0.010291151226328746,0,test
2015-11-16 21:00:00,1.10000002,0.010357410609903557,0,test
2015-11-16 22:00:00,1.10000002,0.0101867622245136,0,test
2015-11-16 23:00:00,1.30000001,0.009926636510441561,0,test
2015-11-17 00:00:00,1.19999999,0.009933766505567928,0,test
2015-11-17 01:00:00,1.0,0.009866909985260342,0,test
2015-11-17 02:00:00,1.40000003,0.009970566172461776,0,test
2015-11-17 03:00:00,1.0,0.010034848689185421,0,test
2015-11-17 04:00:00,1.10000002,0.010168018985352963,0,test
2015-11-17 05:00:00,1.30000001,0.010499607702053923,0,test
2015-11-17 06:00:00,1.30000001,0.01065145796688884,0,test
2015-11-17 07:00:00,1.5,0.010772270063890128,0,test
2015-11-17 08:00:00,3.7999999,0.011217102394058953,0,test
2015-11-17 09:00:00,7.7999999,0.011845526073255532,0,test
2015-11-17 10:00:00,8.2999999,0.01238636006146888,0,test
2015-11-17 11:00:00,11.2999997,0.01184362877209843,0,test
2015-11-17 12:00:00,8.5775,0.009940244734885273,0,test
2015-11-17 13:00:00,4.17,0.011111578629664037,0,test
2015-11-17 14:00:00,12.0999999,0.010137696471238597,0,test
2015-11-17 15:00:00,4.1,0.008537831346351216,0,test
2015-11-17 16:00:00,2.6,0.0085320835933286,0,test
2015-11-17 17:00:00,1.39999998,0.008575922137825457,0,test
2015-11-17 18:00:00,1.19999999,0.008701126879014512,0,test
2015-11-17 19:00:00,1.39999998,0.008743930848022325,0,test
2015-11-17 20:00:00,1.40000003,0.008642330143126552,0,test
2015-11-17 21:00:00,1.20000004,0.008397799514669404,0,test
2015-11-17 22:00:00,1.19999999,0.008084013591691823,0,test
2015-11-17 23:00:00,1.40000003,0.007824557912926444,0,test
2015-11-18 00:00:00,1.19999999,0.007902665509727631,0,test
2015-11-18 01:00:00,1.20000004,0.007912273246895302,0,test
2015-11-18 02:00:00,1.5,0.008103658173629673,0,test
2015-11-18 03:00:00,1.10000002,0.00823278686224757,0,test
2015-11-18 04:00:00,1.1,0.008233376733961186,0,test
2015-11-18 05:00:00,1.19999999,0.008201022266874329,0,test
2015-11-18 06:00:00,1.40000003,0.00814073708347469,0,test
2015-11-18 07:00:00,1.69999999,0.00822692255695269,0,test
2015-11-18 08:00:00,4.2,0.008700662889155709,0,test
2015-11-18 09:00:00,8.2000001,0.009182307908535626,0,test
2015-11-18 10:00:00,6.1000001,0.009442098230346245,0,test
2015-11-18 11:00:00,9.7999997,0.008901929590207028,0,test
2015-11-18 12:00:00,9.3275,0.008224485056576867,0,test
2015-11-18 13:00:00,3.2725,0.00957605464527324,0,test
2015-11-18 14:00:00,6.6675,0.009027309624116511,0,test
2015-11-18 15:00:00,4.4999999,0.008999308501164894,0,test
2015-11-18 16:00:00,1.89999999,0.009029870787214726,0,test
2015-11-18 17:00:00,1.60000002,0.009097679937653919,0,test
2015-11-18 18:00:00,1.5,0.00923467712416277,0,test
2015-11-18 19:00:00,1.39999998,0.009352718377607993,0,test
2015-11-18 20:00:00,1.5,0.009299051254916266,0,test
2015-11-18 21:00:00,1.30000001,0.009068062774156272,0,test
2015-11-18 22:00:00,1.20000004,0.008811447849925493,0,test
2015-11-18 23:00:00,1.40000003,0.008766361414860665,0,test
2015-11-19 00:00:00,1.20000004,0.00892737029161335,0,test
2015-11-19 01:00:00,1.20000004,0.00892997827393969,0,test
2015-11-19 02:00:00,1.30000001,0.009449543391253628,0,test
2015-11-19 03:00:00,1.40000003,0.010246832930072124,0,test
2015-11-19 04:00:00,1.1,0.010790936275531826,0,test
2015-11-19 05:00:00,1.40000003,0.010811143360306067,0,test
2015-11-19 06:00:00,1.30000001,0.010360777277017846,0,test
2015-11-19 07:00:00,1.60000002,0.009882673164223236,0,test
2015-11-19 08:00:00,4.1999998,0.01001966308728438,0,test
2015-11-19 09:00:00,8.3999996,0.010766773611795618,0,test
2015-11-19 10:00:00,9.5,0.011748100399326007,0,test
2015-11-19 11:00:00,9.5999999,0.011711156912374829,0,test
2015-11-19 12:00:00,12.2999997,0.01046341927726259,0,test
2015-11-19 13:00:00,3.655,0.010844886674099238,0,test
2015-11-19 14:00:00,7.385,0.011297573506942167,0,test
2015-11-19 15:00:00,5.7000001,0.012237759734479088,0,test
2015-11-19 16:00:00,2.8,0.01224736430018965,0,test
2015-11-19 17:00:00,1.5,0.012396681358105153,0,test
2015-11-19 18:00:00,1.39999998,0.012612980886542502,0,test
2015-11-19 19:00:00,1.20000004,0.012870161120797738,0,test
2015-11-19 20:00:00,1.30000001,0.013129318741554173,0,test
2015-11-19 21:00:00,1.40000003,0.01339229072919033,0,test
2015-11-19 22:00:00,1.20000004,0.013704321469242432,0,test
2015-11-19 23:00:00,1.30000001,0.014141294053711614,0,test
2015-11-20 00:00:00,1.20000004,0.015414960818851936,0,test
2015-11-20 01:00:00,1.30000001,0.014749576545669099,0,test
2015-11-20 02:00:00,1.39999998,0.015166152175366541,0,test
2015-11-20 03:00:00,1.20000004,0.01650489095576382,0,test
2015-11-20 04:00:00,1.10000002,0.017751964020045165,0,test
2015-11-20 05:00:00,1.39999998,0.018183117130125704,0,test
2015-11-20 06:00:00,1.40000003,0.017712686113326614,0,test
2015-11-20 07:00:00,1.59999997,0.01704394764557248,0,test
2015-11-20 08:00:00,3.5,0.01694490180833462,0,test
2015-11-20 09:00:00,8.5,0.016354103235394008,0,test
2015-11-20 10:00:00,8.0,0.01579718394225052,0,test
2015-11-20 11:00:00,11.2000003,0.014002434371849283,0,test
2015-11-20 12:00:00,6.7775,0.010561560271392578,0,test
2015-11-20 13:00:00,2.235,0.011147864318346213,0,test
2015-11-20 14:00:00,11.4000001,0.010095192704228702,0,test
2015-11-20 15:00:00,3.1,0.00867920657169743,0,test
2015-11-20 16:00:00,1.79999999,0.008955272569628386,0,test
2015-11-20 17:00:00,1.19999999,0.009337731795052723,0,test
2015-11-20 18:00:00,1.10000002,0.009693148481956603,0,test
2015-11-20 19:00:00,0.900000009999,0.009801830038322324,0,test
2015-11-20 20:00:00,1.19999999,0.009918903904189614,0,test
2015-11-20 21:00:00,1.0,0.01006819351272517,0,test
2015-11-20 22:00:00,1.00000003,0.010241767100810364,0,test
2015-11-20 23:00:00,0.900000009999,0.01057172747763372,0,test
2015-11-21 00:00:00,1.39999998,0.010865353381787539,0,test
2015-11-21 01:00:00,0.700000019999,0.01070698148881044,0,test
2015-11-21 02:00:00,1.10000002,0.010229697114330185,0,test
2015-11-21 03:00:00,1.0,0.009702747336809654,0,test
2015-11-21 04:00:00,1.0,0.00920499278385021,0,test
2015-11-21 05:00:00,1.0,0.008832979110780884,0,test
2015-11-21 06:00:00,1.0,0.00864472325231421,0,test
2015-11-21 07:00:00,1.10000002,0.008653173143683803,0,test
2015-11-21 08:00:00,1.19999999,0.008744912269347946,0,test
2015-11-21 09:00:00,1.0,0.008325385295205965,0,test
2015-11-21 10:00:00,1.20000004,0.007878875690569706,0,test
2015-11-21 11:00:00,0.800000019997,0.006627296509766772,0,test
2015-11-21 12:00:00,1.10000002,0.006368676472889732,0,test
2015-11-21 13:00:00,1.19999999,0.006771690312312947,0,test
2015-11-21 14:00:00,1.00000003,0.00561330097323416,0,test
2015-11-21 15:00:00,0.800000019997,0.006028176753921824,0,test
2015-11-21 16:00:00,1.19999999,0.006546291047052151,0,test
2015-11-21 17:00:00,1.0,0.007139560658913326,0,test
2015-11-21 18:00:00,1.0,0.00765577563479346,0,test
2015-11-21 19:00:00,0.90000003,0.00823530974948017,0,test
2015-11-21 20:00:00,0.900000009999,0.008818163806228912,0,test
2015-11-21 21:00:00,1.10000002,0.009194049362986158,0,test
2015-11-21 22:00:00,1.00000003,0.009422171657981083,0,test
2015-11-21 23:00:00,1.69999999,0.009925252826746446,0,test
2015-11-22 00:00:00,1.39999998,0.017002270249503685,0,test
2015-11-22 01:00:00,1.69999999,0.02345674750143951,1,test
2015-11-22 02:00:00,1.60000002,0.024840610476715524,1,test
2015-11-22 03:00:00,1.5,0.013912175318783943,0,test
2015-11-22 04:00:00,1.60000002,0.010721862311670414,0,test
2015-11-22 05:00:00,1.69999999,0.010587975044340111,0,test
2015-11-22 06:00:00,1.5,0.010795649119633046,0,test
2015-11-22 07:00:00,1.89999998,0.010457560620846929,0,test
2015-11-22 08:00:00,1.40000003,0.009518606887152874,0,test
2015-11-22 09:00:00,1.1,0.009109062167974734,0,test
2015-11-22 10:00:00,1.0,0.009513414156648595,0,test
2015-11-22 11:00:00,0.900000009999,0.01037009333791719,0,test
2015-11-22 12:00:00,1.0,0.011618567446493606,0,test
2015-11-22 13:00:00,1.00000003,0.012448697130639199,0,test
2015-11-22 14:00:00,1.10000002,0.013123146688027637,0,test
2015-11-22 15:00:00,0.900000009999,0.014103464446065223,0,test
2015-11-22 16:00:00,0.900000009999,0.012064462831885376,0,test
2015-11-22 17:00:00,1.10000002,0.011335929344657922,0,test
2015-11-22 18:00:00,1.10000002,0.010930963440015538,0,test
2015-11-22 19:00:00,1.10000002,0.010869096851496729,0,test
2015-11-22 20:00:00,1.20000002,0.011342468868032233,0,test
2015-11-22 21:00:00,1.60000002,0.011258270257482102,0,test
2015-11-22 22:00:00,1.60000002,0.01014133594869757,0,test
2015-11-22 23:00:00,1.59999997,0.008030515054571535,0,test
2015-11-23 00:00:00,1.40000003,0.007830039674574494,0,test
2015-11-23 01:00:00,1.69999999,0.007742087431023012,0,test
2015-11-23 02:00:00,1.39999998,0.007845361982913449,0,test
2015-11-23 03:00:00,1.59999997,0.00793800827803875,0,test
2015-11-23 04:00:00,1.5,0.007910031624221544,0,test
2015-11-23 05:00:00,1.80000001,0.00795899141590426,0,test
2015-11-23 06:00:00,1.59999997,0.007927162494707264,0,test
2015-11-23 07:00:00,2.0,0.007984181238216984,0,test
2015-11-23 08:00:00,3.2,0.00848649616872001,0,test
2015-11-23 09:00:00,5.5999999,0.009357145002429753,0,test
2015-11-23 10:00:00,6.1999998,0.010218603020978656,0,test
2015-11-23 11:00:00,10.3999996,0.010597694145320294,0,test
2015-11-23 12:00:00,10.5,0.008014445975663581,0,test
2015-11-23 13:00:00,4.71,0.007201220642518454,0,test
2015-11-23 14:00:00,5.3,0.009218147206237468,0,test
2015-11-23 15:00:00,7.4999998,0.01045467136169088,0,test
2015-11-23 16:00:00,2.60000001,0.009926204889374417,0,test
2015-11-23 17:00:00,1.80000001,0.009675457102121419,0,test
2015-11-23 18:00:00,1.10000002,0.009605329590710046,0,test
2015-11-23 19:00:00,1.10000002,0.009709020939782067,0,test
2015-11-23 20:00:00,1.19999999,0.009856053798025247,0,test
2015-11-23 21:00:00,1.20000004,0.009932228211353252,0,test
2015-11-23 22:00:00,1.20000004,0.00979982547836571,0,test
2015-11-23 23:00:00,1.19999999,0.009573436056671237,0,test
2015-11-24 00:00:00,1.00000003,0.009554884730052206,0,test
2015-11-24 01:00:00,1.30000001,0.009495577291095226,0,test
2015-11-24 02:00:00,1.10000002,0.009611865626210974,0,test
2015-11-24 03:00:00,1.30000001,0.009649831754252375,0,test
2015-11-24 04:00:00,1.69999999,0.009901215984117839,0,test
2015-11-24 05:00:00,2.0,0.010428083822873139,0,test
2015-11-24 06:00:00,2.0,0.010681805716170861,0,test
2015-11-24 07:00:00,3.9,0.010931191397828851,0,test
2015-11-24 08:00:00,4.2,0.011686888334302177,0,test
2015-11-24 09:00:00,7.7999999,0.01279901714780021,0,test
2015-11-24 10:00:00,8.9000001,0.013341289887481537,0,test
2015-11-24 11:00:00,11.1999998,0.012353310736726793,0,test
2015-11-24 12:00:00,10.4325,0.011396813016635976,0,test
2015-11-24 13:00:00,4.825,0.012411932671778696,0,test
2015-11-24 14:00:00,12.0999999,0.0110771675238903,0,test
2015-11-24 15:00:00,4.7000001,0.00941099807063342,0,test
2015-11-24 16:00:00,1.59999997,0.009249509919677608,0,test
2015-11-24 17:00:00,1.60000002,0.009264902268917671,0,test
2015-11-24 18:00:00,1.19999999,0.009352151503555759,0,test
2015-11-24 19:00:00,1.30000001,0.009326199283956402,0,test
2015-11-24 20:00:00,1.10000002,0.00906500151968876,0,test
2015-11-24 21:00:00,1.39999998,0.008696702250569083,0,test
2015-11-24 22:00:00,1.20000004,0.00834731555775089,0,test
2015-11-24 23:00:00,1.19999999,0.00811941763945303,0,test
2015-11-25 00:00:00,1.10000002,0.008144366426472142,0,test
2015-11-25 01:00:00,1.39999998,0.008158098048523164,0,test
2015-11-25 02:00:00,1.00000003,0.00839416181410346,0,test
2015-11-25 03:00:00,1.10000002,0.008516711568523619,0,test
2015-11-25 04:00:00,1.30000001,0.00846874015826898,0,test
2015-11-25 05:00:00,1.20000004,0.008404314330060503,0,test
2015-11-25 06:00:00,1.30000001,0.008316930520020728,0,test
2015-11-25 07:00:00,3.3,0.00846441111033313,0,test
2015-11-25 08:00:00,4.6999998,0.009022009820011728,0,test
2015-11-25 09:00:00,8.3999998,0.00972421077334593,0,test
2015-11-25 10:00:00,7.0000002,0.010738164744810978,0,test
2015-11-25 11:00:00,10.5999999,0.010421261551067857,0,test
2015-11-25 12:00:00,11.8000002,0.009389375992347513,0,test
2015-11-25 13:00:00,3.7125,0.00918371362323904,0,test
2015-11-25 14:00:00,6.8,0.008438206340246295,0,test
2015-11-25 15:00:00,4.2999999,0.008302505914540176,0,test
2015-11-25 16:00:00,1.79999999,0.008219281289924059,0,test
2015-11-25 17:00:00,1.39999998,0.00828253436399508,0,test
2015-11-25 18:00:00,1.40000003,0.008454882222777575,0,test
2015-11-25 19:00:00,1.30000001,0.008637069569525719,0,test
2015-11-25 20:00:00,1.30000001,0.008668940672117105,0,test
2015-11-25 21:00:00,1.10000002,0.008565044324111815,0,test
2015-11-25 22:00:00,1.19999999,0.008458772728437763,0,test
2015-11-25 23:00:00,1.30000001,0.008555100763893991,0,test
2015-11-26 00:00:00,1.39999998,0.008792717657865585,0,test
2015-11-26 01:00:00,1.0,0.008598890358616646,0,test
2015-11-26 02:00:00,1.30000001,0.008705643647974359,0,test
2015-11-26 03:00:00,1.20000004,0.009247506698056063,0,test
2015-11-26 04:00:00,1.20000004,0.009694303208751436,0,test
2015-11-26 05:00:00,1.20000004,0.009538024966166297,0,test
2015-11-26 06:00:00,1.30000001,0.009007337811309066,0,test
2015-11-26 07:00:00,3.1,0.008689111404620696,0,test
2015-11-26 08:00:00,4.9999999,0.009146501926481077,0,test
2015-11-26 09:00:00,9.1999998,0.009446941219086203,0,test
2015-11-26 10:00:00,7.0,0.009423308536284666,0,test
2015-11-26 11:00:00,6.0999999,0.00959668038287577,0,test
2015-11-26 12:00:00,9.815,0.007615662391760972,0,test
2015-11-26 13:00:00,3.53,0.008547960507794066,0,test
2015-11-26 14:00:00,7.3575,0.010639038218754924,0,test
2015-11-26 15:00:00,5.2,0.011382994292013771,0,test
2015-11-26 16:00:00,2.7,0.01161324726256358,0,test
2015-11-26 17:00:00,1.40000003,0.01179048076064925,0,test
2015-11-26 18:00:00,1.30000001,0.011976306354640157,0,test
2015-11-26 19:00:00,1.39999998,0.012173388409790096,0,test
2015-11-26 20:00:00,1.20000004,0.01239315810389579,0,test
2015-11-26 21:00:00,1.10000002,0.01263305734967604,0,test
2015-11-26 22:00:00,1.30000001,0.01292393819079102,0,test
2015-11-26 23:00:00,1.39999998,0.013349153070968813,0,test
2015-11-27 00:00:00,1.0,0.014707435648978499,0,test
2015-11-27 01:00:00,1.10000002,0.014048135396681195,0,test
2015-11-27 02:00:00,1.30000001,0.014255513360523405,0,test
2015-11-27 03:00:00,1.10000002,0.015459522342395294,0,test
2015-11-27 04:00:00,1.40000003,0.01672174315778554,0,test
2015-11-27 05:00:00,1.30000001,0.017227228586344304,0,test
2015-11-27 06:00:00,1.30000001,0.016845606436669183,0,test
2015-11-27 07:00:00,3.1,0.016036987288914832,0,test
2015-11-27 08:00:00,3.4,0.015801927715219106,0,test
2015-11-27 09:00:00,8.0999999,0.014601738875764565,0,test
2015-11-27 10:00:00,9.6000001,0.013810186978737532,0,test
2015-11-27 11:00:00,7.7675,0.011955634070999923,0,test
2015-11-27 12:00:00,6.7025,0.010670573704082139,0,test
2015-11-27 13:00:00,2.1975,0.011698483538791729,0,test
2015-11-27 14:00:00,11.9000001,0.009781592460825718,0,test
2015-11-27 15:00:00,6.3000001,0.008656479851879931,0,test
2015-11-27 16:00:00,3.0999999,0.008846190914407965,0,test
2015-11-27 17:00:00,1.40000003,0.009380589090418034,0,test
2015-11-27 18:00:00,1.10000002,0.009983109945735374,0,test
2015-11-27 19:00:00,1.19999999,0.01008578742814146,0,test
2015-11-27 20:00:00,1.0,0.010143356262813246,0,test
2015-11-27 21:00:00,0.800000019997,0.010102621114678413,0,test
2015-11-27 22:00:00,1.10000002,0.01007607865669459,0,test
2015-11-27 23:00:00,1.00000003,0.01031234456118131,0,test
2015-11-28 00:00:00,1.29999999,0.010677511203371542,0,test
2015-11-28 01:00:00,1.0,0.010539717374456947,0,test
2015-11-28 02:00:00,1.00000003,0.010090434436047036,0,test
2015-11-28 03:00:00,0.80000001,0.009530907086027602,0,test
2015-11-28 04:00:00,1.10000002,0.009002506122748579,0,test
2015-11-28 05:00:00,1.0,0.00860622604235568,0,test
2015-11-28 06:00:00,1.00000003,0.008369833869439106,0,test
2015-11-28 07:00:00,1.19999999,0.008313661222615473,0,test
2015-11-28 08:00:00,1.10000002,0.008325591910859829,0,test
2015-11-28 09:00:00,1.00000003,0.007840344273620833,0,test
2015-11-28 10:00:00,0.800000019997,0.007128824210310876,0,test
2015-11-28 11:00:00,1.00000003,0.006892436532474437,0,test
2015-11-28 12:00:00,1.00000003,0.006874464335508406,0,test
2015-11-28 13:00:00,0.900000009999,0.007477117053603985,0,test
2015-11-28 14:00:00,0.900000009999,0.006162761573778874,0,test
2015-11-28 15:00:00,1.0,0.006274171799738496,0,test
2015-11-28 16:00:00,1.30000001,0.00678219119887857,0,test
2015-11-28 17:00:00,1.79999996,0.00740871250837123,0,test
2015-11-28 18:00:00,1.60000002,0.007953862431223256,0,test
2015-11-28 19:00:00,1.59999997,0.008608474161642569,0,test
2015-11-28 20:00:00,1.5,0.009250664685919183,0,test
2015-11-28 21:00:00,1.5,0.00968406621948522,0,test
2015-11-28 22:00:00,1.60000002,0.00998919662794407,0,test
2015-11-28 23:00:00,1.39999998,0.010528755392532287,0,test
2015-11-29 00:00:00,1.69999999,0.01758578143006474,0,test
2015-11-29 01:00:00,1.39999998,0.02408958828422182,1,test
2015-11-29 02:00:00,1.59999997,0.025749924873981152,1,test
2015-11-29 03:00:00,1.5,0.014431880726652682,0,test
2015-11-29 04:00:00,1.60000002,0.010961783392746319,0,test
2015-11-29 05:00:00,1.59999997,0.010662527192549537,0,test
2015-11-29 06:00:00,1.79999996,0.010806027143225493,0,test
2015-11-29 07:00:00,1.69999999,0.01041850196918736,0,test
2015-11-29 08:00:00,1.89999998,0.009585966811359226,0,test
2015-11-29 09:00:00,0.900000009999,0.009556243597367975,0,test
2015-11-29 10:00:00,0.900000009999,0.010340982004400074,0,test
2015-11-29 11:00:00,1.00000003,0.011552833279630135,0,test
2015-11-29 12:00:00,1.0,0.012554172294673174,0,test
2015-11-29 13:00:00,1.0,0.01313741686664929,0,test
2015-11-29 14:00:00,0.900000009999,0.013977383929942772,0,test
2015-11-29 15:00:00,0.800000019997,0.014118445704416928,0,test
2015-11-29 16:00:00,1.0,0.012404789067518624,0,test
2015-11-29 17:00:00,1.00000003,0.011726262133060005,0,test
2015-11-29 18:00:00,0.900000009999,0.011287841512765157,0,test
2015-11-29 19:00:00,1.10000002,0.011113934019145294,0,test
2015-11-29 20:00:00,1.5,0.011537564962886986,0,test
2015-11-29 21:00:00,1.5,0.01139923388164861,0,test
2015-11-29 22:00:00,1.69999999,0.0102417823677442,0,test
